[0.001s][warning][os] NUMA support disabled: Failed to initialize libnuma
Apr 04, 2026 1:50:09 AM io.helidon.common.features.HelidonFeatures features
INFO: Helidon SE 4.4.0 features: [Config, Encoding, Media, Registry, WebServer]
Apr 04, 2026 1:50:09 AM io.helidon.webserver.ServerListener startIt
INFO: [0x3b034bfe] http://0.0.0.0:8080 bound for socket '@default'
There is no Helidon logging implementation on classpath, skipping log configuration.
Apr 04, 2026 1:50:09 AM io.helidon.webserver.LoomServer startIt
INFO: Started all channels in 16 milliseconds. 1440 milliseconds since JVM startup. Java 25.0.2+10-LTS
Helidon HttpArena server started on port 8080
Apr 04, 2026 1:50:15 AM io.helidon.common.socket.SocketContext log
WARNING: [0x3b034bfe 0x65a7c4af] Request failed: HttpPrologue[protocol=HTTP, protocolVersion=1.1, method=GET, uriPath=/pipeline, query=, fragment=], cannot send error response, as response already sent
io.helidon.http.RequestException: java.io.IOException: Connection reset by peer
	at io.helidon.http.RequestException$Builder.build(RequestException.java:157)
	at io.helidon.webserver.http.ErrorHandlers.unhandledError(ErrorHandlers.java:205)
	at io.helidon.webserver.http.ErrorHandlers.lambda$handleError$1(ErrorHandlers.java:180)
	at java.base/java.util.Optional.ifPresentOrElse(Unknown Source)
	at io.helidon.webserver.http.ErrorHandlers.handleError(ErrorHandlers.java:179)
	at io.helidon.webserver.http.ErrorHandlers.runWithErrorHandling(ErrorHandlers.java:113)
	at io.helidon.webserver.http.Filters.filter(Filters.java:83)
	at io.helidon.webserver.http.HttpRoutingImpl.route(HttpRoutingImpl.java:74)
	at io.helidon.webserver.http1.Http1Connection.route(Http1Connection.java:548)
	at io.helidon.webserver.http1.Http1Connection.handle(Http1Connection.java:216)
	at io.helidon.webserver.ConnectionHandler.run(ConnectionHandler.java:185)
	at io.helidon.common.task.InterruptableTask.call(InterruptableTask.java:47)
	at io.helidon.webserver.ThreadPerTaskExecutor$ThreadBoundFuture.run(ThreadPerTaskExecutor.java:241)
	at java.base/java.lang.VirtualThread.run(Unknown Source)
Caused by: java.io.UncheckedIOException: java.io.IOException: Connection reset by peer
	at io.helidon.common.socket.NioSocket.write(NioSocket.java:150)
	at io.helidon.common.socket.SocketWriter.writeNow(SocketWriter.java:81)
	at io.helidon.common.socket.SocketWriterDirect.write(SocketWriterDirect.java:43)
	at io.helidon.webserver.http1.Http1ServerResponse.send(Http1ServerResponse.java:217)
	at io.helidon.webserver.http1.Http1ServerResponse.send(Http1ServerResponse.java:196)
	at io.helidon.webserver.http.ServerResponseBase.doSend(ServerResponseBase.java:314)
	at io.helidon.webserver.http.ServerResponseBase.send(ServerResponseBase.java:128)
	at com.httparena.Main.pipeline(Main.java:82)
	at io.helidon.webserver.http.HttpRoutingImpl$RoutingExecutor.doRoute(HttpRoutingImpl.java:174)
	at io.helidon.webserver.http.HttpRoutingImpl$RoutingExecutor.call(HttpRoutingImpl.java:132)
	at io.helidon.webserver.http.HttpRoutingImpl$RoutingExecutor.call(HttpRoutingImpl.java:110)
	at io.helidon.webserver.http.ErrorHandlers.runWithErrorHandling(ErrorHandlers.java:76)
	... 8 more
Caused by: java.io.IOException: Connection reset by peer
	at java.base/sun.nio.ch.SocketDispatcher.write0(Native Method)
	at java.base/sun.nio.ch.SocketDispatcher.write(Unknown Source)
	at java.base/sun.nio.ch.IOUtil.writeFromNativeBuffer(Unknown Source)
	at java.base/sun.nio.ch.IOUtil.write(Unknown Source)
	at java.base/sun.nio.ch.IOUtil.write(Unknown Source)
	at java.base/sun.nio.ch.SocketChannelImpl.implWrite(Unknown Source)
	at java.base/sun.nio.ch.SocketChannelImpl.write(Unknown Source)
	at io.helidon.common.socket.NioSocket.write(NioSocket.java:147)
	... 19 more

Apr 04, 2026 1:50:15 AM io.helidon.common.socket.SocketContext log
WARNING: [0x3b034bfe 0x5cb42a88] Request failed: HttpPrologue[protocol=HTTP, protocolVersion=1.1, method=GET, uriPath=/pipeline, query=, fragment=], cannot send error response, as response already sent
io.helidon.http.RequestException: java.io.IOException: Connection reset by peer
	at io.helidon.http.RequestException$Builder.build(RequestException.java:157)
	at io.helidon.webserver.http.ErrorHandlers.unhandledError(ErrorHandlers.java:205)
	at io.helidon.webserver.http.ErrorHandlers.lambda$handleError$1(ErrorHandlers.java:180)
	at java.base/java.util.Optional.ifPresentOrElse(Unknown Source)
	at io.helidon.webserver.http.ErrorHandlers.handleError(ErrorHandlers.java:179)
	at io.helidon.webserver.http.ErrorHandlers.runWithErrorHandling(ErrorHandlers.java:113)
	at io.helidon.webserver.http.Filters.filter(Filters.java:83)
	at io.helidon.webserver.http.HttpRoutingImpl.route(HttpRoutingImpl.java:74)
	at io.helidon.webserver.http1.Http1Connection.route(Http1Connection.java:548)
	at io.helidon.webserver.http1.Http1Connection.handle(Http1Connection.java:216)
	at io.helidon.webserver.ConnectionHandler.run(ConnectionHandler.java:185)
	at io.helidon.common.task.InterruptableTask.call(InterruptableTask.java:47)
	at io.helidon.webserver.ThreadPerTaskExecutor$ThreadBoundFuture.run(ThreadPerTaskExecutor.java:241)
	at java.base/java.lang.VirtualThread.run(Unknown Source)
Caused by: java.io.UncheckedIOException: java.io.IOException: Connection reset by peer
	at io.helidon.common.socket.NioSocket.write(NioSocket.java:150)
	at io.helidon.common.socket.SocketWriter.writeNow(SocketWriter.java:81)
	at io.helidon.common.socket.SocketWriterDirect.write(SocketWriterDirect.java:43)
	at io.helidon.webserver.http1.Http1ServerResponse.send(Http1ServerResponse.java:217)
	at io.helidon.webserver.http1.Http1ServerResponse.send(Http1ServerResponse.java:196)
	at io.helidon.webserver.http.ServerResponseBase.doSend(ServerResponseBase.java:314)
	at io.helidon.webserver.http.ServerResponseBase.send(ServerResponseBase.java:128)
	at com.httparena.Main.pipeline(Main.java:82)
	at io.helidon.webserver.http.HttpRoutingImpl$RoutingExecutor.doRoute(HttpRoutingImpl.java:174)
	at io.helidon.webserver.http.HttpRoutingImpl$RoutingExecutor.call(HttpRoutingImpl.java:132)
	at io.helidon.webserver.http.HttpRoutingImpl$RoutingExecutor.call(HttpRoutingImpl.java:110)
	at io.helidon.webserver.http.ErrorHandlers.runWithErrorHandling(ErrorHandlers.java:76)
	... 8 more
Caused by: java.io.IOException: Connection reset by peer
	at java.base/sun.nio.ch.SocketDispatcher.write0(Native Method)
	at java.base/sun.nio.ch.SocketDispatcher.write(Unknown Source)
	at java.base/sun.nio.ch.IOUtil.writeFromNativeBuffer(Unknown Source)
	at java.base/sun.nio.ch.IOUtil.write(Unknown Source)
	at java.base/sun.nio.ch.IOUtil.write(Unknown Source)
	at java.base/sun.nio.ch.SocketChannelImpl.implWrite(Unknown Source)
	at java.base/sun.nio.ch.SocketChannelImpl.write(Unknown Source)
	at io.helidon.common.socket.NioSocket.write(NioSocket.java:147)
	... 19 more

Apr 04, 2026 1:50:15 AM io.helidon.common.socket.SocketContext log
WARNING: [0x3b034bfe 0x283967d8] Request failed: HttpPrologue[protocol=HTTP, protocolVersion=1.1, method=GET, uriPath=/pipeline, query=, fragment=], cannot send error response, as response already sent
io.helidon.http.RequestException: java.io.IOException: Connection reset by peer
	at io.helidon.http.RequestException$Builder.build(RequestException.java:157)
	at io.helidon.webserver.http.ErrorHandlers.unhandledError(ErrorHandlers.java:205)
	at io.helidon.webserver.http.ErrorHandlers.lambda$handleError$1(ErrorHandlers.java:180)
	at java.base/java.util.Optional.ifPresentOrElse(Unknown Source)
	at io.helidon.webserver.http.ErrorHandlers.handleError(ErrorHandlers.java:179)
	at io.helidon.webserver.http.ErrorHandlers.runWithErrorHandling(ErrorHandlers.java:113)
	at io.helidon.webserver.http.Filters.filter(Filters.java:83)
	at io.helidon.webserver.http.HttpRoutingImpl.route(HttpRoutingImpl.java:74)
	at io.helidon.webserver.http1.Http1Connection.route(Http1Connection.java:548)
	at io.helidon.webserver.http1.Http1Connection.handle(Http1Connection.java:216)
	at io.helidon.webserver.ConnectionHandler.run(ConnectionHandler.java:185)
	at io.helidon.common.task.InterruptableTask.call(InterruptableTask.java:47)
	at io.helidon.webserver.ThreadPerTaskExecutor$ThreadBoundFuture.run(ThreadPerTaskExecutor.java:241)
	at java.base/java.lang.VirtualThread.run(Unknown Source)
Caused by: java.io.UncheckedIOException: java.io.IOException: Connection reset by peer
	at io.helidon.common.socket.NioSocket.write(NioSocket.java:150)
	at io.helidon.common.socket.SocketWriter.writeNow(SocketWriter.java:81)
	at io.helidon.common.socket.SocketWriterDirect.write(SocketWriterDirect.java:43)
	at io.helidon.webserver.http1.Http1ServerResponse.send(Http1ServerResponse.java:217)
	at io.helidon.webserver.http1.Http1ServerResponse.send(Http1ServerResponse.java:196)
	at io.helidon.webserver.http.ServerResponseBase.doSend(ServerResponseBase.java:314)
	at io.helidon.webserver.http.ServerResponseBase.send(ServerResponseBase.java:128)
	at com.httparena.Main.pipeline(Main.java:82)
	at io.helidon.webserver.http.HttpRoutingImpl$RoutingExecutor.doRoute(HttpRoutingImpl.java:174)
	at io.helidon.webserver.http.HttpRoutingImpl$RoutingExecutor.call(HttpRoutingImpl.java:132)
	at io.helidon.webserver.http.HttpRoutingImpl$RoutingExecutor.call(HttpRoutingImpl.java:110)
	at io.helidon.webserver.http.ErrorHandlers.runWithErrorHandling(ErrorHandlers.java:76)
	... 8 more
Caused by: java.io.IOException: Connection reset by peer
	at java.base/sun.nio.ch.SocketDispatcher.write0(Native Method)
	at java.base/sun.nio.ch.SocketDispatcher.write(Unknown Source)
	at java.base/sun.nio.ch.IOUtil.writeFromNativeBuffer(Unknown Source)
	at java.base/sun.nio.ch.IOUtil.write(Unknown Source)
	at java.base/sun.nio.ch.IOUtil.write(Unknown Source)
	at java.base/sun.nio.ch.SocketChannelImpl.implWrite(Unknown Source)
	at java.base/sun.nio.ch.SocketChannelImpl.write(Unknown Source)
	at io.helidon.common.socket.NioSocket.write(NioSocket.java:147)
	... 19 more

Apr 04, 2026 1:50:15 AM io.helidon.common.socket.SocketContext log
WARNING: [0x3b034bfe 0x11653c7a] Request failed: HttpPrologue[protocol=HTTP, protocolVersion=1.1, method=GET, uriPath=/pipeline, query=, fragment=], cannot send error response, as response already sent
io.helidon.http.RequestException: java.io.IOException: Connection reset by peer
	at io.helidon.http.RequestException$Builder.build(RequestException.java:157)
	at io.helidon.webserver.http.ErrorHandlers.unhandledError(ErrorHandlers.java:205)
	at io.helidon.webserver.http.ErrorHandlers.lambda$handleError$1(ErrorHandlers.java:180)
	at java.base/java.util.Optional.ifPresentOrElse(Unknown Source)
	at io.helidon.webserver.http.ErrorHandlers.handleError(ErrorHandlers.java:179)
	at io.helidon.webserver.http.ErrorHandlers.runWithErrorHandling(ErrorHandlers.java:113)
	at io.helidon.webserver.http.Filters.filter(Filters.java:83)
	at io.helidon.webserver.http.HttpRoutingImpl.route(HttpRoutingImpl.java:74)
	at io.helidon.webserver.http1.Http1Connection.route(Http1Connection.java:548)
	at io.helidon.webserver.http1.Http1Connection.handle(Http1Connection.java:216)
	at io.helidon.webserver.ConnectionHandler.run(ConnectionHandler.java:185)
	at io.helidon.common.task.InterruptableTask.call(InterruptableTask.java:47)
	at io.helidon.webserver.ThreadPerTaskExecutor$ThreadBoundFuture.run(ThreadPerTaskExecutor.java:241)
	at java.base/java.lang.VirtualThread.run(Unknown Source)
Caused by: java.io.UncheckedIOException: java.io.IOException: Connection reset by peer
	at io.helidon.common.socket.NioSocket.write(NioSocket.java:150)
	at io.helidon.common.socket.SocketWriter.writeNow(SocketWriter.java:81)
	at io.helidon.common.socket.SocketWriterDirect.write(SocketWriterDirect.java:43)
	at io.helidon.webserver.http1.Http1ServerResponse.send(Http1ServerResponse.java:217)
	at io.helidon.webserver.http1.Http1ServerResponse.send(Http1ServerResponse.java:196)
	at io.helidon.webserver.http.ServerResponseBase.doSend(ServerResponseBase.java:314)
	at io.helidon.webserver.http.ServerResponseBase.send(ServerResponseBase.java:128)
	at com.httparena.Main.pipeline(Main.java:82)
	at io.helidon.webserver.http.HttpRoutingImpl$RoutingExecutor.doRoute(HttpRoutingImpl.java:174)
	at io.helidon.webserver.http.HttpRoutingImpl$RoutingExecutor.call(HttpRoutingImpl.java:132)
	at io.helidon.webserver.http.HttpRoutingImpl$RoutingExecutor.call(HttpRoutingImpl.java:110)
	at io.helidon.webserver.http.ErrorHandlers.runWithErrorHandling(ErrorHandlers.java:76)
	... 8 more
Caused by: java.io.IOException: Connection reset by peer
	at java.base/sun.nio.ch.SocketDispatcher.write0(Native Method)
	at java.base/sun.nio.ch.SocketDispatcher.write(Unknown Source)
	at java.base/sun.nio.ch.IOUtil.writeFromNativeBuffer(Unknown Source)
	at java.base/sun.nio.ch.IOUtil.write(Unknown Source)
	at java.base/sun.nio.ch.IOUtil.write(Unknown Source)
	at java.base/sun.nio.ch.SocketChannelImpl.implWrite(Unknown Source)
	at java.base/sun.nio.ch.SocketChannelImpl.write(Unknown Source)
	at io.helidon.common.socket.NioSocket.write(NioSocket.java:147)
	... 19 more

Apr 04, 2026 1:50:15 AM io.helidon.common.socket.SocketContext log
WARNING: [0x3b034bfe 0x4cf2f49c] Request failed: HttpPrologue[protocol=HTTP, protocolVersion=1.1, method=GET, uriPath=/pipeline, query=, fragment=], cannot send error response, as response already sent
io.helidon.http.RequestException: java.io.IOException: Broken pipe
	at io.helidon.http.RequestException$Builder.build(RequestException.java:157)
	at io.helidon.webserver.http.ErrorHandlers.unhandledError(ErrorHandlers.java:205)
	at io.helidon.webserver.http.ErrorHandlers.lambda$handleError$1(ErrorHandlers.java:180)
	at java.base/java.util.Optional.ifPresentOrElse(Unknown Source)
	at io.helidon.webserver.http.ErrorHandlers.handleError(ErrorHandlers.java:179)
	at io.helidon.webserver.http.ErrorHandlers.runWithErrorHandling(ErrorHandlers.java:113)
	at io.helidon.webserver.http.Filters.filter(Filters.java:83)
	at io.helidon.webserver.http.HttpRoutingImpl.route(HttpRoutingImpl.java:74)
	at io.helidon.webserver.http1.Http1Connection.route(Http1Connection.java:548)
	at io.helidon.webserver.http1.Http1Connection.handle(Http1Connection.java:216)
	at io.helidon.webserver.ConnectionHandler.run(ConnectionHandler.java:185)
	at io.helidon.common.task.InterruptableTask.call(InterruptableTask.java:47)
	at io.helidon.webserver.ThreadPerTaskExecutor$ThreadBoundFuture.run(ThreadPerTaskExecutor.java:241)
	at java.base/java.lang.VirtualThread.run(Unknown Source)
Caused by: java.io.UncheckedIOException: java.io.IOException: Broken pipe
	at io.helidon.common.socket.NioSocket.write(NioSocket.java:150)
	at io.helidon.common.socket.SocketWriter.writeNow(SocketWriter.java:81)
	at io.helidon.common.socket.SocketWriterDirect.write(SocketWriterDirect.java:43)
	at io.helidon.webserver.http1.Http1ServerResponse.send(Http1ServerResponse.java:217)
	at io.helidon.webserver.http1.Http1ServerResponse.send(Http1ServerResponse.java:196)
	at io.helidon.webserver.http.ServerResponseBase.doSend(ServerResponseBase.java:314)
	at io.helidon.webserver.http.ServerResponseBase.send(ServerResponseBase.java:128)
	at com.httparena.Main.pipeline(Main.java:82)
	at io.helidon.webserver.http.HttpRoutingImpl$RoutingExecutor.doRoute(HttpRoutingImpl.java:174)
	at io.helidon.webserver.http.HttpRoutingImpl$RoutingExecutor.call(HttpRoutingImpl.java:132)
	at io.helidon.webserver.http.HttpRoutingImpl$RoutingExecutor.call(HttpRoutingImpl.java:110)
	at io.helidon.webserver.http.ErrorHandlers.runWithErrorHandling(ErrorHandlers.java:76)
	... 8 more
Caused by: java.io.IOException: Broken pipe
	at java.base/sun.nio.ch.SocketDispatcher.write0(Native Method)
	at java.base/sun.nio.ch.SocketDispatcher.write(Unknown Source)
	at java.base/sun.nio.ch.IOUtil.writeFromNativeBuffer(Unknown Source)
	at java.base/sun.nio.ch.IOUtil.write(Unknown Source)
	at java.base/sun.nio.ch.IOUtil.write(Unknown Source)
	at java.base/sun.nio.ch.SocketChannelImpl.implWrite(Unknown Source)
	at java.base/sun.nio.ch.SocketChannelImpl.write(Unknown Source)
	at io.helidon.common.socket.NioSocket.write(NioSocket.java:147)
	... 19 more

Apr 04, 2026 1:50:15 AM io.helidon.common.socket.SocketContext log
WARNING: [0x3b034bfe 0x59532f9d] Request failed: HttpPrologue[protocol=HTTP, protocolVersion=1.1, method=GET, uriPath=/pipeline, query=, fragment=], cannot send error response, as response already sent
io.helidon.http.RequestException: java.io.IOException: Broken pipe
	at io.helidon.http.RequestException$Builder.build(RequestException.java:157)
	at io.helidon.webserver.http.ErrorHandlers.unhandledError(ErrorHandlers.java:205)
	at io.helidon.webserver.http.ErrorHandlers.lambda$handleError$1(ErrorHandlers.java:180)
	at java.base/java.util.Optional.ifPresentOrElse(Unknown Source)
	at io.helidon.webserver.http.ErrorHandlers.handleError(ErrorHandlers.java:179)
	at io.helidon.webserver.http.ErrorHandlers.runWithErrorHandling(ErrorHandlers.java:113)
	at io.helidon.webserver.http.Filters.filter(Filters.java:83)
	at io.helidon.webserver.http.HttpRoutingImpl.route(HttpRoutingImpl.java:74)
	at io.helidon.webserver.http1.Http1Connection.route(Http1Connection.java:548)
	at io.helidon.webserver.http1.Http1Connection.handle(Http1Connection.java:216)
	at io.helidon.webserver.ConnectionHandler.run(ConnectionHandler.java:185)
	at io.helidon.common.task.InterruptableTask.call(InterruptableTask.java:47)
	at io.helidon.webserver.ThreadPerTaskExecutor$ThreadBoundFuture.run(ThreadPerTaskExecutor.java:241)
	at java.base/java.lang.VirtualThread.run(Unknown Source)
Caused by: java.io.UncheckedIOException: java.io.IOException: Broken pipe
	at io.helidon.common.socket.NioSocket.write(NioSocket.java:150)
	at io.helidon.common.socket.SocketWriter.writeNow(SocketWriter.java:81)
	at io.helidon.common.socket.SocketWriterDirect.write(SocketWriterDirect.java:43)
	at io.helidon.webserver.http1.Http1ServerResponse.send(Http1ServerResponse.java:217)
	at io.helidon.webserver.http1.Http1ServerResponse.send(Http1ServerResponse.java:196)
	at io.helidon.webserver.http.ServerResponseBase.doSend(ServerResponseBase.java:314)
	at io.helidon.webserver.http.ServerResponseBase.send(ServerResponseBase.java:128)
	at com.httparena.Main.pipeline(Main.java:82)
	at io.helidon.webserver.http.HttpRoutingImpl$RoutingExecutor.doRoute(HttpRoutingImpl.java:174)
	at io.helidon.webserver.http.HttpRoutingImpl$RoutingExecutor.call(HttpRoutingImpl.java:132)
	at io.helidon.webserver.http.HttpRoutingImpl$RoutingExecutor.call(HttpRoutingImpl.java:110)
	at io.helidon.webserver.http.ErrorHandlers.runWithErrorHandling(ErrorHandlers.java:76)
	... 8 more
Caused by: java.io.IOException: Broken pipe
	at java.base/sun.nio.ch.SocketDispatcher.write0(Native Method)
	at java.base/sun.nio.ch.SocketDispatcher.write(Unknown Source)
	at java.base/sun.nio.ch.IOUtil.writeFromNativeBuffer(Unknown Source)
	at java.base/sun.nio.ch.IOUtil.write(Unknown Source)
	at java.base/sun.nio.ch.IOUtil.write(Unknown Source)
	at java.base/sun.nio.ch.SocketChannelImpl.implWrite(Unknown Source)
	at java.base/sun.nio.ch.SocketChannelImpl.write(Unknown Source)
	at io.helidon.common.socket.NioSocket.write(NioSocket.java:147)
	... 19 more

Apr 04, 2026 1:50:15 AM io.helidon.common.socket.SocketContext log
WARNING: [0x3b034bfe 0x0beba911] Request failed: HttpPrologue[protocol=HTTP, protocolVersion=1.1, method=GET, uriPath=/pipeline, query=, fragment=], cannot send error response, as response already sent
io.helidon.http.RequestException: java.io.IOException: Broken pipe
	at io.helidon.http.RequestException$Builder.build(RequestException.java:157)
	at io.helidon.webserver.http.ErrorHandlers.unhandledError(ErrorHandlers.java:205)
	at io.helidon.webserver.http.ErrorHandlers.lambda$handleError$1(ErrorHandlers.java:180)
	at java.base/java.util.Optional.ifPresentOrElse(Unknown Source)
	at io.helidon.webserver.http.ErrorHandlers.handleError(ErrorHandlers.java:179)
	at io.helidon.webserver.http.ErrorHandlers.runWithErrorHandling(ErrorHandlers.java:113)
	at io.helidon.webserver.http.Filters.filter(Filters.java:83)
	at io.helidon.webserver.http.HttpRoutingImpl.route(HttpRoutingImpl.java:74)
	at io.helidon.webserver.http1.Http1Connection.route(Http1Connection.java:548)
	at io.helidon.webserver.http1.Http1Connection.handle(Http1Connection.java:216)
	at io.helidon.webserver.ConnectionHandler.run(ConnectionHandler.java:185)
	at io.helidon.common.task.InterruptableTask.call(InterruptableTask.java:47)
	at io.helidon.webserver.ThreadPerTaskExecutor$ThreadBoundFuture.run(ThreadPerTaskExecutor.java:241)
	at java.base/java.lang.VirtualThread.run(Unknown Source)
Caused by: java.io.UncheckedIOException: java.io.IOException: Broken pipe
	at io.helidon.common.socket.NioSocket.write(NioSocket.java:150)
	at io.helidon.common.socket.SocketWriter.writeNow(SocketWriter.java:81)
	at io.helidon.common.socket.SocketWriterDirect.write(SocketWriterDirect.java:43)
	at io.helidon.webserver.http1.Http1ServerResponse.send(Http1ServerResponse.java:217)
	at io.helidon.webserver.http1.Http1ServerResponse.send(Http1ServerResponse.java:196)
	at io.helidon.webserver.http.ServerResponseBase.doSend(ServerResponseBase.java:314)
	at io.helidon.webserver.http.ServerResponseBase.send(ServerResponseBase.java:128)
	at com.httparena.Main.pipeline(Main.java:82)
	at io.helidon.webserver.http.HttpRoutingImpl$RoutingExecutor.doRoute(HttpRoutingImpl.java:174)
	at io.helidon.webserver.http.HttpRoutingImpl$RoutingExecutor.call(HttpRoutingImpl.java:132)
	at io.helidon.webserver.http.HttpRoutingImpl$RoutingExecutor.call(HttpRoutingImpl.java:110)
	at io.helidon.webserver.http.ErrorHandlers.runWithErrorHandling(ErrorHandlers.java:76)
	... 8 more
Caused by: java.io.IOException: Broken pipe
	at java.base/sun.nio.ch.SocketDispatcher.write0(Native Method)
	at java.base/sun.nio.ch.SocketDispatcher.write(Unknown Source)
	at java.base/sun.nio.ch.IOUtil.writeFromNativeBuffer(Unknown Source)
	at java.base/sun.nio.ch.IOUtil.write(Unknown Source)
	at java.base/sun.nio.ch.IOUtil.write(Unknown Source)
	at java.base/sun.nio.ch.SocketChannelImpl.implWrite(Unknown Source)
	at java.base/sun.nio.ch.SocketChannelImpl.write(Unknown Source)
	at io.helidon.common.socket.NioSocket.write(NioSocket.java:147)
	... 19 more

Apr 04, 2026 1:50:15 AM io.helidon.common.socket.SocketContext log
WARNING: [0x3b034bfe 0x644e52b3] Request failed: HttpPrologue[protocol=HTTP, protocolVersion=1.1, method=GET, uriPath=/pipeline, query=, fragment=], cannot send error response, as response already sent
io.helidon.http.RequestException: java.io.IOException: Connection reset by peer
	at io.helidon.http.RequestException$Builder.build(RequestException.java:157)
	at io.helidon.webserver.http.ErrorHandlers.unhandledError(ErrorHandlers.java:205)
	at io.helidon.webserver.http.ErrorHandlers.lambda$handleError$1(ErrorHandlers.java:180)
	at java.base/java.util.Optional.ifPresentOrElse(Unknown Source)
	at io.helidon.webserver.http.ErrorHandlers.handleError(ErrorHandlers.java:179)
	at io.helidon.webserver.http.ErrorHandlers.runWithErrorHandling(ErrorHandlers.java:113)
	at io.helidon.webserver.http.Filters.filter(Filters.java:83)
	at io.helidon.webserver.http.HttpRoutingImpl.route(HttpRoutingImpl.java:74)
	at io.helidon.webserver.http1.Http1Connection.route(Http1Connection.java:548)
	at io.helidon.webserver.http1.Http1Connection.handle(Http1Connection.java:216)
	at io.helidon.webserver.ConnectionHandler.run(ConnectionHandler.java:185)
	at io.helidon.common.task.InterruptableTask.call(InterruptableTask.java:47)
	at io.helidon.webserver.ThreadPerTaskExecutor$ThreadBoundFuture.run(ThreadPerTaskExecutor.java:241)
	at java.base/java.lang.VirtualThread.run(Unknown Source)
Caused by: java.io.UncheckedIOException: java.io.IOException: Connection reset by peer
	at io.helidon.common.socket.NioSocket.write(NioSocket.java:150)
	at io.helidon.common.socket.SocketWriter.writeNow(SocketWriter.java:81)
	at io.helidon.common.socket.SocketWriterDirect.write(SocketWriterDirect.java:43)
	at io.helidon.webserver.http1.Http1ServerResponse.send(Http1ServerResponse.java:217)
	at io.helidon.webserver.http1.Http1ServerResponse.send(Http1ServerResponse.java:196)
	at io.helidon.webserver.http.ServerResponseBase.doSend(ServerResponseBase.java:314)
	at io.helidon.webserver.http.ServerResponseBase.send(ServerResponseBase.java:128)
	at com.httparena.Main.pipeline(Main.java:82)
	at io.helidon.webserver.http.HttpRoutingImpl$RoutingExecutor.doRoute(HttpRoutingImpl.java:174)
	at io.helidon.webserver.http.HttpRoutingImpl$RoutingExecutor.call(HttpRoutingImpl.java:132)
	at io.helidon.webserver.http.HttpRoutingImpl$RoutingExecutor.call(HttpRoutingImpl.java:110)
	at io.helidon.webserver.http.ErrorHandlers.runWithErrorHandling(ErrorHandlers.java:76)
	... 8 more
Caused by: java.io.IOException: Connection reset by peer
	at java.base/sun.nio.ch.SocketDispatcher.write0(Native Method)
	at java.base/sun.nio.ch.SocketDispatcher.write(Unknown Source)
	at java.base/sun.nio.ch.IOUtil.writeFromNativeBuffer(Unknown Source)
	at java.base/sun.nio.ch.IOUtil.write(Unknown Source)
	at java.base/sun.nio.ch.IOUtil.write(Unknown Source)
	at java.base/sun.nio.ch.SocketChannelImpl.implWrite(Unknown Source)
	at java.base/sun.nio.ch.SocketChannelImpl.write(Unknown Source)
	at io.helidon.common.socket.NioSocket.write(NioSocket.java:147)
	... 19 more

Apr 04, 2026 1:50:15 AM io.helidon.common.socket.SocketContext log
WARNING: [0x3b034bfe 0x267b1d86] Request failed: HttpPrologue[protocol=HTTP, protocolVersion=1.1, method=GET, uriPath=/pipeline, query=, fragment=], cannot send error response, as response already sent
io.helidon.http.RequestException: java.io.IOException: Connection reset by peer
	at io.helidon.http.RequestException$Builder.build(RequestException.java:157)
	at io.helidon.webserver.http.ErrorHandlers.unhandledError(ErrorHandlers.java:205)
	at io.helidon.webserver.http.ErrorHandlers.lambda$handleError$1(ErrorHandlers.java:180)
	at java.base/java.util.Optional.ifPresentOrElse(Unknown Source)
	at io.helidon.webserver.http.ErrorHandlers.handleError(ErrorHandlers.java:179)
	at io.helidon.webserver.http.ErrorHandlers.runWithErrorHandling(ErrorHandlers.java:113)
	at io.helidon.webserver.http.Filters.filter(Filters.java:83)
	at io.helidon.webserver.http.HttpRoutingImpl.route(HttpRoutingImpl.java:74)
	at io.helidon.webserver.http1.Http1Connection.route(Http1Connection.java:548)
	at io.helidon.webserver.http1.Http1Connection.handle(Http1Connection.java:216)
	at io.helidon.webserver.ConnectionHandler.run(ConnectionHandler.java:185)
	at io.helidon.common.task.InterruptableTask.call(InterruptableTask.java:47)
	at io.helidon.webserver.ThreadPerTaskExecutor$ThreadBoundFuture.run(ThreadPerTaskExecutor.java:241)
	at java.base/java.lang.VirtualThread.run(Unknown Source)
Caused by: java.io.UncheckedIOException: java.io.IOException: Connection reset by peer
	at io.helidon.common.socket.NioSocket.write(NioSocket.java:150)
	at io.helidon.common.socket.SocketWriter.writeNow(SocketWriter.java:81)
	at io.helidon.common.socket.SocketWriterDirect.write(SocketWriterDirect.java:43)
	at io.helidon.webserver.http1.Http1ServerResponse.send(Http1ServerResponse.java:217)
	at io.helidon.webserver.http1.Http1ServerResponse.send(Http1ServerResponse.java:196)
	at io.helidon.webserver.http.ServerResponseBase.doSend(ServerResponseBase.java:314)
	at io.helidon.webserver.http.ServerResponseBase.send(ServerResponseBase.java:128)
	at com.httparena.Main.pipeline(Main.java:82)
	at io.helidon.webserver.http.HttpRoutingImpl$RoutingExecutor.doRoute(HttpRoutingImpl.java:174)
	at io.helidon.webserver.http.HttpRoutingImpl$RoutingExecutor.call(HttpRoutingImpl.java:132)
	at io.helidon.webserver.http.HttpRoutingImpl$RoutingExecutor.call(HttpRoutingImpl.java:110)
	at io.helidon.webserver.http.ErrorHandlers.runWithErrorHandling(ErrorHandlers.java:76)
	... 8 more
Caused by: java.io.IOException: Connection reset by peer
	at java.base/sun.nio.ch.SocketDispatcher.write0(Native Method)
	at java.base/sun.nio.ch.SocketDispatcher.write(Unknown Source)
	at java.base/sun.nio.ch.IOUtil.writeFromNativeBuffer(Unknown Source)
	at java.base/sun.nio.ch.IOUtil.write(Unknown Source)
	at java.base/sun.nio.ch.IOUtil.write(Unknown Source)
	at java.base/sun.nio.ch.SocketChannelImpl.implWrite(Unknown Source)
	at java.base/sun.nio.ch.SocketChannelImpl.write(Unknown Source)
	at io.helidon.common.socket.NioSocket.write(NioSocket.java:147)
	... 19 more

Apr 04, 2026 1:50:15 AM io.helidon.common.socket.SocketContext log
WARNING: [0x3b034bfe 0x647293cf] Request failed: HttpPrologue[protocol=HTTP, protocolVersion=1.1, method=GET, uriPath=/pipeline, query=, fragment=], cannot send error response, as response already sent
io.helidon.http.RequestException: java.io.IOException: Broken pipe
	at io.helidon.http.RequestException$Builder.build(RequestException.java:157)
	at io.helidon.webserver.http.ErrorHandlers.unhandledError(ErrorHandlers.java:205)
	at io.helidon.webserver.http.ErrorHandlers.lambda$handleError$1(ErrorHandlers.java:180)
	at java.base/java.util.Optional.ifPresentOrElse(Unknown Source)
	at io.helidon.webserver.http.ErrorHandlers.handleError(ErrorHandlers.java:179)
	at io.helidon.webserver.http.ErrorHandlers.runWithErrorHandling(ErrorHandlers.java:113)
	at io.helidon.webserver.http.Filters.filter(Filters.java:83)
	at io.helidon.webserver.http.HttpRoutingImpl.route(HttpRoutingImpl.java:74)
	at io.helidon.webserver.http1.Http1Connection.route(Http1Connection.java:548)
	at io.helidon.webserver.http1.Http1Connection.handle(Http1Connection.java:216)
	at io.helidon.webserver.ConnectionHandler.run(ConnectionHandler.java:185)
	at io.helidon.common.task.InterruptableTask.call(InterruptableTask.java:47)
	at io.helidon.webserver.ThreadPerTaskExecutor$ThreadBoundFuture.run(ThreadPerTaskExecutor.java:241)
	at java.base/java.lang.VirtualThread.run(Unknown Source)
Caused by: java.io.UncheckedIOException: java.io.IOException: Broken pipe
	at io.helidon.common.socket.NioSocket.write(NioSocket.java:150)
	at io.helidon.common.socket.SocketWriter.writeNow(SocketWriter.java:81)
	at io.helidon.common.socket.SocketWriterDirect.write(SocketWriterDirect.java:43)
	at io.helidon.webserver.http1.Http1ServerResponse.send(Http1ServerResponse.java:217)
	at io.helidon.webserver.http1.Http1ServerResponse.send(Http1ServerResponse.java:196)
	at io.helidon.webserver.http.ServerResponseBase.doSend(ServerResponseBase.java:314)
	at io.helidon.webserver.http.ServerResponseBase.send(ServerResponseBase.java:128)
	at com.httparena.Main.pipeline(Main.java:82)
	at io.helidon.webserver.http.HttpRoutingImpl$RoutingExecutor.doRoute(HttpRoutingImpl.java:174)
	at io.helidon.webserver.http.HttpRoutingImpl$RoutingExecutor.call(HttpRoutingImpl.java:132)
	at io.helidon.webserver.http.HttpRoutingImpl$RoutingExecutor.call(HttpRoutingImpl.java:110)
	at io.helidon.webserver.http.ErrorHandlers.runWithErrorHandling(ErrorHandlers.java:76)
	... 8 more
Caused by: java.io.IOException: Broken pipe
	at java.base/sun.nio.ch.SocketDispatcher.write0(Native Method)
	at java.base/sun.nio.ch.SocketDispatcher.write(Unknown Source)
	at java.base/sun.nio.ch.IOUtil.writeFromNativeBuffer(Unknown Source)
	at java.base/sun.nio.ch.IOUtil.write(Unknown Source)
	at java.base/sun.nio.ch.IOUtil.write(Unknown Source)
	at java.base/sun.nio.ch.SocketChannelImpl.implWrite(Unknown Source)
	at java.base/sun.nio.ch.SocketChannelImpl.write(Unknown Source)
	at io.helidon.common.socket.NioSocket.write(NioSocket.java:147)
	... 19 more

Apr 04, 2026 1:50:15 AM io.helidon.common.socket.SocketContext log
WARNING: [0x3b034bfe 0x679df97d] Request failed: HttpPrologue[protocol=HTTP, protocolVersion=1.1, method=GET, uriPath=/pipeline, query=, fragment=], cannot send error response, as response already sent
io.helidon.http.RequestException: java.io.IOException: Connection reset by peer
	at io.helidon.http.RequestException$Builder.build(RequestException.java:157)
	at io.helidon.webserver.http.ErrorHandlers.unhandledError(ErrorHandlers.java:205)
	at io.helidon.webserver.http.ErrorHandlers.lambda$handleError$1(ErrorHandlers.java:180)
	at java.base/java.util.Optional.ifPresentOrElse(Unknown Source)
	at io.helidon.webserver.http.ErrorHandlers.handleError(ErrorHandlers.java:179)
	at io.helidon.webserver.http.ErrorHandlers.runWithErrorHandling(ErrorHandlers.java:113)
	at io.helidon.webserver.http.Filters.filter(Filters.java:83)
	at io.helidon.webserver.http.HttpRoutingImpl.route(HttpRoutingImpl.java:74)
	at io.helidon.webserver.http1.Http1Connection.route(Http1Connection.java:548)
	at io.helidon.webserver.http1.Http1Connection.handle(Http1Connection.java:216)
	at io.helidon.webserver.ConnectionHandler.run(ConnectionHandler.java:185)
	at io.helidon.common.task.InterruptableTask.call(InterruptableTask.java:47)
	at io.helidon.webserver.ThreadPerTaskExecutor$ThreadBoundFuture.run(ThreadPerTaskExecutor.java:241)
	at java.base/java.lang.VirtualThread.run(Unknown Source)
Caused by: java.io.UncheckedIOException: java.io.IOException: Connection reset by peer
	at io.helidon.common.socket.NioSocket.write(NioSocket.java:150)
	at io.helidon.common.socket.SocketWriter.writeNow(SocketWriter.java:81)
	at io.helidon.common.socket.SocketWriterDirect.write(SocketWriterDirect.java:43)
	at io.helidon.webserver.http1.Http1ServerResponse.send(Http1ServerResponse.java:217)
	at io.helidon.webserver.http1.Http1ServerResponse.send(Http1ServerResponse.java:196)
	at io.helidon.webserver.http.ServerResponseBase.doSend(ServerResponseBase.java:314)
	at io.helidon.webserver.http.ServerResponseBase.send(ServerResponseBase.java:128)
	at com.httparena.Main.pipeline(Main.java:82)
	at io.helidon.webserver.http.HttpRoutingImpl$RoutingExecutor.doRoute(HttpRoutingImpl.java:174)
	at io.helidon.webserver.http.HttpRoutingImpl$RoutingExecutor.call(HttpRoutingImpl.java:132)
	at io.helidon.webserver.http.HttpRoutingImpl$RoutingExecutor.call(HttpRoutingImpl.java:110)
	at io.helidon.webserver.http.ErrorHandlers.runWithErrorHandling(ErrorHandlers.java:76)
	... 8 more
Caused by: java.io.IOException: Connection reset by peer
	at java.base/sun.nio.ch.SocketDispatcher.write0(Native Method)
	at java.base/sun.nio.ch.SocketDispatcher.write(Unknown Source)
	at java.base/sun.nio.ch.IOUtil.writeFromNativeBuffer(Unknown Source)
	at java.base/sun.nio.ch.IOUtil.write(Unknown Source)
	at java.base/sun.nio.ch.IOUtil.write(Unknown Source)
	at java.base/sun.nio.ch.SocketChannelImpl.implWrite(Unknown Source)
	at java.base/sun.nio.ch.SocketChannelImpl.write(Unknown Source)
	at io.helidon.common.socket.NioSocket.write(NioSocket.java:147)
	... 19 more

Apr 04, 2026 1:50:15 AM io.helidon.common.socket.SocketContext log
WARNING: [0x3b034bfe 0x4fe028a5] Request failed: HttpPrologue[protocol=HTTP, protocolVersion=1.1, method=GET, uriPath=/pipeline, query=, fragment=], cannot send error response, as response already sent
io.helidon.http.RequestException: java.io.IOException: Connection reset by peer
	at io.helidon.http.RequestException$Builder.build(RequestException.java:157)
	at io.helidon.webserver.http.ErrorHandlers.unhandledError(ErrorHandlers.java:205)
	at io.helidon.webserver.http.ErrorHandlers.lambda$handleError$1(ErrorHandlers.java:180)
	at java.base/java.util.Optional.ifPresentOrElse(Unknown Source)
	at io.helidon.webserver.http.ErrorHandlers.handleError(ErrorHandlers.java:179)
	at io.helidon.webserver.http.ErrorHandlers.runWithErrorHandling(ErrorHandlers.java:113)
	at io.helidon.webserver.http.Filters.filter(Filters.java:83)
	at io.helidon.webserver.http.HttpRoutingImpl.route(HttpRoutingImpl.java:74)
	at io.helidon.webserver.http1.Http1Connection.route(Http1Connection.java:548)
	at io.helidon.webserver.http1.Http1Connection.handle(Http1Connection.java:216)
	at io.helidon.webserver.ConnectionHandler.run(ConnectionHandler.java:185)
	at io.helidon.common.task.InterruptableTask.call(InterruptableTask.java:47)
	at io.helidon.webserver.ThreadPerTaskExecutor$ThreadBoundFuture.run(ThreadPerTaskExecutor.java:241)
	at java.base/java.lang.VirtualThread.run(Unknown Source)
Caused by: java.io.UncheckedIOException: java.io.IOException: Connection reset by peer
	at io.helidon.common.socket.NioSocket.write(NioSocket.java:150)
	at io.helidon.common.socket.SocketWriter.writeNow(SocketWriter.java:81)
	at io.helidon.common.socket.SocketWriterDirect.write(SocketWriterDirect.java:43)
	at io.helidon.webserver.http1.Http1ServerResponse.send(Http1ServerResponse.java:217)
	at io.helidon.webserver.http1.Http1ServerResponse.send(Http1ServerResponse.java:196)
	at io.helidon.webserver.http.ServerResponseBase.doSend(ServerResponseBase.java:314)
	at io.helidon.webserver.http.ServerResponseBase.send(ServerResponseBase.java:128)
	at com.httparena.Main.pipeline(Main.java:82)
	at io.helidon.webserver.http.HttpRoutingImpl$RoutingExecutor.doRoute(HttpRoutingImpl.java:174)
	at io.helidon.webserver.http.HttpRoutingImpl$RoutingExecutor.call(HttpRoutingImpl.java:132)
	at io.helidon.webserver.http.HttpRoutingImpl$RoutingExecutor.call(HttpRoutingImpl.java:110)
	at io.helidon.webserver.http.ErrorHandlers.runWithErrorHandling(ErrorHandlers.java:76)
	... 8 more
Caused by: java.io.IOException: Connection reset by peer
	at java.base/sun.nio.ch.SocketDispatcher.write0(Native Method)
	at java.base/sun.nio.ch.SocketDispatcher.write(Unknown Source)
	at java.base/sun.nio.ch.IOUtil.writeFromNativeBuffer(Unknown Source)
	at java.base/sun.nio.ch.IOUtil.write(Unknown Source)
	at java.base/sun.nio.ch.IOUtil.write(Unknown Source)
	at java.base/sun.nio.ch.SocketChannelImpl.implWrite(Unknown Source)
	at java.base/sun.nio.ch.SocketChannelImpl.write(Unknown Source)
	at io.helidon.common.socket.NioSocket.write(NioSocket.java:147)
	... 19 more

Apr 04, 2026 1:50:15 AM io.helidon.common.socket.SocketContext log
WARNING: [0x3b034bfe 0x24830b5d] Request failed: HttpPrologue[protocol=HTTP, protocolVersion=1.1, method=GET, uriPath=/pipeline, query=, fragment=], cannot send error response, as response already sent
io.helidon.http.RequestException: java.io.IOException: Connection reset by peer
	at io.helidon.http.RequestException$Builder.build(RequestException.java:157)
	at io.helidon.webserver.http.ErrorHandlers.unhandledError(ErrorHandlers.java:205)
	at io.helidon.webserver.http.ErrorHandlers.lambda$handleError$1(ErrorHandlers.java:180)
	at java.base/java.util.Optional.ifPresentOrElse(Unknown Source)
	at io.helidon.webserver.http.ErrorHandlers.handleError(ErrorHandlers.java:179)
	at io.helidon.webserver.http.ErrorHandlers.runWithErrorHandling(ErrorHandlers.java:113)
	at io.helidon.webserver.http.Filters.filter(Filters.java:83)
	at io.helidon.webserver.http.HttpRoutingImpl.route(HttpRoutingImpl.java:74)
	at io.helidon.webserver.http1.Http1Connection.route(Http1Connection.java:548)
	at io.helidon.webserver.http1.Http1Connection.handle(Http1Connection.java:216)
	at io.helidon.webserver.ConnectionHandler.run(ConnectionHandler.java:185)
	at io.helidon.common.task.InterruptableTask.call(InterruptableTask.java:47)
	at io.helidon.webserver.ThreadPerTaskExecutor$ThreadBoundFuture.run(ThreadPerTaskExecutor.java:241)
	at java.base/java.lang.VirtualThread.run(Unknown Source)
Caused by: java.io.UncheckedIOException: java.io.IOException: Connection reset by peer
	at io.helidon.common.socket.NioSocket.write(NioSocket.java:150)
	at io.helidon.common.socket.SocketWriter.writeNow(SocketWriter.java:81)
	at io.helidon.common.socket.SocketWriterDirect.write(SocketWriterDirect.java:43)
	at io.helidon.webserver.http1.Http1ServerResponse.send(Http1ServerResponse.java:217)
	at io.helidon.webserver.http1.Http1ServerResponse.send(Http1ServerResponse.java:196)
	at io.helidon.webserver.http.ServerResponseBase.doSend(ServerResponseBase.java:314)
	at io.helidon.webserver.http.ServerResponseBase.send(ServerResponseBase.java:128)
	at com.httparena.Main.pipeline(Main.java:82)
	at io.helidon.webserver.http.HttpRoutingImpl$RoutingExecutor.doRoute(HttpRoutingImpl.java:174)
	at io.helidon.webserver.http.HttpRoutingImpl$RoutingExecutor.call(HttpRoutingImpl.java:132)
	at io.helidon.webserver.http.HttpRoutingImpl$RoutingExecutor.call(HttpRoutingImpl.java:110)
	at io.helidon.webserver.http.ErrorHandlers.runWithErrorHandling(ErrorHandlers.java:76)
	... 8 more
Caused by: java.io.IOException: Connection reset by peer
	at java.base/sun.nio.ch.SocketDispatcher.write0(Native Method)
	at java.base/sun.nio.ch.SocketDispatcher.write(Unknown Source)
	at java.base/sun.nio.ch.IOUtil.writeFromNativeBuffer(Unknown Source)
	at java.base/sun.nio.ch.IOUtil.write(Unknown Source)
	at java.base/sun.nio.ch.IOUtil.write(Unknown Source)
	at java.base/sun.nio.ch.SocketChannelImpl.implWrite(Unknown Source)
	at java.base/sun.nio.ch.SocketChannelImpl.write(Unknown Source)
	at io.helidon.common.socket.NioSocket.write(NioSocket.java:147)
	... 19 more

Apr 04, 2026 1:50:15 AM io.helidon.common.socket.SocketContext log
WARNING: [0x3b034bfe 0x5e4816c5] Request failed: HttpPrologue[protocol=HTTP, protocolVersion=1.1, method=GET, uriPath=/pipeline, query=, fragment=], cannot send error response, as response already sent
io.helidon.http.RequestException: java.io.IOException: Broken pipe
	at io.helidon.http.RequestException$Builder.build(RequestException.java:157)
	at io.helidon.webserver.http.ErrorHandlers.unhandledError(ErrorHandlers.java:205)
	at io.helidon.webserver.http.ErrorHandlers.lambda$handleError$1(ErrorHandlers.java:180)
	at java.base/java.util.Optional.ifPresentOrElse(Unknown Source)
	at io.helidon.webserver.http.ErrorHandlers.handleError(ErrorHandlers.java:179)
	at io.helidon.webserver.http.ErrorHandlers.runWithErrorHandling(ErrorHandlers.java:113)
	at io.helidon.webserver.http.Filters.filter(Filters.java:83)
	at io.helidon.webserver.http.HttpRoutingImpl.route(HttpRoutingImpl.java:74)
	at io.helidon.webserver.http1.Http1Connection.route(Http1Connection.java:548)
	at io.helidon.webserver.http1.Http1Connection.handle(Http1Connection.java:216)
	at io.helidon.webserver.ConnectionHandler.run(ConnectionHandler.java:185)
	at io.helidon.common.task.InterruptableTask.call(InterruptableTask.java:47)
	at io.helidon.webserver.ThreadPerTaskExecutor$ThreadBoundFuture.run(ThreadPerTaskExecutor.java:241)
	at java.base/java.lang.VirtualThread.run(Unknown Source)
Caused by: java.io.UncheckedIOException: java.io.IOException: Broken pipe
	at io.helidon.common.socket.NioSocket.write(NioSocket.java:150)
	at io.helidon.common.socket.SocketWriter.writeNow(SocketWriter.java:81)
	at io.helidon.common.socket.SocketWriterDirect.write(SocketWriterDirect.java:43)
	at io.helidon.webserver.http1.Http1ServerResponse.send(Http1ServerResponse.java:217)
	at io.helidon.webserver.http1.Http1ServerResponse.send(Http1ServerResponse.java:196)
	at io.helidon.webserver.http.ServerResponseBase.doSend(ServerResponseBase.java:314)
	at io.helidon.webserver.http.ServerResponseBase.send(ServerResponseBase.java:128)
	at com.httparena.Main.pipeline(Main.java:82)
	at io.helidon.webserver.http.HttpRoutingImpl$RoutingExecutor.doRoute(HttpRoutingImpl.java:174)
	at io.helidon.webserver.http.HttpRoutingImpl$RoutingExecutor.call(HttpRoutingImpl.java:132)
	at io.helidon.webserver.http.HttpRoutingImpl$RoutingExecutor.call(HttpRoutingImpl.java:110)
	at io.helidon.webserver.http.ErrorHandlers.runWithErrorHandling(ErrorHandlers.java:76)
	... 8 more
Caused by: java.io.IOException: Broken pipe
	at java.base/sun.nio.ch.SocketDispatcher.write0(Native Method)
	at java.base/sun.nio.ch.SocketDispatcher.write(Unknown Source)
	at java.base/sun.nio.ch.IOUtil.writeFromNativeBuffer(Unknown Source)
	at java.base/sun.nio.ch.IOUtil.write(Unknown Source)
	at java.base/sun.nio.ch.IOUtil.write(Unknown Source)
	at java.base/sun.nio.ch.SocketChannelImpl.implWrite(Unknown Source)
	at java.base/sun.nio.ch.SocketChannelImpl.write(Unknown Source)
	at io.helidon.common.socket.NioSocket.write(NioSocket.java:147)
	... 19 more

Apr 04, 2026 1:50:15 AM io.helidon.common.socket.SocketContext log
WARNING: [0x3b034bfe 0x73306198] Request failed: HttpPrologue[protocol=HTTP, protocolVersion=1.1, method=GET, uriPath=/pipeline, query=, fragment=], cannot send error response, as response already sent
io.helidon.http.RequestException: java.io.IOException: Connection reset by peer
	at io.helidon.http.RequestException$Builder.build(RequestException.java:157)
	at io.helidon.webserver.http.ErrorHandlers.unhandledError(ErrorHandlers.java:205)
	at io.helidon.webserver.http.ErrorHandlers.lambda$handleError$1(ErrorHandlers.java:180)
	at java.base/java.util.Optional.ifPresentOrElse(Unknown Source)
	at io.helidon.webserver.http.ErrorHandlers.handleError(ErrorHandlers.java:179)
	at io.helidon.webserver.http.ErrorHandlers.runWithErrorHandling(ErrorHandlers.java:113)
	at io.helidon.webserver.http.Filters.filter(Filters.java:83)
	at io.helidon.webserver.http.HttpRoutingImpl.route(HttpRoutingImpl.java:74)
	at io.helidon.webserver.http1.Http1Connection.route(Http1Connection.java:548)
	at io.helidon.webserver.http1.Http1Connection.handle(Http1Connection.java:216)
	at io.helidon.webserver.ConnectionHandler.run(ConnectionHandler.java:185)
	at io.helidon.common.task.InterruptableTask.call(InterruptableTask.java:47)
	at io.helidon.webserver.ThreadPerTaskExecutor$ThreadBoundFuture.run(ThreadPerTaskExecutor.java:241)
	at java.base/java.lang.VirtualThread.run(Unknown Source)
Caused by: java.io.UncheckedIOException: java.io.IOException: Connection reset by peer
	at io.helidon.common.socket.NioSocket.write(NioSocket.java:150)
	at io.helidon.common.socket.SocketWriter.writeNow(SocketWriter.java:81)
	at io.helidon.common.socket.SocketWriterDirect.write(SocketWriterDirect.java:43)
	at io.helidon.webserver.http1.Http1ServerResponse.send(Http1ServerResponse.java:217)
	at io.helidon.webserver.http1.Http1ServerResponse.send(Http1ServerResponse.java:196)
	at io.helidon.webserver.http.ServerResponseBase.doSend(ServerResponseBase.java:314)
	at io.helidon.webserver.http.ServerResponseBase.send(ServerResponseBase.java:128)
	at com.httparena.Main.pipeline(Main.java:82)
	at io.helidon.webserver.http.HttpRoutingImpl$RoutingExecutor.doRoute(HttpRoutingImpl.java:174)
	at io.helidon.webserver.http.HttpRoutingImpl$RoutingExecutor.call(HttpRoutingImpl.java:132)
	at io.helidon.webserver.http.HttpRoutingImpl$RoutingExecutor.call(HttpRoutingImpl.java:110)
	at io.helidon.webserver.http.ErrorHandlers.runWithErrorHandling(ErrorHandlers.java:76)
	... 8 more
Caused by: java.io.IOException: Connection reset by peer
	at java.base/sun.nio.ch.SocketDispatcher.write0(Native Method)
	at java.base/sun.nio.ch.SocketDispatcher.write(Unknown Source)
	at java.base/sun.nio.ch.IOUtil.writeFromNativeBuffer(Unknown Source)
	at java.base/sun.nio.ch.IOUtil.write(Unknown Source)
	at java.base/sun.nio.ch.IOUtil.write(Unknown Source)
	at java.base/sun.nio.ch.SocketChannelImpl.implWrite(Unknown Source)
	at java.base/sun.nio.ch.SocketChannelImpl.write(Unknown Source)
	at io.helidon.common.socket.NioSocket.write(NioSocket.java:147)
	... 19 more

Apr 04, 2026 1:50:15 AM io.helidon.common.socket.SocketContext log
WARNING: [0x3b034bfe 0x30bf831d] Request failed: HttpPrologue[protocol=HTTP, protocolVersion=1.1, method=GET, uriPath=/pipeline, query=, fragment=], cannot send error response, as response already sent
io.helidon.http.RequestException: java.io.IOException: Broken pipe
	at io.helidon.http.RequestException$Builder.build(RequestException.java:157)
	at io.helidon.webserver.http.ErrorHandlers.unhandledError(ErrorHandlers.java:205)
	at io.helidon.webserver.http.ErrorHandlers.lambda$handleError$1(ErrorHandlers.java:180)
	at java.base/java.util.Optional.ifPresentOrElse(Unknown Source)
	at io.helidon.webserver.http.ErrorHandlers.handleError(ErrorHandlers.java:179)
	at io.helidon.webserver.http.ErrorHandlers.runWithErrorHandling(ErrorHandlers.java:113)
	at io.helidon.webserver.http.Filters.filter(Filters.java:83)
	at io.helidon.webserver.http.HttpRoutingImpl.route(HttpRoutingImpl.java:74)
	at io.helidon.webserver.http1.Http1Connection.route(Http1Connection.java:548)
	at io.helidon.webserver.http1.Http1Connection.handle(Http1Connection.java:216)
	at io.helidon.webserver.ConnectionHandler.run(ConnectionHandler.java:185)
	at io.helidon.common.task.InterruptableTask.call(InterruptableTask.java:47)
	at io.helidon.webserver.ThreadPerTaskExecutor$ThreadBoundFuture.run(ThreadPerTaskExecutor.java:241)
	at java.base/java.lang.VirtualThread.run(Unknown Source)
Caused by: java.io.UncheckedIOException: java.io.IOException: Broken pipe
	at io.helidon.common.socket.NioSocket.write(NioSocket.java:150)
	at io.helidon.common.socket.SocketWriter.writeNow(SocketWriter.java:81)
	at io.helidon.common.socket.SocketWriterDirect.write(SocketWriterDirect.java:43)
	at io.helidon.webserver.http1.Http1ServerResponse.send(Http1ServerResponse.java:217)
	at io.helidon.webserver.http1.Http1ServerResponse.send(Http1ServerResponse.java:196)
	at io.helidon.webserver.http.ServerResponseBase.doSend(ServerResponseBase.java:314)
	at io.helidon.webserver.http.ServerResponseBase.send(ServerResponseBase.java:128)
	at com.httparena.Main.pipeline(Main.java:82)
	at io.helidon.webserver.http.HttpRoutingImpl$RoutingExecutor.doRoute(HttpRoutingImpl.java:174)
	at io.helidon.webserver.http.HttpRoutingImpl$RoutingExecutor.call(HttpRoutingImpl.java:132)
	at io.helidon.webserver.http.HttpRoutingImpl$RoutingExecutor.call(HttpRoutingImpl.java:110)
	at io.helidon.webserver.http.ErrorHandlers.runWithErrorHandling(ErrorHandlers.java:76)
	... 8 more
Caused by: java.io.IOException: Broken pipe
	at java.base/sun.nio.ch.SocketDispatcher.write0(Native Method)
	at java.base/sun.nio.ch.SocketDispatcher.write(Unknown Source)
	at java.base/sun.nio.ch.IOUtil.writeFromNativeBuffer(Unknown Source)
	at java.base/sun.nio.ch.IOUtil.write(Unknown Source)
	at java.base/sun.nio.ch.IOUtil.write(Unknown Source)
	at java.base/sun.nio.ch.SocketChannelImpl.implWrite(Unknown Source)
	at java.base/sun.nio.ch.SocketChannelImpl.write(Unknown Source)
	at io.helidon.common.socket.NioSocket.write(NioSocket.java:147)
	... 19 more

Apr 04, 2026 1:50:15 AM io.helidon.common.socket.SocketContext log
WARNING: [0x3b034bfe 0x205e0a00] Request failed: HttpPrologue[protocol=HTTP, protocolVersion=1.1, method=GET, uriPath=/pipeline, query=, fragment=], cannot send error response, as response already sent
io.helidon.http.RequestException: java.io.IOException: Connection reset by peer
	at io.helidon.http.RequestException$Builder.build(RequestException.java:157)
	at io.helidon.webserver.http.ErrorHandlers.unhandledError(ErrorHandlers.java:205)
	at io.helidon.webserver.http.ErrorHandlers.lambda$handleError$1(ErrorHandlers.java:180)
	at java.base/java.util.Optional.ifPresentOrElse(Unknown Source)
	at io.helidon.webserver.http.ErrorHandlers.handleError(ErrorHandlers.java:179)
	at io.helidon.webserver.http.ErrorHandlers.runWithErrorHandling(ErrorHandlers.java:113)
	at io.helidon.webserver.http.Filters.filter(Filters.java:83)
	at io.helidon.webserver.http.HttpRoutingImpl.route(HttpRoutingImpl.java:74)
	at io.helidon.webserver.http1.Http1Connection.route(Http1Connection.java:548)
	at io.helidon.webserver.http1.Http1Connection.handle(Http1Connection.java:216)
	at io.helidon.webserver.ConnectionHandler.run(ConnectionHandler.java:185)
	at io.helidon.common.task.InterruptableTask.call(InterruptableTask.java:47)
	at io.helidon.webserver.ThreadPerTaskExecutor$ThreadBoundFuture.run(ThreadPerTaskExecutor.java:241)
	at java.base/java.lang.VirtualThread.run(Unknown Source)
Caused by: java.io.UncheckedIOException: java.io.IOException: Connection reset by peer
	at io.helidon.common.socket.NioSocket.write(NioSocket.java:150)
	at io.helidon.common.socket.SocketWriter.writeNow(SocketWriter.java:81)
	at io.helidon.common.socket.SocketWriterDirect.write(SocketWriterDirect.java:43)
	at io.helidon.webserver.http1.Http1ServerResponse.send(Http1ServerResponse.java:217)
	at io.helidon.webserver.http1.Http1ServerResponse.send(Http1ServerResponse.java:196)
	at io.helidon.webserver.http.ServerResponseBase.doSend(ServerResponseBase.java:314)
	at io.helidon.webserver.http.ServerResponseBase.send(ServerResponseBase.java:128)
	at com.httparena.Main.pipeline(Main.java:82)
	at io.helidon.webserver.http.HttpRoutingImpl$RoutingExecutor.doRoute(HttpRoutingImpl.java:174)
	at io.helidon.webserver.http.HttpRoutingImpl$RoutingExecutor.call(HttpRoutingImpl.java:132)
	at io.helidon.webserver.http.HttpRoutingImpl$RoutingExecutor.call(HttpRoutingImpl.java:110)
	at io.helidon.webserver.http.ErrorHandlers.runWithErrorHandling(ErrorHandlers.java:76)
	... 8 more
Caused by: java.io.IOException: Connection reset by peer
	at java.base/sun.nio.ch.SocketDispatcher.write0(Native Method)
	at java.base/sun.nio.ch.SocketDispatcher.write(Unknown Source)
	at java.base/sun.nio.ch.IOUtil.writeFromNativeBuffer(Unknown Source)
	at java.base/sun.nio.ch.IOUtil.write(Unknown Source)
	at java.base/sun.nio.ch.IOUtil.write(Unknown Source)
	at java.base/sun.nio.ch.SocketChannelImpl.implWrite(Unknown Source)
	at java.base/sun.nio.ch.SocketChannelImpl.write(Unknown Source)
	at io.helidon.common.socket.NioSocket.write(NioSocket.java:147)
	... 19 more

Apr 04, 2026 1:50:15 AM io.helidon.common.socket.SocketContext log
WARNING: [0x3b034bfe 0x5551e92c] Request failed: HttpPrologue[protocol=HTTP, protocolVersion=1.1, method=GET, uriPath=/pipeline, query=, fragment=], cannot send error response, as response already sent
io.helidon.http.RequestException: java.io.IOException: Connection reset by peer
	at io.helidon.http.RequestException$Builder.build(RequestException.java:157)
	at io.helidon.webserver.http.ErrorHandlers.unhandledError(ErrorHandlers.java:205)
	at io.helidon.webserver.http.ErrorHandlers.lambda$handleError$1(ErrorHandlers.java:180)
	at java.base/java.util.Optional.ifPresentOrElse(Unknown Source)
	at io.helidon.webserver.http.ErrorHandlers.handleError(ErrorHandlers.java:179)
	at io.helidon.webserver.http.ErrorHandlers.runWithErrorHandling(ErrorHandlers.java:113)
	at io.helidon.webserver.http.Filters.filter(Filters.java:83)
	at io.helidon.webserver.http.HttpRoutingImpl.route(HttpRoutingImpl.java:74)
	at io.helidon.webserver.http1.Http1Connection.route(Http1Connection.java:548)
	at io.helidon.webserver.http1.Http1Connection.handle(Http1Connection.java:216)
	at io.helidon.webserver.ConnectionHandler.run(ConnectionHandler.java:185)
	at io.helidon.common.task.InterruptableTask.call(InterruptableTask.java:47)
	at io.helidon.webserver.ThreadPerTaskExecutor$ThreadBoundFuture.run(ThreadPerTaskExecutor.java:241)
	at java.base/java.lang.VirtualThread.run(Unknown Source)
Caused by: java.io.UncheckedIOException: java.io.IOException: Connection reset by peer
	at io.helidon.common.socket.NioSocket.write(NioSocket.java:150)
	at io.helidon.common.socket.SocketWriter.writeNow(SocketWriter.java:81)
	at io.helidon.common.socket.SocketWriterDirect.write(SocketWriterDirect.java:43)
	at io.helidon.webserver.http1.Http1ServerResponse.send(Http1ServerResponse.java:217)
	at io.helidon.webserver.http1.Http1ServerResponse.send(Http1ServerResponse.java:196)
	at io.helidon.webserver.http.ServerResponseBase.doSend(ServerResponseBase.java:314)
	at io.helidon.webserver.http.ServerResponseBase.send(ServerResponseBase.java:128)
	at com.httparena.Main.pipeline(Main.java:82)
	at io.helidon.webserver.http.HttpRoutingImpl$RoutingExecutor.doRoute(HttpRoutingImpl.java:174)
	at io.helidon.webserver.http.HttpRoutingImpl$RoutingExecutor.call(HttpRoutingImpl.java:132)
	at io.helidon.webserver.http.HttpRoutingImpl$RoutingExecutor.call(HttpRoutingImpl.java:110)
	at io.helidon.webserver.http.ErrorHandlers.runWithErrorHandling(ErrorHandlers.java:76)
	... 8 more
Caused by: java.io.IOException: Connection reset by peer
	at java.base/sun.nio.ch.SocketDispatcher.write0(Native Method)
	at java.base/sun.nio.ch.SocketDispatcher.write(Unknown Source)
	at java.base/sun.nio.ch.IOUtil.writeFromNativeBuffer(Unknown Source)
	at java.base/sun.nio.ch.IOUtil.write(Unknown Source)
	at java.base/sun.nio.ch.IOUtil.write(Unknown Source)
	at java.base/sun.nio.ch.SocketChannelImpl.implWrite(Unknown Source)
	at java.base/sun.nio.ch.SocketChannelImpl.write(Unknown Source)
	at io.helidon.common.socket.NioSocket.write(NioSocket.java:147)
	... 19 more

Apr 04, 2026 1:50:15 AM io.helidon.common.socket.SocketContext log
WARNING: [0x3b034bfe 0x5ebf0e0b] Request failed: HttpPrologue[protocol=HTTP, protocolVersion=1.1, method=GET, uriPath=/pipeline, query=, fragment=], cannot send error response, as response already sent
io.helidon.http.RequestException: java.io.IOException: Connection reset by peer
	at io.helidon.http.RequestException$Builder.build(RequestException.java:157)
	at io.helidon.webserver.http.ErrorHandlers.unhandledError(ErrorHandlers.java:205)
	at io.helidon.webserver.http.ErrorHandlers.lambda$handleError$1(ErrorHandlers.java:180)
	at java.base/java.util.Optional.ifPresentOrElse(Unknown Source)
	at io.helidon.webserver.http.ErrorHandlers.handleError(ErrorHandlers.java:179)
	at io.helidon.webserver.http.ErrorHandlers.runWithErrorHandling(ErrorHandlers.java:113)
	at io.helidon.webserver.http.Filters.filter(Filters.java:83)
	at io.helidon.webserver.http.HttpRoutingImpl.route(HttpRoutingImpl.java:74)
	at io.helidon.webserver.http1.Http1Connection.route(Http1Connection.java:548)
	at io.helidon.webserver.http1.Http1Connection.handle(Http1Connection.java:216)
	at io.helidon.webserver.ConnectionHandler.run(ConnectionHandler.java:185)
	at io.helidon.common.task.InterruptableTask.call(InterruptableTask.java:47)
	at io.helidon.webserver.ThreadPerTaskExecutor$ThreadBoundFuture.run(ThreadPerTaskExecutor.java:241)
	at java.base/java.lang.VirtualThread.run(Unknown Source)
Caused by: java.io.UncheckedIOException: java.io.IOException: Connection reset by peer
	at io.helidon.common.socket.NioSocket.write(NioSocket.java:150)
	at io.helidon.common.socket.SocketWriter.writeNow(SocketWriter.java:81)
	at io.helidon.common.socket.SocketWriterDirect.write(SocketWriterDirect.java:43)
	at io.helidon.webserver.http1.Http1ServerResponse.send(Http1ServerResponse.java:217)
	at io.helidon.webserver.http1.Http1ServerResponse.send(Http1ServerResponse.java:196)
	at io.helidon.webserver.http.ServerResponseBase.doSend(ServerResponseBase.java:314)
	at io.helidon.webserver.http.ServerResponseBase.send(ServerResponseBase.java:128)
	at com.httparena.Main.pipeline(Main.java:82)
	at io.helidon.webserver.http.HttpRoutingImpl$RoutingExecutor.doRoute(HttpRoutingImpl.java:174)
	at io.helidon.webserver.http.HttpRoutingImpl$RoutingExecutor.call(HttpRoutingImpl.java:132)
	at io.helidon.webserver.http.HttpRoutingImpl$RoutingExecutor.call(HttpRoutingImpl.java:110)
	at io.helidon.webserver.http.ErrorHandlers.runWithErrorHandling(ErrorHandlers.java:76)
	... 8 more
Caused by: java.io.IOException: Connection reset by peer
	at java.base/sun.nio.ch.SocketDispatcher.write0(Native Method)
	at java.base/sun.nio.ch.SocketDispatcher.write(Unknown Source)
	at java.base/sun.nio.ch.IOUtil.writeFromNativeBuffer(Unknown Source)
	at java.base/sun.nio.ch.IOUtil.write(Unknown Source)
	at java.base/sun.nio.ch.IOUtil.write(Unknown Source)
	at java.base/sun.nio.ch.SocketChannelImpl.implWrite(Unknown Source)
	at java.base/sun.nio.ch.SocketChannelImpl.write(Unknown Source)
	at io.helidon.common.socket.NioSocket.write(NioSocket.java:147)
	... 19 more

Apr 04, 2026 1:50:15 AM io.helidon.common.socket.SocketContext log
WARNING: [0x3b034bfe 0x6494fb16] Request failed: HttpPrologue[protocol=HTTP, protocolVersion=1.1, method=GET, uriPath=/pipeline, query=, fragment=], cannot send error response, as response already sent
io.helidon.http.RequestException: java.io.IOException: Connection reset by peer
	at io.helidon.http.RequestException$Builder.build(RequestException.java:157)
	at io.helidon.webserver.http.ErrorHandlers.unhandledError(ErrorHandlers.java:205)
	at io.helidon.webserver.http.ErrorHandlers.lambda$handleError$1(ErrorHandlers.java:180)
	at java.base/java.util.Optional.ifPresentOrElse(Unknown Source)
	at io.helidon.webserver.http.ErrorHandlers.handleError(ErrorHandlers.java:179)
	at io.helidon.webserver.http.ErrorHandlers.runWithErrorHandling(ErrorHandlers.java:113)
	at io.helidon.webserver.http.Filters.filter(Filters.java:83)
	at io.helidon.webserver.http.HttpRoutingImpl.route(HttpRoutingImpl.java:74)
	at io.helidon.webserver.http1.Http1Connection.route(Http1Connection.java:548)
	at io.helidon.webserver.http1.Http1Connection.handle(Http1Connection.java:216)
	at io.helidon.webserver.ConnectionHandler.run(ConnectionHandler.java:185)
	at io.helidon.common.task.InterruptableTask.call(InterruptableTask.java:47)
	at io.helidon.webserver.ThreadPerTaskExecutor$ThreadBoundFuture.run(ThreadPerTaskExecutor.java:241)
	at java.base/java.lang.VirtualThread.run(Unknown Source)
Caused by: java.io.UncheckedIOException: java.io.IOException: Connection reset by peer
	at io.helidon.common.socket.NioSocket.write(NioSocket.java:150)
	at io.helidon.common.socket.SocketWriter.writeNow(SocketWriter.java:81)
	at io.helidon.common.socket.SocketWriterDirect.write(SocketWriterDirect.java:43)
	at io.helidon.webserver.http1.Http1ServerResponse.send(Http1ServerResponse.java:217)
	at io.helidon.webserver.http1.Http1ServerResponse.send(Http1ServerResponse.java:196)
	at io.helidon.webserver.http.ServerResponseBase.doSend(ServerResponseBase.java:314)
	at io.helidon.webserver.http.ServerResponseBase.send(ServerResponseBase.java:128)
	at com.httparena.Main.pipeline(Main.java:82)
	at io.helidon.webserver.http.HttpRoutingImpl$RoutingExecutor.doRoute(HttpRoutingImpl.java:174)
	at io.helidon.webserver.http.HttpRoutingImpl$RoutingExecutor.call(HttpRoutingImpl.java:132)
	at io.helidon.webserver.http.HttpRoutingImpl$RoutingExecutor.call(HttpRoutingImpl.java:110)
	at io.helidon.webserver.http.ErrorHandlers.runWithErrorHandling(ErrorHandlers.java:76)
	... 8 more
Caused by: java.io.IOException: Connection reset by peer
	at java.base/sun.nio.ch.SocketDispatcher.write0(Native Method)
	at java.base/sun.nio.ch.SocketDispatcher.write(Unknown Source)
	at java.base/sun.nio.ch.IOUtil.writeFromNativeBuffer(Unknown Source)
	at java.base/sun.nio.ch.IOUtil.write(Unknown Source)
	at java.base/sun.nio.ch.IOUtil.write(Unknown Source)
	at java.base/sun.nio.ch.SocketChannelImpl.implWrite(Unknown Source)
	at java.base/sun.nio.ch.SocketChannelImpl.write(Unknown Source)
	at io.helidon.common.socket.NioSocket.write(NioSocket.java:147)
	... 19 more

Apr 04, 2026 1:50:15 AM io.helidon.common.socket.SocketContext log
WARNING: [0x3b034bfe 0x216935cf] Request failed: HttpPrologue[protocol=HTTP, protocolVersion=1.1, method=GET, uriPath=/pipeline, query=, fragment=], cannot send error response, as response already sent
io.helidon.http.RequestException: java.io.IOException: Broken pipe
	at io.helidon.http.RequestException$Builder.build(RequestException.java:157)
	at io.helidon.webserver.http.ErrorHandlers.unhandledError(ErrorHandlers.java:205)
	at io.helidon.webserver.http.ErrorHandlers.lambda$handleError$1(ErrorHandlers.java:180)
	at java.base/java.util.Optional.ifPresentOrElse(Unknown Source)
	at io.helidon.webserver.http.ErrorHandlers.handleError(ErrorHandlers.java:179)
	at io.helidon.webserver.http.ErrorHandlers.runWithErrorHandling(ErrorHandlers.java:113)
	at io.helidon.webserver.http.Filters.filter(Filters.java:83)
	at io.helidon.webserver.http.HttpRoutingImpl.route(HttpRoutingImpl.java:74)
	at io.helidon.webserver.http1.Http1Connection.route(Http1Connection.java:548)
	at io.helidon.webserver.http1.Http1Connection.handle(Http1Connection.java:216)
	at io.helidon.webserver.ConnectionHandler.run(ConnectionHandler.java:185)
	at io.helidon.common.task.InterruptableTask.call(InterruptableTask.java:47)
	at io.helidon.webserver.ThreadPerTaskExecutor$ThreadBoundFuture.run(ThreadPerTaskExecutor.java:241)
	at java.base/java.lang.VirtualThread.run(Unknown Source)
Caused by: java.io.UncheckedIOException: java.io.IOException: Broken pipe
	at io.helidon.common.socket.NioSocket.write(NioSocket.java:150)
	at io.helidon.common.socket.SocketWriter.writeNow(SocketWriter.java:81)
	at io.helidon.common.socket.SocketWriterDirect.write(SocketWriterDirect.java:43)
	at io.helidon.webserver.http1.Http1ServerResponse.send(Http1ServerResponse.java:217)
	at io.helidon.webserver.http1.Http1ServerResponse.send(Http1ServerResponse.java:196)
	at io.helidon.webserver.http.ServerResponseBase.doSend(ServerResponseBase.java:314)
	at io.helidon.webserver.http.ServerResponseBase.send(ServerResponseBase.java:128)
	at com.httparena.Main.pipeline(Main.java:82)
	at io.helidon.webserver.http.HttpRoutingImpl$RoutingExecutor.doRoute(HttpRoutingImpl.java:174)
	at io.helidon.webserver.http.HttpRoutingImpl$RoutingExecutor.call(HttpRoutingImpl.java:132)
	at io.helidon.webserver.http.HttpRoutingImpl$RoutingExecutor.call(HttpRoutingImpl.java:110)
	at io.helidon.webserver.http.ErrorHandlers.runWithErrorHandling(ErrorHandlers.java:76)
	... 8 more
Caused by: java.io.IOException: Broken pipe
	at java.base/sun.nio.ch.SocketDispatcher.write0(Native Method)
	at java.base/sun.nio.ch.SocketDispatcher.write(Unknown Source)
	at java.base/sun.nio.ch.IOUtil.writeFromNativeBuffer(Unknown Source)
	at java.base/sun.nio.ch.IOUtil.write(Unknown Source)
	at java.base/sun.nio.ch.IOUtil.write(Unknown Source)
	at java.base/sun.nio.ch.SocketChannelImpl.implWrite(Unknown Source)
	at java.base/sun.nio.ch.SocketChannelImpl.write(Unknown Source)
	at io.helidon.common.socket.NioSocket.write(NioSocket.java:147)
	... 19 more

Apr 04, 2026 1:50:30 AM io.helidon.common.socket.SocketContext log
WARNING: [0x3b034bfe 0x2fd8de4a] Request failed: HttpPrologue[protocol=HTTP, protocolVersion=1.1, method=GET, uriPath=/pipeline, query=, fragment=], cannot send error response, as response already sent
io.helidon.http.RequestException: java.io.IOException: Connection reset by peer
	at io.helidon.http.RequestException$Builder.build(RequestException.java:157)
	at io.helidon.webserver.http.ErrorHandlers.unhandledError(ErrorHandlers.java:205)
	at io.helidon.webserver.http.ErrorHandlers.lambda$handleError$1(ErrorHandlers.java:180)
	at java.base/java.util.Optional.ifPresentOrElse(Unknown Source)
	at io.helidon.webserver.http.ErrorHandlers.handleError(ErrorHandlers.java:179)
	at io.helidon.webserver.http.ErrorHandlers.runWithErrorHandling(ErrorHandlers.java:113)
	at io.helidon.webserver.http.Filters.filter(Filters.java:83)
	at io.helidon.webserver.http.HttpRoutingImpl.route(HttpRoutingImpl.java:74)
	at io.helidon.webserver.http1.Http1Connection.route(Http1Connection.java:548)
	at io.helidon.webserver.http1.Http1Connection.handle(Http1Connection.java:216)
	at io.helidon.webserver.ConnectionHandler.run(ConnectionHandler.java:185)
	at io.helidon.common.task.InterruptableTask.call(InterruptableTask.java:47)
	at io.helidon.webserver.ThreadPerTaskExecutor$ThreadBoundFuture.run(ThreadPerTaskExecutor.java:241)
	at java.base/java.lang.VirtualThread.run(Unknown Source)
Caused by: java.io.UncheckedIOException: java.io.IOException: Connection reset by peer
	at io.helidon.common.socket.NioSocket.write(NioSocket.java:150)
	at io.helidon.common.socket.SocketWriter.writeNow(SocketWriter.java:81)
	at io.helidon.common.socket.SocketWriterDirect.write(SocketWriterDirect.java:43)
	at io.helidon.webserver.http1.Http1ServerResponse.send(Http1ServerResponse.java:217)
	at io.helidon.webserver.http1.Http1ServerResponse.send(Http1ServerResponse.java:196)
	at io.helidon.webserver.http.ServerResponseBase.doSend(ServerResponseBase.java:314)
	at io.helidon.webserver.http.ServerResponseBase.send(ServerResponseBase.java:128)
	at com.httparena.Main.pipeline(Main.java:82)
	at io.helidon.webserver.http.HttpRoutingImpl$RoutingExecutor.doRoute(HttpRoutingImpl.java:174)
	at io.helidon.webserver.http.HttpRoutingImpl$RoutingExecutor.call(HttpRoutingImpl.java:132)
	at io.helidon.webserver.http.HttpRoutingImpl$RoutingExecutor.call(HttpRoutingImpl.java:110)
	at io.helidon.webserver.http.ErrorHandlers.runWithErrorHandling(ErrorHandlers.java:76)
	... 8 more
Caused by: java.io.IOException: Connection reset by peer
	at java.base/sun.nio.ch.SocketDispatcher.write0(Native Method)
	at java.base/sun.nio.ch.SocketDispatcher.write(Unknown Source)
	at java.base/sun.nio.ch.IOUtil.writeFromNativeBuffer(Unknown Source)
	at java.base/sun.nio.ch.IOUtil.write(Unknown Source)
	at java.base/sun.nio.ch.IOUtil.write(Unknown Source)
	at java.base/sun.nio.ch.SocketChannelImpl.implWrite(Unknown Source)
	at java.base/sun.nio.ch.SocketChannelImpl.write(Unknown Source)
	at io.helidon.common.socket.NioSocket.write(NioSocket.java:147)
	... 19 more

Apr 04, 2026 1:50:30 AM io.helidon.common.socket.SocketContext log
WARNING: [0x3b034bfe 0x0425bdf3] Request failed: HttpPrologue[protocol=HTTP, protocolVersion=1.1, method=GET, uriPath=/pipeline, query=, fragment=], cannot send error response, as response already sent
io.helidon.http.RequestException: java.io.IOException: Connection reset by peer
	at io.helidon.http.RequestException$Builder.build(RequestException.java:157)
	at io.helidon.webserver.http.ErrorHandlers.unhandledError(ErrorHandlers.java:205)
	at io.helidon.webserver.http.ErrorHandlers.lambda$handleError$1(ErrorHandlers.java:180)
	at java.base/java.util.Optional.ifPresentOrElse(Unknown Source)
	at io.helidon.webserver.http.ErrorHandlers.handleError(ErrorHandlers.java:179)
	at io.helidon.webserver.http.ErrorHandlers.runWithErrorHandling(ErrorHandlers.java:113)
	at io.helidon.webserver.http.Filters.filter(Filters.java:83)
	at io.helidon.webserver.http.HttpRoutingImpl.route(HttpRoutingImpl.java:74)
	at io.helidon.webserver.http1.Http1Connection.route(Http1Connection.java:548)
	at io.helidon.webserver.http1.Http1Connection.handle(Http1Connection.java:216)
	at io.helidon.webserver.ConnectionHandler.run(ConnectionHandler.java:185)
	at io.helidon.common.task.InterruptableTask.call(InterruptableTask.java:47)
	at io.helidon.webserver.ThreadPerTaskExecutor$ThreadBoundFuture.run(ThreadPerTaskExecutor.java:241)
	at java.base/java.lang.VirtualThread.run(Unknown Source)
Caused by: java.io.UncheckedIOException: java.io.IOException: Connection reset by peer
	at io.helidon.common.socket.NioSocket.write(NioSocket.java:150)
	at io.helidon.common.socket.SocketWriter.writeNow(SocketWriter.java:81)
	at io.helidon.common.socket.SocketWriterDirect.write(SocketWriterDirect.java:43)
	at io.helidon.webserver.http1.Http1ServerResponse.send(Http1ServerResponse.java:217)
	at io.helidon.webserver.http1.Http1ServerResponse.send(Http1ServerResponse.java:196)
	at io.helidon.webserver.http.ServerResponseBase.doSend(ServerResponseBase.java:314)
	at io.helidon.webserver.http.ServerResponseBase.send(ServerResponseBase.java:128)
	at com.httparena.Main.pipeline(Main.java:82)
	at io.helidon.webserver.http.HttpRoutingImpl$RoutingExecutor.doRoute(HttpRoutingImpl.java:174)
	at io.helidon.webserver.http.HttpRoutingImpl$RoutingExecutor.call(HttpRoutingImpl.java:132)
	at io.helidon.webserver.http.HttpRoutingImpl$RoutingExecutor.call(HttpRoutingImpl.java:110)
	at io.helidon.webserver.http.ErrorHandlers.runWithErrorHandling(ErrorHandlers.java:76)
	... 8 more
Caused by: java.io.IOException: Connection reset by peer
	at java.base/sun.nio.ch.SocketDispatcher.write0(Native Method)
	at java.base/sun.nio.ch.SocketDispatcher.write(Unknown Source)
	at java.base/sun.nio.ch.IOUtil.writeFromNativeBuffer(Unknown Source)
	at java.base/sun.nio.ch.IOUtil.write(Unknown Source)
	at java.base/sun.nio.ch.IOUtil.write(Unknown Source)
	at java.base/sun.nio.ch.SocketChannelImpl.implWrite(Unknown Source)
	at java.base/sun.nio.ch.SocketChannelImpl.write(Unknown Source)
	at io.helidon.common.socket.NioSocket.write(NioSocket.java:147)
	... 19 more

Apr 04, 2026 1:50:30 AM io.helidon.common.socket.SocketContext log
WARNING: [0x3b034bfe 0x4d0f9a3f] Request failed: HttpPrologue[protocol=HTTP, protocolVersion=1.1, method=GET, uriPath=/pipeline, query=, fragment=], cannot send error response, as response already sent
io.helidon.http.RequestException: java.io.IOException: Connection reset by peer
	at io.helidon.http.RequestException$Builder.build(RequestException.java:157)
	at io.helidon.webserver.http.ErrorHandlers.unhandledError(ErrorHandlers.java:205)
	at io.helidon.webserver.http.ErrorHandlers.lambda$handleError$1(ErrorHandlers.java:180)
	at java.base/java.util.Optional.ifPresentOrElse(Unknown Source)
	at io.helidon.webserver.http.ErrorHandlers.handleError(ErrorHandlers.java:179)
	at io.helidon.webserver.http.ErrorHandlers.runWithErrorHandling(ErrorHandlers.java:113)
	at io.helidon.webserver.http.Filters.filter(Filters.java:83)
	at io.helidon.webserver.http.HttpRoutingImpl.route(HttpRoutingImpl.java:74)
	at io.helidon.webserver.http1.Http1Connection.route(Http1Connection.java:548)
	at io.helidon.webserver.http1.Http1Connection.handle(Http1Connection.java:216)
	at io.helidon.webserver.ConnectionHandler.run(ConnectionHandler.java:185)
	at io.helidon.common.task.InterruptableTask.call(InterruptableTask.java:47)
	at io.helidon.webserver.ThreadPerTaskExecutor$ThreadBoundFuture.run(ThreadPerTaskExecutor.java:241)
	at java.base/java.lang.VirtualThread.run(Unknown Source)
Caused by: java.io.UncheckedIOException: java.io.IOException: Connection reset by peer
	at io.helidon.common.socket.NioSocket.write(NioSocket.java:150)
	at io.helidon.common.socket.SocketWriter.writeNow(SocketWriter.java:81)
	at io.helidon.common.socket.SocketWriterDirect.write(SocketWriterDirect.java:43)
	at io.helidon.webserver.http1.Http1ServerResponse.send(Http1ServerResponse.java:217)
	at io.helidon.webserver.http1.Http1ServerResponse.send(Http1ServerResponse.java:196)
	at io.helidon.webserver.http.ServerResponseBase.doSend(ServerResponseBase.java:314)
	at io.helidon.webserver.http.ServerResponseBase.send(ServerResponseBase.java:128)
	at com.httparena.Main.pipeline(Main.java:82)
	at io.helidon.webserver.http.HttpRoutingImpl$RoutingExecutor.doRoute(HttpRoutingImpl.java:174)
	at io.helidon.webserver.http.HttpRoutingImpl$RoutingExecutor.call(HttpRoutingImpl.java:132)
	at io.helidon.webserver.http.HttpRoutingImpl$RoutingExecutor.call(HttpRoutingImpl.java:110)
	at io.helidon.webserver.http.ErrorHandlers.runWithErrorHandling(ErrorHandlers.java:76)
	... 8 more
Caused by: java.io.IOException: Connection reset by peer
	at java.base/sun.nio.ch.SocketDispatcher.write0(Native Method)
	at java.base/sun.nio.ch.SocketDispatcher.write(Unknown Source)
	at java.base/sun.nio.ch.IOUtil.writeFromNativeBuffer(Unknown Source)
	at java.base/sun.nio.ch.IOUtil.write(Unknown Source)
	at java.base/sun.nio.ch.IOUtil.write(Unknown Source)
	at java.base/sun.nio.ch.SocketChannelImpl.implWrite(Unknown Source)
	at java.base/sun.nio.ch.SocketChannelImpl.write(Unknown Source)
	at io.helidon.common.socket.NioSocket.write(NioSocket.java:147)
	... 19 more

Apr 04, 2026 1:50:30 AM io.helidon.common.socket.SocketContext log
WARNING: [0x3b034bfe 0x31677706] Request failed: HttpPrologue[protocol=HTTP, protocolVersion=1.1, method=GET, uriPath=/pipeline, query=, fragment=], cannot send error response, as response already sent
io.helidon.http.RequestException: java.io.IOException: Broken pipe
	at io.helidon.http.RequestException$Builder.build(RequestException.java:157)
	at io.helidon.webserver.http.ErrorHandlers.unhandledError(ErrorHandlers.java:205)
	at io.helidon.webserver.http.ErrorHandlers.lambda$handleError$1(ErrorHandlers.java:180)
	at java.base/java.util.Optional.ifPresentOrElse(Unknown Source)
	at io.helidon.webserver.http.ErrorHandlers.handleError(ErrorHandlers.java:179)
	at io.helidon.webserver.http.ErrorHandlers.runWithErrorHandling(ErrorHandlers.java:113)
	at io.helidon.webserver.http.Filters.filter(Filters.java:83)
	at io.helidon.webserver.http.HttpRoutingImpl.route(HttpRoutingImpl.java:74)
	at io.helidon.webserver.http1.Http1Connection.route(Http1Connection.java:548)
	at io.helidon.webserver.http1.Http1Connection.handle(Http1Connection.java:216)
	at io.helidon.webserver.ConnectionHandler.run(ConnectionHandler.java:185)
	at io.helidon.common.task.InterruptableTask.call(InterruptableTask.java:47)
	at io.helidon.webserver.ThreadPerTaskExecutor$ThreadBoundFuture.run(ThreadPerTaskExecutor.java:241)
	at java.base/java.lang.VirtualThread.run(Unknown Source)
Caused by: java.io.UncheckedIOException: java.io.IOException: Broken pipe
	at io.helidon.common.socket.NioSocket.write(NioSocket.java:150)
	at io.helidon.common.socket.SocketWriter.writeNow(SocketWriter.java:81)
	at io.helidon.common.socket.SocketWriterDirect.write(SocketWriterDirect.java:43)
	at io.helidon.webserver.http1.Http1ServerResponse.send(Http1ServerResponse.java:217)
	at io.helidon.webserver.http1.Http1ServerResponse.send(Http1ServerResponse.java:196)
	at io.helidon.webserver.http.ServerResponseBase.doSend(ServerResponseBase.java:314)
	at io.helidon.webserver.http.ServerResponseBase.send(ServerResponseBase.java:128)
	at com.httparena.Main.pipeline(Main.java:82)
	at io.helidon.webserver.http.HttpRoutingImpl$RoutingExecutor.doRoute(HttpRoutingImpl.java:174)
	at io.helidon.webserver.http.HttpRoutingImpl$RoutingExecutor.call(HttpRoutingImpl.java:132)
	at io.helidon.webserver.http.HttpRoutingImpl$RoutingExecutor.call(HttpRoutingImpl.java:110)
	at io.helidon.webserver.http.ErrorHandlers.runWithErrorHandling(ErrorHandlers.java:76)
	... 8 more
Caused by: java.io.IOException: Broken pipe
	at java.base/sun.nio.ch.SocketDispatcher.write0(Native Method)
	at java.base/sun.nio.ch.SocketDispatcher.write(Unknown Source)
	at java.base/sun.nio.ch.IOUtil.writeFromNativeBuffer(Unknown Source)
	at java.base/sun.nio.ch.IOUtil.write(Unknown Source)
	at java.base/sun.nio.ch.IOUtil.write(Unknown Source)
	at java.base/sun.nio.ch.SocketChannelImpl.implWrite(Unknown Source)
	at java.base/sun.nio.ch.SocketChannelImpl.write(Unknown Source)
	at io.helidon.common.socket.NioSocket.write(NioSocket.java:147)
	... 19 more

Apr 04, 2026 1:50:30 AM io.helidon.common.socket.SocketContext log
WARNING: [0x3b034bfe 0x7ee5f0e9] Request failed: HttpPrologue[protocol=HTTP, protocolVersion=1.1, method=GET, uriPath=/pipeline, query=, fragment=], cannot send error response, as response already sent
io.helidon.http.RequestException: java.io.IOException: Connection reset by peer
	at io.helidon.http.RequestException$Builder.build(RequestException.java:157)
	at io.helidon.webserver.http.ErrorHandlers.unhandledError(ErrorHandlers.java:205)
	at io.helidon.webserver.http.ErrorHandlers.lambda$handleError$1(ErrorHandlers.java:180)
	at java.base/java.util.Optional.ifPresentOrElse(Unknown Source)
	at io.helidon.webserver.http.ErrorHandlers.handleError(ErrorHandlers.java:179)
	at io.helidon.webserver.http.ErrorHandlers.runWithErrorHandling(ErrorHandlers.java:113)
	at io.helidon.webserver.http.Filters.filter(Filters.java:83)
	at io.helidon.webserver.http.HttpRoutingImpl.route(HttpRoutingImpl.java:74)
	at io.helidon.webserver.http1.Http1Connection.route(Http1Connection.java:548)
	at io.helidon.webserver.http1.Http1Connection.handle(Http1Connection.java:216)
	at io.helidon.webserver.ConnectionHandler.run(ConnectionHandler.java:185)
	at io.helidon.common.task.InterruptableTask.call(InterruptableTask.java:47)
	at io.helidon.webserver.ThreadPerTaskExecutor$ThreadBoundFuture.run(ThreadPerTaskExecutor.java:241)
	at java.base/java.lang.VirtualThread.run(Unknown Source)
Caused by: java.io.UncheckedIOException: java.io.IOException: Connection reset by peer
	at io.helidon.common.socket.NioSocket.write(NioSocket.java:150)
	at io.helidon.common.socket.SocketWriter.writeNow(SocketWriter.java:81)
	at io.helidon.common.socket.SocketWriterDirect.write(SocketWriterDirect.java:43)
	at io.helidon.webserver.http1.Http1ServerResponse.send(Http1ServerResponse.java:217)
	at io.helidon.webserver.http1.Http1ServerResponse.send(Http1ServerResponse.java:196)
	at io.helidon.webserver.http.ServerResponseBase.doSend(ServerResponseBase.java:314)
	at io.helidon.webserver.http.ServerResponseBase.send(ServerResponseBase.java:128)
	at com.httparena.Main.pipeline(Main.java:82)
	at io.helidon.webserver.http.HttpRoutingImpl$RoutingExecutor.doRoute(HttpRoutingImpl.java:174)
	at io.helidon.webserver.http.HttpRoutingImpl$RoutingExecutor.call(HttpRoutingImpl.java:132)
	at io.helidon.webserver.http.HttpRoutingImpl$RoutingExecutor.call(HttpRoutingImpl.java:110)
	at io.helidon.webserver.http.ErrorHandlers.runWithErrorHandling(ErrorHandlers.java:76)
	... 8 more
Caused by: java.io.IOException: Connection reset by peer
	at java.base/sun.nio.ch.SocketDispatcher.write0(Native Method)
	at java.base/sun.nio.ch.SocketDispatcher.write(Unknown Source)
	at java.base/sun.nio.ch.IOUtil.writeFromNativeBuffer(Unknown Source)
	at java.base/sun.nio.ch.IOUtil.write(Unknown Source)
	at java.base/sun.nio.ch.IOUtil.write(Unknown Source)
	at java.base/sun.nio.ch.SocketChannelImpl.implWrite(Unknown Source)
	at java.base/sun.nio.ch.SocketChannelImpl.write(Unknown Source)
	at io.helidon.common.socket.NioSocket.write(NioSocket.java:147)
	... 19 more

Apr 04, 2026 1:50:30 AM io.helidon.common.socket.SocketContext log
WARNING: [0x3b034bfe 0x28e9429a] Request failed: HttpPrologue[protocol=HTTP, protocolVersion=1.1, method=GET, uriPath=/pipeline, query=, fragment=], cannot send error response, as response already sent
io.helidon.http.RequestException: java.io.IOException: Connection reset by peer
	at io.helidon.http.RequestException$Builder.build(RequestException.java:157)
	at io.helidon.webserver.http.ErrorHandlers.unhandledError(ErrorHandlers.java:205)
	at io.helidon.webserver.http.ErrorHandlers.lambda$handleError$1(ErrorHandlers.java:180)
	at java.base/java.util.Optional.ifPresentOrElse(Unknown Source)
	at io.helidon.webserver.http.ErrorHandlers.handleError(ErrorHandlers.java:179)
	at io.helidon.webserver.http.ErrorHandlers.runWithErrorHandling(ErrorHandlers.java:113)
	at io.helidon.webserver.http.Filters.filter(Filters.java:83)
	at io.helidon.webserver.http.HttpRoutingImpl.route(HttpRoutingImpl.java:74)
	at io.helidon.webserver.http1.Http1Connection.route(Http1Connection.java:548)
	at io.helidon.webserver.http1.Http1Connection.handle(Http1Connection.java:216)
	at io.helidon.webserver.ConnectionHandler.run(ConnectionHandler.java:185)
	at io.helidon.common.task.InterruptableTask.call(InterruptableTask.java:47)
	at io.helidon.webserver.ThreadPerTaskExecutor$ThreadBoundFuture.run(ThreadPerTaskExecutor.java:241)
	at java.base/java.lang.VirtualThread.run(Unknown Source)
Caused by: java.io.UncheckedIOException: java.io.IOException: Connection reset by peer
	at io.helidon.common.socket.NioSocket.write(NioSocket.java:150)
	at io.helidon.common.socket.SocketWriter.writeNow(SocketWriter.java:81)
	at io.helidon.common.socket.SocketWriterDirect.write(SocketWriterDirect.java:43)
	at io.helidon.webserver.http1.Http1ServerResponse.send(Http1ServerResponse.java:217)
	at io.helidon.webserver.http1.Http1ServerResponse.send(Http1ServerResponse.java:196)
	at io.helidon.webserver.http.ServerResponseBase.doSend(ServerResponseBase.java:314)
	at io.helidon.webserver.http.ServerResponseBase.send(ServerResponseBase.java:128)
	at com.httparena.Main.pipeline(Main.java:82)
	at io.helidon.webserver.http.HttpRoutingImpl$RoutingExecutor.doRoute(HttpRoutingImpl.java:174)
	at io.helidon.webserver.http.HttpRoutingImpl$RoutingExecutor.call(HttpRoutingImpl.java:132)
	at io.helidon.webserver.http.HttpRoutingImpl$RoutingExecutor.call(HttpRoutingImpl.java:110)
	at io.helidon.webserver.http.ErrorHandlers.runWithErrorHandling(ErrorHandlers.java:76)
	... 8 more
Caused by: java.io.IOException: Connection reset by peer
	at java.base/sun.nio.ch.SocketDispatcher.write0(Native Method)
	at java.base/sun.nio.ch.SocketDispatcher.write(Unknown Source)
	at java.base/sun.nio.ch.IOUtil.writeFromNativeBuffer(Unknown Source)
	at java.base/sun.nio.ch.IOUtil.write(Unknown Source)
	at java.base/sun.nio.ch.IOUtil.write(Unknown Source)
	at java.base/sun.nio.ch.SocketChannelImpl.implWrite(Unknown Source)
	at java.base/sun.nio.ch.SocketChannelImpl.write(Unknown Source)
	at io.helidon.common.socket.NioSocket.write(NioSocket.java:147)
	... 19 more

Apr 04, 2026 1:50:30 AM io.helidon.common.socket.SocketContext log
WARNING: [0x3b034bfe 0x5122e286] Request failed: HttpPrologue[protocol=HTTP, protocolVersion=1.1, method=GET, uriPath=/pipeline, query=, fragment=], cannot send error response, as response already sent
io.helidon.http.RequestException: java.io.IOException: Connection reset by peer
	at io.helidon.http.RequestException$Builder.build(RequestException.java:157)
	at io.helidon.webserver.http.ErrorHandlers.unhandledError(ErrorHandlers.java:205)
	at io.helidon.webserver.http.ErrorHandlers.lambda$handleError$1(ErrorHandlers.java:180)
	at java.base/java.util.Optional.ifPresentOrElse(Unknown Source)
	at io.helidon.webserver.http.ErrorHandlers.handleError(ErrorHandlers.java:179)
	at io.helidon.webserver.http.ErrorHandlers.runWithErrorHandling(ErrorHandlers.java:113)
	at io.helidon.webserver.http.Filters.filter(Filters.java:83)
	at io.helidon.webserver.http.HttpRoutingImpl.route(HttpRoutingImpl.java:74)
	at io.helidon.webserver.http1.Http1Connection.route(Http1Connection.java:548)
	at io.helidon.webserver.http1.Http1Connection.handle(Http1Connection.java:216)
	at io.helidon.webserver.ConnectionHandler.run(ConnectionHandler.java:185)
	at io.helidon.common.task.InterruptableTask.call(InterruptableTask.java:47)
	at io.helidon.webserver.ThreadPerTaskExecutor$ThreadBoundFuture.run(ThreadPerTaskExecutor.java:241)
	at java.base/java.lang.VirtualThread.run(Unknown Source)
Caused by: java.io.UncheckedIOException: java.io.IOException: Connection reset by peer
	at io.helidon.common.socket.NioSocket.write(NioSocket.java:150)
	at io.helidon.common.socket.SocketWriter.writeNow(SocketWriter.java:81)
	at io.helidon.common.socket.SocketWriterDirect.write(SocketWriterDirect.java:43)
	at io.helidon.webserver.http1.Http1ServerResponse.send(Http1ServerResponse.java:217)
	at io.helidon.webserver.http1.Http1ServerResponse.send(Http1ServerResponse.java:196)
	at io.helidon.webserver.http.ServerResponseBase.doSend(ServerResponseBase.java:314)
	at io.helidon.webserver.http.ServerResponseBase.send(ServerResponseBase.java:128)
	at com.httparena.Main.pipeline(Main.java:82)
	at io.helidon.webserver.http.HttpRoutingImpl$RoutingExecutor.doRoute(HttpRoutingImpl.java:174)
	at io.helidon.webserver.http.HttpRoutingImpl$RoutingExecutor.call(HttpRoutingImpl.java:132)
	at io.helidon.webserver.http.HttpRoutingImpl$RoutingExecutor.call(HttpRoutingImpl.java:110)
	at io.helidon.webserver.http.ErrorHandlers.runWithErrorHandling(ErrorHandlers.java:76)
	... 8 more
Caused by: java.io.IOException: Connection reset by peer
	at java.base/sun.nio.ch.SocketDispatcher.write0(Native Method)
	at java.base/sun.nio.ch.SocketDispatcher.write(Unknown Source)
	at java.base/sun.nio.ch.IOUtil.writeFromNativeBuffer(Unknown Source)
	at java.base/sun.nio.ch.IOUtil.write(Unknown Source)
	at java.base/sun.nio.ch.IOUtil.write(Unknown Source)
	at java.base/sun.nio.ch.SocketChannelImpl.implWrite(Unknown Source)
	at java.base/sun.nio.ch.SocketChannelImpl.write(Unknown Source)
	at io.helidon.common.socket.NioSocket.write(NioSocket.java:147)
	... 19 more

Apr 04, 2026 1:50:30 AM io.helidon.common.socket.SocketContext log
WARNING: [0x3b034bfe 0x3023c8d4] Request failed: HttpPrologue[protocol=HTTP, protocolVersion=1.1, method=GET, uriPath=/pipeline, query=, fragment=], cannot send error response, as response already sent
io.helidon.http.RequestException: java.io.IOException: Broken pipe
	at io.helidon.http.RequestException$Builder.build(RequestException.java:157)
	at io.helidon.webserver.http.ErrorHandlers.unhandledError(ErrorHandlers.java:205)
	at io.helidon.webserver.http.ErrorHandlers.lambda$handleError$1(ErrorHandlers.java:180)
	at java.base/java.util.Optional.ifPresentOrElse(Unknown Source)
	at io.helidon.webserver.http.ErrorHandlers.handleError(ErrorHandlers.java:179)
	at io.helidon.webserver.http.ErrorHandlers.runWithErrorHandling(ErrorHandlers.java:113)
	at io.helidon.webserver.http.Filters.filter(Filters.java:83)
	at io.helidon.webserver.http.HttpRoutingImpl.route(HttpRoutingImpl.java:74)
	at io.helidon.webserver.http1.Http1Connection.route(Http1Connection.java:548)
	at io.helidon.webserver.http1.Http1Connection.handle(Http1Connection.java:216)
	at io.helidon.webserver.ConnectionHandler.run(ConnectionHandler.java:185)
	at io.helidon.common.task.InterruptableTask.call(InterruptableTask.java:47)
	at io.helidon.webserver.ThreadPerTaskExecutor$ThreadBoundFuture.run(ThreadPerTaskExecutor.java:241)
	at java.base/java.lang.VirtualThread.run(Unknown Source)
Caused by: java.io.UncheckedIOException: java.io.IOException: Broken pipe
	at io.helidon.common.socket.NioSocket.write(NioSocket.java:150)
	at io.helidon.common.socket.SocketWriter.writeNow(SocketWriter.java:81)
	at io.helidon.common.socket.SocketWriterDirect.write(SocketWriterDirect.java:43)
	at io.helidon.webserver.http1.Http1ServerResponse.send(Http1ServerResponse.java:217)
	at io.helidon.webserver.http1.Http1ServerResponse.send(Http1ServerResponse.java:196)
	at io.helidon.webserver.http.ServerResponseBase.doSend(ServerResponseBase.java:314)
	at io.helidon.webserver.http.ServerResponseBase.send(ServerResponseBase.java:128)
	at com.httparena.Main.pipeline(Main.java:82)
	at io.helidon.webserver.http.HttpRoutingImpl$RoutingExecutor.doRoute(HttpRoutingImpl.java:174)
	at io.helidon.webserver.http.HttpRoutingImpl$RoutingExecutor.call(HttpRoutingImpl.java:132)
	at io.helidon.webserver.http.HttpRoutingImpl$RoutingExecutor.call(HttpRoutingImpl.java:110)
	at io.helidon.webserver.http.ErrorHandlers.runWithErrorHandling(ErrorHandlers.java:76)
	... 8 more
Caused by: java.io.IOException: Broken pipe
	at java.base/sun.nio.ch.SocketDispatcher.write0(Native Method)
	at java.base/sun.nio.ch.SocketDispatcher.write(Unknown Source)
	at java.base/sun.nio.ch.IOUtil.writeFromNativeBuffer(Unknown Source)
	at java.base/sun.nio.ch.IOUtil.write(Unknown Source)
	at java.base/sun.nio.ch.IOUtil.write(Unknown Source)
	at java.base/sun.nio.ch.SocketChannelImpl.implWrite(Unknown Source)
	at java.base/sun.nio.ch.SocketChannelImpl.write(Unknown Source)
	at io.helidon.common.socket.NioSocket.write(NioSocket.java:147)
	... 19 more

Apr 04, 2026 1:50:30 AM io.helidon.common.socket.SocketContext log
WARNING: [0x3b034bfe 0x29b7fd4d] Request failed: HttpPrologue[protocol=HTTP, protocolVersion=1.1, method=GET, uriPath=/pipeline, query=, fragment=], cannot send error response, as response already sent
io.helidon.http.RequestException: java.io.IOException: Connection reset by peer
	at io.helidon.http.RequestException$Builder.build(RequestException.java:157)
	at io.helidon.webserver.http.ErrorHandlers.unhandledError(ErrorHandlers.java:205)
	at io.helidon.webserver.http.ErrorHandlers.lambda$handleError$1(ErrorHandlers.java:180)
	at java.base/java.util.Optional.ifPresentOrElse(Unknown Source)
	at io.helidon.webserver.http.ErrorHandlers.handleError(ErrorHandlers.java:179)
	at io.helidon.webserver.http.ErrorHandlers.runWithErrorHandling(ErrorHandlers.java:113)
	at io.helidon.webserver.http.Filters.filter(Filters.java:83)
	at io.helidon.webserver.http.HttpRoutingImpl.route(HttpRoutingImpl.java:74)
	at io.helidon.webserver.http1.Http1Connection.route(Http1Connection.java:548)
	at io.helidon.webserver.http1.Http1Connection.handle(Http1Connection.java:216)
	at io.helidon.webserver.ConnectionHandler.run(ConnectionHandler.java:185)
	at io.helidon.common.task.InterruptableTask.call(InterruptableTask.java:47)
	at io.helidon.webserver.ThreadPerTaskExecutor$ThreadBoundFuture.run(ThreadPerTaskExecutor.java:241)
	at java.base/java.lang.VirtualThread.run(Unknown Source)
Caused by: java.io.UncheckedIOException: java.io.IOException: Connection reset by peer
	at io.helidon.common.socket.NioSocket.write(NioSocket.java:150)
	at io.helidon.common.socket.SocketWriter.writeNow(SocketWriter.java:81)
	at io.helidon.common.socket.SocketWriterDirect.write(SocketWriterDirect.java:43)
	at io.helidon.webserver.http1.Http1ServerResponse.send(Http1ServerResponse.java:217)
	at io.helidon.webserver.http1.Http1ServerResponse.send(Http1ServerResponse.java:196)
	at io.helidon.webserver.http.ServerResponseBase.doSend(ServerResponseBase.java:314)
	at io.helidon.webserver.http.ServerResponseBase.send(ServerResponseBase.java:128)
	at com.httparena.Main.pipeline(Main.java:82)
	at io.helidon.webserver.http.HttpRoutingImpl$RoutingExecutor.doRoute(HttpRoutingImpl.java:174)
	at io.helidon.webserver.http.HttpRoutingImpl$RoutingExecutor.call(HttpRoutingImpl.java:132)
	at io.helidon.webserver.http.HttpRoutingImpl$RoutingExecutor.call(HttpRoutingImpl.java:110)
	at io.helidon.webserver.http.ErrorHandlers.runWithErrorHandling(ErrorHandlers.java:76)
	... 8 more
Caused by: java.io.IOException: Connection reset by peer
	at java.base/sun.nio.ch.SocketDispatcher.write0(Native Method)
	at java.base/sun.nio.ch.SocketDispatcher.write(Unknown Source)
	at java.base/sun.nio.ch.IOUtil.writeFromNativeBuffer(Unknown Source)
	at java.base/sun.nio.ch.IOUtil.write(Unknown Source)
	at java.base/sun.nio.ch.IOUtil.write(Unknown Source)
	at java.base/sun.nio.ch.SocketChannelImpl.implWrite(Unknown Source)
	at java.base/sun.nio.ch.SocketChannelImpl.write(Unknown Source)
	at io.helidon.common.socket.NioSocket.write(NioSocket.java:147)
	... 19 more

Apr 04, 2026 1:50:30 AM io.helidon.common.socket.SocketContext log
WARNING: [0x3b034bfe 0x4a33e3fd] Request failed: HttpPrologue[protocol=HTTP, protocolVersion=1.1, method=GET, uriPath=/pipeline, query=, fragment=], cannot send error response, as response already sent
io.helidon.http.RequestException: java.io.IOException: Connection reset by peer
	at io.helidon.http.RequestException$Builder.build(RequestException.java:157)
	at io.helidon.webserver.http.ErrorHandlers.unhandledError(ErrorHandlers.java:205)
	at io.helidon.webserver.http.ErrorHandlers.lambda$handleError$1(ErrorHandlers.java:180)
	at java.base/java.util.Optional.ifPresentOrElse(Unknown Source)
	at io.helidon.webserver.http.ErrorHandlers.handleError(ErrorHandlers.java:179)
	at io.helidon.webserver.http.ErrorHandlers.runWithErrorHandling(ErrorHandlers.java:113)
	at io.helidon.webserver.http.Filters.filter(Filters.java:83)
	at io.helidon.webserver.http.HttpRoutingImpl.route(HttpRoutingImpl.java:74)
	at io.helidon.webserver.http1.Http1Connection.route(Http1Connection.java:548)
	at io.helidon.webserver.http1.Http1Connection.handle(Http1Connection.java:216)
	at io.helidon.webserver.ConnectionHandler.run(ConnectionHandler.java:185)
	at io.helidon.common.task.InterruptableTask.call(InterruptableTask.java:47)
	at io.helidon.webserver.ThreadPerTaskExecutor$ThreadBoundFuture.run(ThreadPerTaskExecutor.java:241)
	at java.base/java.lang.VirtualThread.run(Unknown Source)
Caused by: java.io.UncheckedIOException: java.io.IOException: Connection reset by peer
	at io.helidon.common.socket.NioSocket.write(NioSocket.java:150)
	at io.helidon.common.socket.SocketWriter.writeNow(SocketWriter.java:81)
	at io.helidon.common.socket.SocketWriterDirect.write(SocketWriterDirect.java:43)
	at io.helidon.webserver.http1.Http1ServerResponse.send(Http1ServerResponse.java:217)
	at io.helidon.webserver.http1.Http1ServerResponse.send(Http1ServerResponse.java:196)
	at io.helidon.webserver.http.ServerResponseBase.doSend(ServerResponseBase.java:314)
	at io.helidon.webserver.http.ServerResponseBase.send(ServerResponseBase.java:128)
	at com.httparena.Main.pipeline(Main.java:82)
	at io.helidon.webserver.http.HttpRoutingImpl$RoutingExecutor.doRoute(HttpRoutingImpl.java:174)
	at io.helidon.webserver.http.HttpRoutingImpl$RoutingExecutor.call(HttpRoutingImpl.java:132)
	at io.helidon.webserver.http.HttpRoutingImpl$RoutingExecutor.call(HttpRoutingImpl.java:110)
	at io.helidon.webserver.http.ErrorHandlers.runWithErrorHandling(ErrorHandlers.java:76)
	... 8 more
Caused by: java.io.IOException: Connection reset by peer
	at java.base/sun.nio.ch.SocketDispatcher.write0(Native Method)
	at java.base/sun.nio.ch.SocketDispatcher.write(Unknown Source)
	at java.base/sun.nio.ch.IOUtil.writeFromNativeBuffer(Unknown Source)
	at java.base/sun.nio.ch.IOUtil.write(Unknown Source)
	at java.base/sun.nio.ch.IOUtil.write(Unknown Source)
	at java.base/sun.nio.ch.SocketChannelImpl.implWrite(Unknown Source)
	at java.base/sun.nio.ch.SocketChannelImpl.write(Unknown Source)
	at io.helidon.common.socket.NioSocket.write(NioSocket.java:147)
	... 19 more

Apr 04, 2026 1:50:30 AM io.helidon.common.socket.SocketContext log
WARNING: [0x3b034bfe 0x64b5b14e] Request failed: HttpPrologue[protocol=HTTP, protocolVersion=1.1, method=GET, uriPath=/pipeline, query=, fragment=], cannot send error response, as response already sent
io.helidon.http.RequestException: java.io.IOException: Connection reset by peer
	at io.helidon.http.RequestException$Builder.build(RequestException.java:157)
	at io.helidon.webserver.http.ErrorHandlers.unhandledError(ErrorHandlers.java:205)
	at io.helidon.webserver.http.ErrorHandlers.lambda$handleError$1(ErrorHandlers.java:180)
	at java.base/java.util.Optional.ifPresentOrElse(Unknown Source)
	at io.helidon.webserver.http.ErrorHandlers.handleError(ErrorHandlers.java:179)
	at io.helidon.webserver.http.ErrorHandlers.runWithErrorHandling(ErrorHandlers.java:113)
	at io.helidon.webserver.http.Filters.filter(Filters.java:83)
	at io.helidon.webserver.http.HttpRoutingImpl.route(HttpRoutingImpl.java:74)
	at io.helidon.webserver.http1.Http1Connection.route(Http1Connection.java:548)
	at io.helidon.webserver.http1.Http1Connection.handle(Http1Connection.java:216)
	at io.helidon.webserver.ConnectionHandler.run(ConnectionHandler.java:185)
	at io.helidon.common.task.InterruptableTask.call(InterruptableTask.java:47)
	at io.helidon.webserver.ThreadPerTaskExecutor$ThreadBoundFuture.run(ThreadPerTaskExecutor.java:241)
	at java.base/java.lang.VirtualThread.run(Unknown Source)
Caused by: java.io.UncheckedIOException: java.io.IOException: Connection reset by peer
	at io.helidon.common.socket.NioSocket.write(NioSocket.java:150)
	at io.helidon.common.socket.SocketWriter.writeNow(SocketWriter.java:81)
	at io.helidon.common.socket.SocketWriterDirect.write(SocketWriterDirect.java:43)
	at io.helidon.webserver.http1.Http1ServerResponse.send(Http1ServerResponse.java:217)
	at io.helidon.webserver.http1.Http1ServerResponse.send(Http1ServerResponse.java:196)
	at io.helidon.webserver.http.ServerResponseBase.doSend(ServerResponseBase.java:314)
	at io.helidon.webserver.http.ServerResponseBase.send(ServerResponseBase.java:128)
	at com.httparena.Main.pipeline(Main.java:82)
	at io.helidon.webserver.http.HttpRoutingImpl$RoutingExecutor.doRoute(HttpRoutingImpl.java:174)
	at io.helidon.webserver.http.HttpRoutingImpl$RoutingExecutor.call(HttpRoutingImpl.java:132)
	at io.helidon.webserver.http.HttpRoutingImpl$RoutingExecutor.call(HttpRoutingImpl.java:110)
	at io.helidon.webserver.http.ErrorHandlers.runWithErrorHandling(ErrorHandlers.java:76)
	... 8 more
Caused by: java.io.IOException: Connection reset by peer
	at java.base/sun.nio.ch.SocketDispatcher.write0(Native Method)
	at java.base/sun.nio.ch.SocketDispatcher.write(Unknown Source)
	at java.base/sun.nio.ch.IOUtil.writeFromNativeBuffer(Unknown Source)
	at java.base/sun.nio.ch.IOUtil.write(Unknown Source)
	at java.base/sun.nio.ch.IOUtil.write(Unknown Source)
	at java.base/sun.nio.ch.SocketChannelImpl.implWrite(Unknown Source)
	at java.base/sun.nio.ch.SocketChannelImpl.write(Unknown Source)
	at io.helidon.common.socket.NioSocket.write(NioSocket.java:147)
	... 19 more

Apr 04, 2026 1:50:30 AM io.helidon.common.socket.SocketContext log
WARNING: [0x3b034bfe 0x51deef7a] Request failed: HttpPrologue[protocol=HTTP, protocolVersion=1.1, method=GET, uriPath=/pipeline, query=, fragment=], cannot send error response, as response already sent
io.helidon.http.RequestException: java.io.IOException: Connection reset by peer
	at io.helidon.http.RequestException$Builder.build(RequestException.java:157)
	at io.helidon.webserver.http.ErrorHandlers.unhandledError(ErrorHandlers.java:205)
	at io.helidon.webserver.http.ErrorHandlers.lambda$handleError$1(ErrorHandlers.java:180)
	at java.base/java.util.Optional.ifPresentOrElse(Unknown Source)
	at io.helidon.webserver.http.ErrorHandlers.handleError(ErrorHandlers.java:179)
	at io.helidon.webserver.http.ErrorHandlers.runWithErrorHandling(ErrorHandlers.java:113)
	at io.helidon.webserver.http.Filters.filter(Filters.java:83)
	at io.helidon.webserver.http.HttpRoutingImpl.route(HttpRoutingImpl.java:74)
	at io.helidon.webserver.http1.Http1Connection.route(Http1Connection.java:548)
	at io.helidon.webserver.http1.Http1Connection.handle(Http1Connection.java:216)
	at io.helidon.webserver.ConnectionHandler.run(ConnectionHandler.java:185)
	at io.helidon.common.task.InterruptableTask.call(InterruptableTask.java:47)
	at io.helidon.webserver.ThreadPerTaskExecutor$ThreadBoundFuture.run(ThreadPerTaskExecutor.java:241)
	at java.base/java.lang.VirtualThread.run(Unknown Source)
Caused by: java.io.UncheckedIOException: java.io.IOException: Connection reset by peer
	at io.helidon.common.socket.NioSocket.write(NioSocket.java:150)
	at io.helidon.common.socket.SocketWriter.writeNow(SocketWriter.java:81)
	at io.helidon.common.socket.SocketWriterDirect.write(SocketWriterDirect.java:43)
	at io.helidon.webserver.http1.Http1ServerResponse.send(Http1ServerResponse.java:217)
	at io.helidon.webserver.http1.Http1ServerResponse.send(Http1ServerResponse.java:196)
	at io.helidon.webserver.http.ServerResponseBase.doSend(ServerResponseBase.java:314)
	at io.helidon.webserver.http.ServerResponseBase.send(ServerResponseBase.java:128)
	at com.httparena.Main.pipeline(Main.java:82)
	at io.helidon.webserver.http.HttpRoutingImpl$RoutingExecutor.doRoute(HttpRoutingImpl.java:174)
	at io.helidon.webserver.http.HttpRoutingImpl$RoutingExecutor.call(HttpRoutingImpl.java:132)
	at io.helidon.webserver.http.HttpRoutingImpl$RoutingExecutor.call(HttpRoutingImpl.java:110)
	at io.helidon.webserver.http.ErrorHandlers.runWithErrorHandling(ErrorHandlers.java:76)
	... 8 more
Caused by: java.io.IOException: Connection reset by peer
	at java.base/sun.nio.ch.SocketDispatcher.write0(Native Method)
	at java.base/sun.nio.ch.SocketDispatcher.write(Unknown Source)
	at java.base/sun.nio.ch.IOUtil.writeFromNativeBuffer(Unknown Source)
	at java.base/sun.nio.ch.IOUtil.write(Unknown Source)
	at java.base/sun.nio.ch.IOUtil.write(Unknown Source)
	at java.base/sun.nio.ch.SocketChannelImpl.implWrite(Unknown Source)
	at java.base/sun.nio.ch.SocketChannelImpl.write(Unknown Source)
	at io.helidon.common.socket.NioSocket.write(NioSocket.java:147)
	... 19 more

Apr 04, 2026 1:50:30 AM io.helidon.common.socket.SocketContext log
WARNING: [0x3b034bfe 0x0bfdedce] Request failed: HttpPrologue[protocol=HTTP, protocolVersion=1.1, method=GET, uriPath=/pipeline, query=, fragment=], cannot send error response, as response already sent
io.helidon.http.RequestException: java.io.IOException: Broken pipe
	at io.helidon.http.RequestException$Builder.build(RequestException.java:157)
	at io.helidon.webserver.http.ErrorHandlers.unhandledError(ErrorHandlers.java:205)
	at io.helidon.webserver.http.ErrorHandlers.lambda$handleError$1(ErrorHandlers.java:180)
	at java.base/java.util.Optional.ifPresentOrElse(Unknown Source)
	at io.helidon.webserver.http.ErrorHandlers.handleError(ErrorHandlers.java:179)
	at io.helidon.webserver.http.ErrorHandlers.runWithErrorHandling(ErrorHandlers.java:113)
	at io.helidon.webserver.http.Filters.filter(Filters.java:83)
	at io.helidon.webserver.http.HttpRoutingImpl.route(HttpRoutingImpl.java:74)
	at io.helidon.webserver.http1.Http1Connection.route(Http1Connection.java:548)
	at io.helidon.webserver.http1.Http1Connection.handle(Http1Connection.java:216)
	at io.helidon.webserver.ConnectionHandler.run(ConnectionHandler.java:185)
	at io.helidon.common.task.InterruptableTask.call(InterruptableTask.java:47)
	at io.helidon.webserver.ThreadPerTaskExecutor$ThreadBoundFuture.run(ThreadPerTaskExecutor.java:241)
	at java.base/java.lang.VirtualThread.run(Unknown Source)
Caused by: java.io.UncheckedIOException: java.io.IOException: Broken pipe
	at io.helidon.common.socket.NioSocket.write(NioSocket.java:150)
	at io.helidon.common.socket.SocketWriter.writeNow(SocketWriter.java:81)
	at io.helidon.common.socket.SocketWriterDirect.write(SocketWriterDirect.java:43)
	at io.helidon.webserver.http1.Http1ServerResponse.send(Http1ServerResponse.java:217)
	at io.helidon.webserver.http1.Http1ServerResponse.send(Http1ServerResponse.java:196)
	at io.helidon.webserver.http.ServerResponseBase.doSend(ServerResponseBase.java:314)
	at io.helidon.webserver.http.ServerResponseBase.send(ServerResponseBase.java:128)
	at com.httparena.Main.pipeline(Main.java:82)
	at io.helidon.webserver.http.HttpRoutingImpl$RoutingExecutor.doRoute(HttpRoutingImpl.java:174)
	at io.helidon.webserver.http.HttpRoutingImpl$RoutingExecutor.call(HttpRoutingImpl.java:132)
	at io.helidon.webserver.http.HttpRoutingImpl$RoutingExecutor.call(HttpRoutingImpl.java:110)
	at io.helidon.webserver.http.ErrorHandlers.runWithErrorHandling(ErrorHandlers.java:76)
	... 8 more
Caused by: java.io.IOException: Broken pipe
	at java.base/sun.nio.ch.SocketDispatcher.write0(Native Method)
	at java.base/sun.nio.ch.SocketDispatcher.write(Unknown Source)
	at java.base/sun.nio.ch.IOUtil.writeFromNativeBuffer(Unknown Source)
	at java.base/sun.nio.ch.IOUtil.write(Unknown Source)
	at java.base/sun.nio.ch.IOUtil.write(Unknown Source)
	at java.base/sun.nio.ch.SocketChannelImpl.implWrite(Unknown Source)
	at java.base/sun.nio.ch.SocketChannelImpl.write(Unknown Source)
	at io.helidon.common.socket.NioSocket.write(NioSocket.java:147)
	... 19 more

Apr 04, 2026 1:50:30 AM io.helidon.common.socket.SocketContext log
WARNING: [0x3b034bfe 0x03220b2e] Request failed: HttpPrologue[protocol=HTTP, protocolVersion=1.1, method=GET, uriPath=/pipeline, query=, fragment=], cannot send error response, as response already sent
io.helidon.http.RequestException: java.io.IOException: Connection reset by peer
	at io.helidon.http.RequestException$Builder.build(RequestException.java:157)
	at io.helidon.webserver.http.ErrorHandlers.unhandledError(ErrorHandlers.java:205)
	at io.helidon.webserver.http.ErrorHandlers.lambda$handleError$1(ErrorHandlers.java:180)
	at java.base/java.util.Optional.ifPresentOrElse(Unknown Source)
	at io.helidon.webserver.http.ErrorHandlers.handleError(ErrorHandlers.java:179)
	at io.helidon.webserver.http.ErrorHandlers.runWithErrorHandling(ErrorHandlers.java:113)
	at io.helidon.webserver.http.Filters.filter(Filters.java:83)
	at io.helidon.webserver.http.HttpRoutingImpl.route(HttpRoutingImpl.java:74)
	at io.helidon.webserver.http1.Http1Connection.route(Http1Connection.java:548)
	at io.helidon.webserver.http1.Http1Connection.handle(Http1Connection.java:216)
	at io.helidon.webserver.ConnectionHandler.run(ConnectionHandler.java:185)
	at io.helidon.common.task.InterruptableTask.call(InterruptableTask.java:47)
	at io.helidon.webserver.ThreadPerTaskExecutor$ThreadBoundFuture.run(ThreadPerTaskExecutor.java:241)
	at java.base/java.lang.VirtualThread.run(Unknown Source)
Caused by: java.io.UncheckedIOException: java.io.IOException: Connection reset by peer
	at io.helidon.common.socket.NioSocket.write(NioSocket.java:150)
	at io.helidon.common.socket.SocketWriter.writeNow(SocketWriter.java:81)
	at io.helidon.common.socket.SocketWriterDirect.write(SocketWriterDirect.java:43)
	at io.helidon.webserver.http1.Http1ServerResponse.send(Http1ServerResponse.java:217)
	at io.helidon.webserver.http1.Http1ServerResponse.send(Http1ServerResponse.java:196)
	at io.helidon.webserver.http.ServerResponseBase.doSend(ServerResponseBase.java:314)
	at io.helidon.webserver.http.ServerResponseBase.send(ServerResponseBase.java:128)
	at com.httparena.Main.pipeline(Main.java:82)
	at io.helidon.webserver.http.HttpRoutingImpl$RoutingExecutor.doRoute(HttpRoutingImpl.java:174)
	at io.helidon.webserver.http.HttpRoutingImpl$RoutingExecutor.call(HttpRoutingImpl.java:132)
	at io.helidon.webserver.http.HttpRoutingImpl$RoutingExecutor.call(HttpRoutingImpl.java:110)
	at io.helidon.webserver.http.ErrorHandlers.runWithErrorHandling(ErrorHandlers.java:76)
	... 8 more
Caused by: java.io.IOException: Connection reset by peer
	at java.base/sun.nio.ch.SocketDispatcher.write0(Native Method)
	at java.base/sun.nio.ch.SocketDispatcher.write(Unknown Source)
	at java.base/sun.nio.ch.IOUtil.writeFromNativeBuffer(Unknown Source)
	at java.base/sun.nio.ch.IOUtil.write(Unknown Source)
	at java.base/sun.nio.ch.IOUtil.write(Unknown Source)
	at java.base/sun.nio.ch.SocketChannelImpl.implWrite(Unknown Source)
	at java.base/sun.nio.ch.SocketChannelImpl.write(Unknown Source)
	at io.helidon.common.socket.NioSocket.write(NioSocket.java:147)
	... 19 more

Apr 04, 2026 1:50:30 AM io.helidon.common.socket.SocketContext log
WARNING: [0x3b034bfe 0x44713b7a] Request failed: HttpPrologue[protocol=HTTP, protocolVersion=1.1, method=GET, uriPath=/pipeline, query=, fragment=], cannot send error response, as response already sent
io.helidon.http.RequestException: java.io.IOException: Connection reset by peer
	at io.helidon.http.RequestException$Builder.build(RequestException.java:157)
	at io.helidon.webserver.http.ErrorHandlers.unhandledError(ErrorHandlers.java:205)
	at io.helidon.webserver.http.ErrorHandlers.lambda$handleError$1(ErrorHandlers.java:180)
	at java.base/java.util.Optional.ifPresentOrElse(Unknown Source)
	at io.helidon.webserver.http.ErrorHandlers.handleError(ErrorHandlers.java:179)
	at io.helidon.webserver.http.ErrorHandlers.runWithErrorHandling(ErrorHandlers.java:113)
	at io.helidon.webserver.http.Filters.filter(Filters.java:83)
	at io.helidon.webserver.http.HttpRoutingImpl.route(HttpRoutingImpl.java:74)
	at io.helidon.webserver.http1.Http1Connection.route(Http1Connection.java:548)
	at io.helidon.webserver.http1.Http1Connection.handle(Http1Connection.java:216)
	at io.helidon.webserver.ConnectionHandler.run(ConnectionHandler.java:185)
	at io.helidon.common.task.InterruptableTask.call(InterruptableTask.java:47)
	at io.helidon.webserver.ThreadPerTaskExecutor$ThreadBoundFuture.run(ThreadPerTaskExecutor.java:241)
	at java.base/java.lang.VirtualThread.run(Unknown Source)
Caused by: java.io.UncheckedIOException: java.io.IOException: Connection reset by peer
	at io.helidon.common.socket.NioSocket.write(NioSocket.java:150)
	at io.helidon.common.socket.SocketWriter.writeNow(SocketWriter.java:81)
	at io.helidon.common.socket.SocketWriterDirect.write(SocketWriterDirect.java:43)
	at io.helidon.webserver.http1.Http1ServerResponse.send(Http1ServerResponse.java:217)
	at io.helidon.webserver.http1.Http1ServerResponse.send(Http1ServerResponse.java:196)
	at io.helidon.webserver.http.ServerResponseBase.doSend(ServerResponseBase.java:314)
	at io.helidon.webserver.http.ServerResponseBase.send(ServerResponseBase.java:128)
	at com.httparena.Main.pipeline(Main.java:82)
	at io.helidon.webserver.http.HttpRoutingImpl$RoutingExecutor.doRoute(HttpRoutingImpl.java:174)
	at io.helidon.webserver.http.HttpRoutingImpl$RoutingExecutor.call(HttpRoutingImpl.java:132)
	at io.helidon.webserver.http.HttpRoutingImpl$RoutingExecutor.call(HttpRoutingImpl.java:110)
	at io.helidon.webserver.http.ErrorHandlers.runWithErrorHandling(ErrorHandlers.java:76)
	... 8 more
Caused by: java.io.IOException: Connection reset by peer
	at java.base/sun.nio.ch.SocketDispatcher.write0(Native Method)
	at java.base/sun.nio.ch.SocketDispatcher.write(Unknown Source)
	at java.base/sun.nio.ch.IOUtil.writeFromNativeBuffer(Unknown Source)
	at java.base/sun.nio.ch.IOUtil.write(Unknown Source)
	at java.base/sun.nio.ch.IOUtil.write(Unknown Source)
	at java.base/sun.nio.ch.SocketChannelImpl.implWrite(Unknown Source)
	at java.base/sun.nio.ch.SocketChannelImpl.write(Unknown Source)
	at io.helidon.common.socket.NioSocket.write(NioSocket.java:147)
	... 19 more

Apr 04, 2026 1:50:30 AM io.helidon.common.socket.SocketContext log
WARNING: [0x3b034bfe 0x517f1bfd] Request failed: HttpPrologue[protocol=HTTP, protocolVersion=1.1, method=GET, uriPath=/pipeline, query=, fragment=], cannot send error response, as response already sent
io.helidon.http.RequestException: java.io.IOException: Connection reset by peer
	at io.helidon.http.RequestException$Builder.build(RequestException.java:157)
	at io.helidon.webserver.http.ErrorHandlers.unhandledError(ErrorHandlers.java:205)
	at io.helidon.webserver.http.ErrorHandlers.lambda$handleError$1(ErrorHandlers.java:180)
	at java.base/java.util.Optional.ifPresentOrElse(Unknown Source)
	at io.helidon.webserver.http.ErrorHandlers.handleError(ErrorHandlers.java:179)
	at io.helidon.webserver.http.ErrorHandlers.runWithErrorHandling(ErrorHandlers.java:113)
	at io.helidon.webserver.http.Filters.filter(Filters.java:83)
	at io.helidon.webserver.http.HttpRoutingImpl.route(HttpRoutingImpl.java:74)
	at io.helidon.webserver.http1.Http1Connection.route(Http1Connection.java:548)
	at io.helidon.webserver.http1.Http1Connection.handle(Http1Connection.java:216)
	at io.helidon.webserver.ConnectionHandler.run(ConnectionHandler.java:185)
	at io.helidon.common.task.InterruptableTask.call(InterruptableTask.java:47)
	at io.helidon.webserver.ThreadPerTaskExecutor$ThreadBoundFuture.run(ThreadPerTaskExecutor.java:241)
	at java.base/java.lang.VirtualThread.run(Unknown Source)
Caused by: java.io.UncheckedIOException: java.io.IOException: Connection reset by peer
	at io.helidon.common.socket.NioSocket.write(NioSocket.java:150)
	at io.helidon.common.socket.SocketWriter.writeNow(SocketWriter.java:81)
	at io.helidon.common.socket.SocketWriterDirect.write(SocketWriterDirect.java:43)
	at io.helidon.webserver.http1.Http1ServerResponse.send(Http1ServerResponse.java:217)
	at io.helidon.webserver.http1.Http1ServerResponse.send(Http1ServerResponse.java:196)
	at io.helidon.webserver.http.ServerResponseBase.doSend(ServerResponseBase.java:314)
	at io.helidon.webserver.http.ServerResponseBase.send(ServerResponseBase.java:128)
	at com.httparena.Main.pipeline(Main.java:82)
	at io.helidon.webserver.http.HttpRoutingImpl$RoutingExecutor.doRoute(HttpRoutingImpl.java:174)
	at io.helidon.webserver.http.HttpRoutingImpl$RoutingExecutor.call(HttpRoutingImpl.java:132)
	at io.helidon.webserver.http.HttpRoutingImpl$RoutingExecutor.call(HttpRoutingImpl.java:110)
	at io.helidon.webserver.http.ErrorHandlers.runWithErrorHandling(ErrorHandlers.java:76)
	... 8 more
Caused by: java.io.IOException: Connection reset by peer
	at java.base/sun.nio.ch.SocketDispatcher.write0(Native Method)
	at java.base/sun.nio.ch.SocketDispatcher.write(Unknown Source)
	at java.base/sun.nio.ch.IOUtil.writeFromNativeBuffer(Unknown Source)
	at java.base/sun.nio.ch.IOUtil.write(Unknown Source)
	at java.base/sun.nio.ch.IOUtil.write(Unknown Source)
	at java.base/sun.nio.ch.SocketChannelImpl.implWrite(Unknown Source)
	at java.base/sun.nio.ch.SocketChannelImpl.write(Unknown Source)
	at io.helidon.common.socket.NioSocket.write(NioSocket.java:147)
	... 19 more

Apr 04, 2026 1:50:30 AM io.helidon.common.socket.SocketContext log
WARNING: [0x3b034bfe 0x2935da9f] Request failed: HttpPrologue[protocol=HTTP, protocolVersion=1.1, method=GET, uriPath=/pipeline, query=, fragment=], cannot send error response, as response already sent
io.helidon.http.RequestException: java.io.IOException: Connection reset by peer
	at io.helidon.http.RequestException$Builder.build(RequestException.java:157)
	at io.helidon.webserver.http.ErrorHandlers.unhandledError(ErrorHandlers.java:205)
	at io.helidon.webserver.http.ErrorHandlers.lambda$handleError$1(ErrorHandlers.java:180)
	at java.base/java.util.Optional.ifPresentOrElse(Unknown Source)
	at io.helidon.webserver.http.ErrorHandlers.handleError(ErrorHandlers.java:179)
	at io.helidon.webserver.http.ErrorHandlers.runWithErrorHandling(ErrorHandlers.java:113)
	at io.helidon.webserver.http.Filters.filter(Filters.java:83)
	at io.helidon.webserver.http.HttpRoutingImpl.route(HttpRoutingImpl.java:74)
	at io.helidon.webserver.http1.Http1Connection.route(Http1Connection.java:548)
	at io.helidon.webserver.http1.Http1Connection.handle(Http1Connection.java:216)
	at io.helidon.webserver.ConnectionHandler.run(ConnectionHandler.java:185)
	at io.helidon.common.task.InterruptableTask.call(InterruptableTask.java:47)
	at io.helidon.webserver.ThreadPerTaskExecutor$ThreadBoundFuture.run(ThreadPerTaskExecutor.java:241)
	at java.base/java.lang.VirtualThread.run(Unknown Source)
Caused by: java.io.UncheckedIOException: java.io.IOException: Connection reset by peer
	at io.helidon.common.socket.NioSocket.write(NioSocket.java:150)
	at io.helidon.common.socket.SocketWriter.writeNow(SocketWriter.java:81)
	at io.helidon.common.socket.SocketWriterDirect.write(SocketWriterDirect.java:43)
	at io.helidon.webserver.http1.Http1ServerResponse.send(Http1ServerResponse.java:217)
	at io.helidon.webserver.http1.Http1ServerResponse.send(Http1ServerResponse.java:196)
	at io.helidon.webserver.http.ServerResponseBase.doSend(ServerResponseBase.java:314)
	at io.helidon.webserver.http.ServerResponseBase.send(ServerResponseBase.java:128)
	at com.httparena.Main.pipeline(Main.java:82)
	at io.helidon.webserver.http.HttpRoutingImpl$RoutingExecutor.doRoute(HttpRoutingImpl.java:174)
	at io.helidon.webserver.http.HttpRoutingImpl$RoutingExecutor.call(HttpRoutingImpl.java:132)
	at io.helidon.webserver.http.HttpRoutingImpl$RoutingExecutor.call(HttpRoutingImpl.java:110)
	at io.helidon.webserver.http.ErrorHandlers.runWithErrorHandling(ErrorHandlers.java:76)
	... 8 more
Caused by: java.io.IOException: Connection reset by peer
	at java.base/sun.nio.ch.SocketDispatcher.write0(Native Method)
	at java.base/sun.nio.ch.SocketDispatcher.write(Unknown Source)
	at java.base/sun.nio.ch.IOUtil.writeFromNativeBuffer(Unknown Source)
	at java.base/sun.nio.ch.IOUtil.write(Unknown Source)
	at java.base/sun.nio.ch.IOUtil.write(Unknown Source)
	at java.base/sun.nio.ch.SocketChannelImpl.implWrite(Unknown Source)
	at java.base/sun.nio.ch.SocketChannelImpl.write(Unknown Source)
	at io.helidon.common.socket.NioSocket.write(NioSocket.java:147)
	... 19 more

Apr 04, 2026 1:50:30 AM io.helidon.common.socket.SocketContext log
WARNING: [0x3b034bfe 0x18ba9560] Request failed: HttpPrologue[protocol=HTTP, protocolVersion=1.1, method=GET, uriPath=/pipeline, query=, fragment=], cannot send error response, as response already sent
io.helidon.http.RequestException: java.io.IOException: Connection reset by peer
	at io.helidon.http.RequestException$Builder.build(RequestException.java:157)
	at io.helidon.webserver.http.ErrorHandlers.unhandledError(ErrorHandlers.java:205)
	at io.helidon.webserver.http.ErrorHandlers.lambda$handleError$1(ErrorHandlers.java:180)
	at java.base/java.util.Optional.ifPresentOrElse(Unknown Source)
	at io.helidon.webserver.http.ErrorHandlers.handleError(ErrorHandlers.java:179)
	at io.helidon.webserver.http.ErrorHandlers.runWithErrorHandling(ErrorHandlers.java:113)
	at io.helidon.webserver.http.Filters.filter(Filters.java:83)
	at io.helidon.webserver.http.HttpRoutingImpl.route(HttpRoutingImpl.java:74)
	at io.helidon.webserver.http1.Http1Connection.route(Http1Connection.java:548)
	at io.helidon.webserver.http1.Http1Connection.handle(Http1Connection.java:216)
	at io.helidon.webserver.ConnectionHandler.run(ConnectionHandler.java:185)
	at io.helidon.common.task.InterruptableTask.call(InterruptableTask.java:47)
	at io.helidon.webserver.ThreadPerTaskExecutor$ThreadBoundFuture.run(ThreadPerTaskExecutor.java:241)
	at java.base/java.lang.VirtualThread.run(Unknown Source)
Caused by: java.io.UncheckedIOException: java.io.IOException: Connection reset by peer
	at io.helidon.common.socket.NioSocket.write(NioSocket.java:150)
	at io.helidon.common.socket.SocketWriter.writeNow(SocketWriter.java:81)
	at io.helidon.common.socket.SocketWriterDirect.write(SocketWriterDirect.java:43)
	at io.helidon.webserver.http1.Http1ServerResponse.send(Http1ServerResponse.java:217)
	at io.helidon.webserver.http1.Http1ServerResponse.send(Http1ServerResponse.java:196)
	at io.helidon.webserver.http.ServerResponseBase.doSend(ServerResponseBase.java:314)
	at io.helidon.webserver.http.ServerResponseBase.send(ServerResponseBase.java:128)
	at com.httparena.Main.pipeline(Main.java:82)
	at io.helidon.webserver.http.HttpRoutingImpl$RoutingExecutor.doRoute(HttpRoutingImpl.java:174)
	at io.helidon.webserver.http.HttpRoutingImpl$RoutingExecutor.call(HttpRoutingImpl.java:132)
	at io.helidon.webserver.http.HttpRoutingImpl$RoutingExecutor.call(HttpRoutingImpl.java:110)
	at io.helidon.webserver.http.ErrorHandlers.runWithErrorHandling(ErrorHandlers.java:76)
	... 8 more
Caused by: java.io.IOException: Connection reset by peer
	at java.base/sun.nio.ch.SocketDispatcher.write0(Native Method)
	at java.base/sun.nio.ch.SocketDispatcher.write(Unknown Source)
	at java.base/sun.nio.ch.IOUtil.writeFromNativeBuffer(Unknown Source)
	at java.base/sun.nio.ch.IOUtil.write(Unknown Source)
	at java.base/sun.nio.ch.IOUtil.write(Unknown Source)
	at java.base/sun.nio.ch.SocketChannelImpl.implWrite(Unknown Source)
	at java.base/sun.nio.ch.SocketChannelImpl.write(Unknown Source)
	at io.helidon.common.socket.NioSocket.write(NioSocket.java:147)
	... 19 more

Apr 04, 2026 1:50:30 AM io.helidon.common.socket.SocketContext log
WARNING: [0x3b034bfe 0x6a853089] Request failed: HttpPrologue[protocol=HTTP, protocolVersion=1.1, method=GET, uriPath=/pipeline, query=, fragment=], cannot send error response, as response already sent
io.helidon.http.RequestException: java.io.IOException: Connection reset by peer
	at io.helidon.http.RequestException$Builder.build(RequestException.java:157)
	at io.helidon.webserver.http.ErrorHandlers.unhandledError(ErrorHandlers.java:205)
	at io.helidon.webserver.http.ErrorHandlers.lambda$handleError$1(ErrorHandlers.java:180)
	at java.base/java.util.Optional.ifPresentOrElse(Unknown Source)
	at io.helidon.webserver.http.ErrorHandlers.handleError(ErrorHandlers.java:179)
	at io.helidon.webserver.http.ErrorHandlers.runWithErrorHandling(ErrorHandlers.java:113)
	at io.helidon.webserver.http.Filters.filter(Filters.java:83)
	at io.helidon.webserver.http.HttpRoutingImpl.route(HttpRoutingImpl.java:74)
	at io.helidon.webserver.http1.Http1Connection.route(Http1Connection.java:548)
	at io.helidon.webserver.http1.Http1Connection.handle(Http1Connection.java:216)
	at io.helidon.webserver.ConnectionHandler.run(ConnectionHandler.java:185)
	at io.helidon.common.task.InterruptableTask.call(InterruptableTask.java:47)
	at io.helidon.webserver.ThreadPerTaskExecutor$ThreadBoundFuture.run(ThreadPerTaskExecutor.java:241)
	at java.base/java.lang.VirtualThread.run(Unknown Source)
Caused by: java.io.UncheckedIOException: java.io.IOException: Connection reset by peer
	at io.helidon.common.socket.NioSocket.write(NioSocket.java:150)
	at io.helidon.common.socket.SocketWriter.writeNow(SocketWriter.java:81)
	at io.helidon.common.socket.SocketWriterDirect.write(SocketWriterDirect.java:43)
	at io.helidon.webserver.http1.Http1ServerResponse.send(Http1ServerResponse.java:217)
	at io.helidon.webserver.http1.Http1ServerResponse.send(Http1ServerResponse.java:196)
	at io.helidon.webserver.http.ServerResponseBase.doSend(ServerResponseBase.java:314)
	at io.helidon.webserver.http.ServerResponseBase.send(ServerResponseBase.java:128)
	at com.httparena.Main.pipeline(Main.java:82)
	at io.helidon.webserver.http.HttpRoutingImpl$RoutingExecutor.doRoute(HttpRoutingImpl.java:174)
	at io.helidon.webserver.http.HttpRoutingImpl$RoutingExecutor.call(HttpRoutingImpl.java:132)
	at io.helidon.webserver.http.HttpRoutingImpl$RoutingExecutor.call(HttpRoutingImpl.java:110)
	at io.helidon.webserver.http.ErrorHandlers.runWithErrorHandling(ErrorHandlers.java:76)
	... 8 more
Caused by: java.io.IOException: Connection reset by peer
	at java.base/sun.nio.ch.SocketDispatcher.write0(Native Method)
	at java.base/sun.nio.ch.SocketDispatcher.write(Unknown Source)
	at java.base/sun.nio.ch.IOUtil.writeFromNativeBuffer(Unknown Source)
	at java.base/sun.nio.ch.IOUtil.write(Unknown Source)
	at java.base/sun.nio.ch.IOUtil.write(Unknown Source)
	at java.base/sun.nio.ch.SocketChannelImpl.implWrite(Unknown Source)
	at java.base/sun.nio.ch.SocketChannelImpl.write(Unknown Source)
	at io.helidon.common.socket.NioSocket.write(NioSocket.java:147)
	... 19 more

