  from /app/server in '??'
  from /app/server in '??'
  from /app/server in '??'
  from /app/server in '??'
  from /app/server in '??'
  from /app/server in '??'
  from ???

2026-03-16T19:12:40.486799Z  ERROR - kemal: Closed stream
Closed stream (IO::Error)
  from /app/server in '??'
  from /app/server in '??'
  from /app/server in '??'
  from /app/server in '??'
  from /app/server in '??'
  from /app/server in '??'
  from /app/server in '??'
  from /app/server in '??'
  from /app/server in '??'
  from /app/server in '??'
  from /app/server in '??'
  from /app/server in '??'
  from /app/server in '??'
  from ???

2026-03-16T19:12:40.486818Z  ERROR - http.server: Unhandled exception on HTTP::Handler
Closed stream (IO::Error)
  from /app/server in '??'
  from /app/server in '??'
  from /app/server in '??'
  from /app/server in '??'
  from /app/server in '??'
  from /app/server in '??'
  from /app/server in '??'
  from /app/server in '??'
  from ???

2026-03-16T19:12:40.490007Z  ERROR - kemal: Closed stream
Closed stream (IO::Error)
  from /app/server in '??'
  from /app/server in '??'
  from /app/server in '??'
  from /app/server in '??'
  from /app/server in '??'
  from /app/server in '??'
  from /app/server in '??'
  from /app/server in '??'
  from /app/server in '??'
  from /app/server in '??'
  from /app/server in '??'
  from /app/server in '??'
  from /app/server in '??'
  from ???

2026-03-16T19:12:40.490026Z  ERROR - http.server: Unhandled exception on HTTP::Handler
Closed stream (IO::Error)
  from /app/server in '??'
  from /app/server in '??'
  from /app/server in '??'
  from /app/server in '??'
  from /app/server in '??'
  from /app/server in '??'
  from /app/server in '??'
  from /app/server in '??'
  from ???

2026-03-16T19:12:40.504743Z  ERROR - kemal: Closed stream
Closed stream (IO::Error)
  from /app/server in '??'
  from /app/server in '??'
  from /app/server in '??'
  from /app/server in '??'
  from /app/server in '??'
  from /app/server in '??'
  from /app/server in '??'
  from /app/server in '??'
  from /app/server in '??'
  from /app/server in '??'
  from /app/server in '??'
  from /app/server in '??'
  from /app/server in '??'
  from ???

2026-03-16T19:12:40.504763Z  ERROR - http.server: Unhandled exception on HTTP::Handler
Closed stream (IO::Error)
  from /app/server in '??'
  from /app/server in '??'
2026-03-16T19:12:40.524827Z  ERROR - kemal: Closed stream
Closed stream (IO::Error)
  from /app/server in '??'
  from /app/server in '??'
  from /app/server in '??'
  from /app/server in '??'
  from /app/server in '??'
  from /app/server in '??'
  from /app/server in '??'
  from /app/server in '??'
  from /app/server in '??'
  from /app/server in '??'
  from /app/server in '??'
  from /app/server in '??'
  from /app/server in '??'
  from /app/server in '??'
  from ???

2026-03-16T19:12:40.524852Z  ERROR - http.server: Unhandled exception on HTTP::Handler
Closed stream (IO::Error)
  from /app/server in '??'
  from /app/server in '??'
  from /app/server in '??'
  from /app/server in '??'
  from /app/server in '??'
  from /app/server in '??'
  from /app/server in '??'
  from /app/server in '??'
  from /app/server in '??'
  from /app/server in '??'
  from /app/server in '??'
  from /app/server in '??'
  from /app/server in '??'
  from ???
  from ???


2026-03-16T19:12:40.529242Z  ERROR - kemal: Closed stream
Closed stream (IO::Error)
  from /app/server in '??'
  from /app/server in '??'
  from /app/server in '??'
  from /app/server in '??'
  from /app/server in '??'
  from /app/server in '??'
  from /app/server in '??'
  from /app/server in '??'
  from /app/server in '??'
  from /app/server in '??'
  from /app/server in '??'
  from /app/server in '??'
  from /app/server in '??'
  from ???

2026-03-16T19:12:40.529261Z  ERROR - http.server: Unhandled exception on HTTP::Handler
Closed stream (IO::Error)
  from /app/server in '??'
  from /app/server in '??'
  from /app/server in '??'
  from /app/server in '??'
  from /app/server in '??'
  from /app/server in '??'
  from /app/server in '??'
  from /app/server in '??'
  from ???

2026-03-16T19:12:40.580184Z  ERROR - kemal: Closed stream
Closed stream (IO::Error)
  from /app/server in '??'
  from /app/server in '??'
  from /app/server in '??'
  from /app/server in '??'
  from /app/server in '??'
  from /app/server in '??'
  from /app/server in '??'
  from /app/server in '??'
  from /app/server in '??'
  from /app/server in '??'
  from /app/server in '??'
  from /app/server in '??'
  from /app/server in '??'
  from ???

2026-03-16T19:12:40.580209Z  ERROR - http.server: Unhandled exception on HTTP::Handler
Closed stream (IO::Error)
  from /app/server in '??'
  from /app/server in '??'
  from /app/server in '??'
  from /app/server in '??'
  from /app/server in '??'
  from /app/server in '??'
  from /app/server in '??'
  from /app/server in '??'
  from ???

2026-03-16T19:12:40.424912Z  ERROR - kemal: Closed stream
Closed stream (IO::Error)
  from /app/server in '??'
  from /app/server in '??'
  from /app/server in '??'
  from /app/server in '??'
  from /app/server in '??'
  from /app/server in '??'
  from /app/server in '??'
  from /app/server in '??'
  from /app/server in '??'
  from /app/server in '??'
  from /app/server in '??'
  from /app/server in '??'
  from /app/server in '??'
  from ???

2026-03-16T19:12:40.424934Z  ERROR - http.server: Unhandled exception on HTTP::Handler
Closed stream (IO::Error)
  from /app/server in '??'
  from /app/server in '??'
  from /app/server in '??'
  from /app/server in '??'
  from /app/server in '??'
  from /app/server in '??'
  from /app/server in '??'
  from /app/server in '??'
  from ???

2026-03-16T19:12:40.495458Z  ERROR - kemal: Closed stream
Closed stream (IO::Error)
2026-03-16T19:12:40.428284Z  ERROR - kemal: Closed stream
  from /app/server in '??'
  from /app/server in '??'
  from /app/server in '??'
  from /app/server in '??'
  from /app/server in '??'
  from /app/server in '??'
  from /app/server in '??'
  from /app/server in '??'
  from /app/server in '??'
  from /app/server in '??'
  from /app/server in '??'
  from /app/server in '??'
  from /app/server in '??'
  from ???

2026-03-16T19:12:40.495482Z  ERROR - http.server: Unhandled exception on HTTP::Handler
Closed stream (IO::Error)
  from /app/server in '??'
Closed stream (IO::Error  from /app/server in '??'
)
  from /app/server in '??'
  from /app/server in '??'
  from /app/server in '??'
  from /app/server in '??'
  from /app/server in '??'
  from /app/server in '??'
  from ???

  from /app/server in '??'
  from /app/server in '??'
  from /app/server in '??'
  from /app/server in '??'
  from /app/server in '??'
  from /app/server in '??'
  from /app/server in '??'
  from /app/server in '??'
  from /app/server in '??'
  from /app/server in '??'
  from /app/server in '??'
  from /app/server in '??'
  from /app/server in '??'
  from ???

2026-03-16T19:12:40.428305Z  ERROR - http.server: Unhandled exception on HTTP::Handler
Closed stream (IO::Error)
  from /app/server in '??'
  from /app/server in '??'
  from /app/server in '??'
  from /app/server in '??'
  from /app/server in '??'
  from /app/server in '??'
  from /app/server in '??'
  from /app/server in '??'
  from ???

2026-03-16T19:12:40.446238Z  ERROR - kemal: Closed stream
Closed stream (IO::Error)
  from /app/server in '??'
  from /app/server in '??'
  from /app/server in '??'
  from /app/server in '??'
  from /app/server in '??'
  from /app/server in '??'
  from /app/server in '??'
  from /app/server in '??'
  from /app/server in '??'
  from /app/server in '??'
  from /app/server in '??'
  from /app/server in '??'
  from /app/server in '??'
  from ???

2026-03-16T19:12:40.446277Z  ERROR - http.server: Unhandled exception on HTTP::Handler
Closed stream (IO::Error)
  from /app/server in '??'
  from /app/server in '??'
  from /app/server in '??'
  from /app/server in '??'
  from /app/server in '??'
  from /app/server in '??'
  from /app/server in '??'
  from /app/server in '??'
  from ???

2026-03-16T19:12:40.497624Z  ERROR - kemal: Closed stream
Closed stream (IO::Error)
  from /app/server in '??'
  from /app/server in '??'
  from /app/server in '??'
  from /app/server in '??'
  from /app/server in '??'
  from /app/server in '??'
  from /app/server in '??'
  from /app/server in '??'
  from /app/server in '??'
  from /app/server in '??'
  from /app/server in '??'
  from /app/server in '??'
  from /app/server in '??'
  from ???

2026-03-16T19:12:40.497645Z  ERROR - http.server: Unhandled exception on HTTP::Handler
Closed stream (IO::Error)
  from /app/server in '??'
  from /app/server in '??'
  from /app/server in '??'
  from /app/server in '??'
  from /app/server in '??'
  from /app/server in '??'
  from /app/server in '??'
  from /app/server in '??'
  from ???

2026-03-16T19:12:40.559135Z  ERROR - kemal: Error while flushing data to the client
Error while flushing data to the client (HTTP::Server::ClientError)
  from /app/server in '??'
  from /app/server in '??'
  from /app/server in '??'
  from /app/server in '??'
  from /app/server in '??'
  from /app/server in '??'
  from /app/server in '??'
  from /app/server in '??'
  from /app/server in '??'
  from /app/server in '??'
  from /app/server in '??'
  from /app/server in '??'
  from /app/server in '??'
  from /app/server in '??'
  from ???
Caused by: Error writing to socket (#<TCPSocket:0x7514c72a44c0>): Connection reset by peer (IO::Error)
  from /app/server in '??'
  from /app/server in '??'
  from /app/server in '??'
  from /app/server in '??'
  from /app/server in '??'
  from /app/server in '??'
  from /app/server in '??'
  from /app/server in '??'
  from /app/server in '??'
  from /app/server in '??'
  from /app/server in '??'
  from /app/server in '??'
  from /app/server in '??'
  from /app/server in '??'
  from /app/server in '??'
  from ???

2026-03-16T19:12:40.559161Z  ERROR - http.server: Unhandled exception on HTTP::Handler
Closed stream (IO::Error)
  from /app/server in '??'
  from /app/server in '??'
  from /app/server in '??'
  from /app/server in '??'
  from /app/server in '??'
  from /app/server in '??'
  from /app/server in '??'
  from /app/server in '??'
  from ???

2026-03-16T19:12:40.437780Z  ERROR - kemal: Closed stream
Closed stream (IO::Error)
  from /app/server in '??'
  from /app/server in '??'
  from /app/server in '??'
  from /app/server in '??'
  from /app/server in '??'
  from /app/server in '??'
  from /app/server in '??'
  from /app/server in '??'
  from /app/server in '??'
  from /app/server in '??'
  from /app/server in '??'
  from /app/server in '??'
  from /app/server in '??'
  from ???

2026-03-16T19:12:40.437802Z  ERROR - http.server: Unhandled exception on HTTP::Handler
Closed stream (IO::Error)
  from /app/server in '??'
  from /app/server in '??'
  from /app/server in '??'
  from /app/server in '??'
  from /app/server in '??'
  from /app/server in '??'
  from /app/server in '??'
  from /app/server in '??'
  from ???

2026-03-16T19:12:40.387596Z  ERROR - kemal: Closed stream
Closed stream (IO::Error)
2026-03-16T19:12:40.491538Z  ERROR - kemal: Closed stream
Closed stream (IO::Error  from /app/server in '??'
  from /app/server in '??'
  from /app/server in '??'
  from /app/server in '??'
  from /app/server in '??'
  from /app/server in '??'
  from /app/server in '??'
  from /app/server in '??'
  from /app/server in '??'
  from /app/server in '??'
  from /app/server in '??'
  from /app/server in '??'
  from /app/server in '??'
  from ???

2026-03-16T19:12:40.387622Z  ERROR - http.server: Unhandled exception on HTTP::Handler
Closed stream (IO::Error)
)
  from /app/server in '??'
  from /app/server in '??'
  from /app/server in '??'
  from /app/server in '??'
  from /app/server in '??'
  from /app/server in '??'
  from /app/server in '??'
  from /app/server in '??'
  from ???

2026-03-16T19:12:40.415182Z  ERROR - kemal: Closed stream
Closed stream (IO::Error)
  from /app/server in '??'
  from /app/server in '??'
  from /app/server in '??'
  from /app/server in '??'
  from /app/server in '??'
  from /app/server in '??'
  from /app/server in '??'
  from /app/server in '??'
  from /app/server in '??'
  from /app/server in '??'
  from /app/server in '??'
  from /app/server in '??'
  from /app/server in '??'
  from ???

2026-03-16T19:12:40.415223Z  ERROR - http.server: Unhandled exception on HTTP::Handler
  from /app/server in '??'
Closed stream (IO::Error  from /app/server in '??'
)
  from /app/server in '??'
  from /app/server in '??'
  from /app/server in '??'
  from /app/server in '??'
  from /app/server in '??'
  from /app/server in '??'
  from /app/server in '??'
  from /app/server in '??'
  from /app/server in '??'
  from /app/server in '??'
  from /app/server in '??'
  from ???

  from /app/server in '??'
  from /app/server in '??'
2026-03-16T19:12:40.491570Z  ERROR - http.server: Unhandled exception on HTTP::Handler
  from /app/server in '??'
Closed stream (IO::Error  from /app/server in '??'
)
  from /app/server in '??'
  from /app/server in '??'
  from /app/server in '??'
  from /app/server in '??'
  from ???

  from /app/server in '??'
  from /app/server in '??'
  from /app/server in '??'
  from /app/server in '??'
  from /app/server in '??'
  from /app/server in '??'
  from /app/server in '??'
  from /app/server in '??'
  from ???

2026-03-16T19:12:40.510553Z  ERROR - kemal: Closed stream
Closed stream (IO::Error)
  from /app/server in '??'
  from /app/server in '??'
  from /app/server in '??'
  from /app/server in '??'
  from /app/server in '??'
  from /app/server in '??'
  from /app/server in '??'
  from /app/server in '??'
  from /app/server in '??'
  from /app/server in '??'
  from /app/server in '??'
  from /app/server in '??'
  from /app/server in '??'
  from ???

2026-03-16T19:12:40.510582Z  ERROR - http.server: Unhandled exception on HTTP::Handler
Closed stream (IO::Error)
  from /app/server in '??'
  from /app/server in '??'
  from /app/server in '??'
  from /app/server in '??'
  from /app/server in '??'
  from /app/server in '??'
  from /app/server in '??'
  from /app/server in '??'
  from ???

2026-03-16T19:12:40.537598Z  ERROR - kemal: Closed stream
2026-03-16T19:12:40.517906Z  ERROR - kemal: Closed stream
Closed stream (IO::Error)
2026-03-16T19:12:40.585526Z  ERROR - kemal: Error while flushing data to the client
Error while flushing data to the client (HTTP::Server::ClientError)
  from /app/server in '??'
  from /app/server in '??'
  from /app/server in '??'
  from /app/server in '??'
  from /app/server in '??'
  from /app/server in '??'
  from /app/server in '??'
  from /app/server in '??'
  from /app/server in '??'
  from /app/server in '??'
  from /app/server in '??'
  from /app/server in '??'
  from /app/server in '??'
  from ???

2026-03-16T19:12:40.517931Z  ERROR - http.server: Unhandled exception on HTTP::Handler
Closed stream (IO::Error)
  from /app/server in '??'
  from /app/server in '??'
Closed stream (IO::Error  from /app/server in '??'
  from /app/server in '??'
)
  from /app/server in '??'
  from /app/server in '??'
  from /app/server in '??'
  from /app/server in '??'
  from /app/server in '??'
  from /app/server in '??'
  from /app/server in '??'
  from /app/server in '??'
  from /app/server in '??'
  from /app/server in '??'
  from /app/server in '??'
  from ???

  from /app/server in '??'
  from /app/server in '??'
2026-03-16T19:12:40.523380Z  ERROR - kemal: Closed stream
  from /app/server in '??'
Closed stream (IO::Error  from /app/server in '??'
)
  from /app/server in '??'
  from /app/server in '??'
  from /app/server in '??'
  from ???
Caused by: Error writing to socket (#<TCPSocket:0x7100aa581e40>): Connection reset by peer (IO::Error)
  from /app/server in '??'
  from /app/server in '??'
  from /app/server in '??'
  from /app/server in '??'
  from /app/server in '??'
  from /app/server in '??'
  from /app/server in '??'
  from /app/server in '??'
  from /app/server in '??'
  from /app/server in '??'
  from /app/server in '??'
  from /app/server in '??'
  from /app/server in '??'
  from /app/server in '??'
  from /app/server in '??'
  from ???
  from /app/server in '??'

  from /app/server in '??'
  from /app/server in '??'
  from /app/server in '??'
  from /app/server in '??'
2026-03-16T19:12:40.537624Z  ERROR - http.server: Unhandled exception on HTTP::Handler
  from /app/server in '??'
  from /app/server in '??'
Closed stream (IO::Error  from /app/server in '??'
)
  from /app/server in '??'
  from /app/server in '??'
  from /app/server in '??'
  from ???

2026-03-16T19:12:40.523462Z  ERROR - http.server: Unhandled exception on HTTP::Handler
  from /app/server in '??'
Closed stream (IO::Error  from /app/server in '??'
)
  from /app/server in '??'
  from /app/server in '??'
  from /app/server in '??'
  from /app/server in '??'
  from /app/server in '??'
  from /app/server in '??'
  from /app/server in '??'
  from /app/server in '??'
  from /app/server in '??'
  from /app/server in '??'
  from /app/server in '??'
  from /app/server in '??'
  from /app/server in '??'
  from /app/server in '??'
  from /app/server in '??'
  from /app/server in '??'
  from /app/server in '??'
  from /app/server in '??'
  from /app/server in '??'
  from ???
  from /app/server in '??'
  from /app/server in '??'

  from /app/server in '??'
  from /app/server in '??'
  from /app/server in '??'
  from /app/server in '??'
  from /app/server in '??'
  from /app/server in '??'
  from /app/server in '??'
  from /app/server in '??'
  from ???
  from ???


2026-03-16T19:12:40.568622Z  ERROR - kemal: Closed stream
2026-03-16T19:12:40.585552Z  ERROR - http.server: Unhandled exception on HTTP::Handler
Closed stream (IO::Error)
Closed stream (IO::Error)
  from /app/server in '??'
  from /app/server in '??'
  from /app/server in '??'
  from /app/server in '??'
  from /app/server in '??'
  from /app/server in '??'
  from /app/server in '??'
  from /app/server in '??'
  from /app/server in '??'
  from /app/server in '??'
  from /app/server in '??'
  from /app/server in '??'
  from /app/server in '??'
  from /app/server in '??'
  from /app/server in '??'
  from /app/server in '??'
  from /app/server in '??'
  from /app/server in '??'
  from /app/server in '??'
  from ???
  from /app/server in '??'

  from /app/server in '??'
  from ???

2026-03-16T19:12:40.568651Z  ERROR - http.server: Unhandled exception on HTTP::Handler
Closed stream (IO::Error)
  from /app/server in '??'
  from /app/server in '??'
  from /app/server in '??'
  from /app/server in '??'
  from /app/server in '??'
  from /app/server in '??'
  from /app/server in '??'
  from /app/server in '??'
  from ???

2026-03-16T19:12:40.539040Z  ERROR - kemal: Closed stream
Closed stream (IO::Error)
  from /app/server in '??'
  from /app/server in '??'
  from /app/server in '??'
  from /app/server in '??'
  from /app/server in '??'
  from /app/server in '??'
  from /app/server in '??'
  from /app/server in '??'
  from /app/server in '??'
  from /app/server in '??'
  from /app/server in '??'
  from /app/server in '??'
  from /app/server in '??'
  from ???

2026-03-16T19:12:40.539065Z  ERROR - http.server: Unhandled exception on HTTP::Handler
Closed stream (IO::Error)
  from /app/server in '??'
  from /app/server in '??'
  from /app/server in '??'
  from /app/server in '??'
  from /app/server in '??'
  from /app/server in '??'
  from /app/server in '??'
  from /app/server in '??'
  from ???

2026-03-16T19:12:40.550730Z  ERROR - kemal: Closed stream
Closed stream (IO::Error)
  from /app/server in '??'
  from /app/server in '??'
  from /app/server in '??'
  from /app/server in '??'
  from /app/server in '??'
  from /app/server in '??'
  from /app/server in '??'
  from /app/server in '??'
  from /app/server in '??'
  from /app/server in '??'
  from /app/server in '??'
  from /app/server in '??'
  from /app/server in '??'
  from ???

2026-03-16T19:12:40.550757Z  ERROR - http.server: Unhandled exception on HTTP::Handler
Closed stream (IO::Error)
  from /app/server in '??'
  from /app/server in '??'
  from /app/server in '??'
  from /app/server in '??'
  from /app/server in '??'
  from /app/server in '??'
  from /app/server in '??'
  from /app/server in '??'
  from ???

2026-03-16T19:12:40.521323Z  ERROR - kemal: Closed stream
Closed stream (IO::Error)
  from /app/server in '??'
  from /app/server in '??'
  from /app/server in '??'
  from /app/server in '??'
  from /app/server in '??'
  from /app/server in '??'
  from /app/server in '??'
  from /app/server in '??'
  from /app/server in '??'
  from /app/server in '??'
  from /app/server in '??'
  from /app/server in '??'
  from /app/server in '??'
  from ???

2026-03-16T19:12:40.521347Z  ERROR - http.server: Unhandled exception on HTTP::Handler
Closed stream (IO::Error)
2026-03-16T19:12:40.499286Z  ERROR - kemal: Closed stream
  from /app/server in '??'
  from /app/server in '??'
Closed stream (IO::Error  from /app/server in '??'
)
  from /app/server in '??'
  from /app/server in '??'
  from /app/server in '??'
  from /app/server in '??'
  from /app/server in '??'
  from ???

2026-03-16T19:12:40.536193Z  ERROR - kemal: Closed stream
Closed stream (IO::Error)
  from /app/server in '??'
  from /app/server in '??'
  from /app/server in '??'
  from /app/server in '??'
  from /app/server in '??'
  from /app/server in '??'
  from /app/server in '??'
  from /app/server in '??'
  from /app/server in '??'
  from /app/server in '??'
  from /app/server in '??'
  from /app/server in '??'
  from /app/server in '??'
  from /app/server in '??'
  from /app/server in '??'
  from /app/server in '??'
  from /app/server in '??'
  from /app/server in '??'
  from /app/server in '??'
  from /app/server in '??'
  from /app/server in '??'
  from /app/server in '??'
  from /app/server in '??'
  from /app/server in '??'
  from /app/server in '??'
  from /app/server in '??'
  from ???
  from ???


2026-03-16T19:12:40.536212Z  ERROR - http.server: Unhandled exception on HTTP::Handler
Closed stream (IO::Error2026-03-16T19:12:40.499314Z  ERROR - http.server: Unhandled exception on HTTP::Handler
)
Closed stream (IO::Error)
  from /app/server in '??'
  from /app/server in '??'
  from /app/server in '??'
  from /app/server in '??'
  from /app/server in '??'
  from /app/server in '??'
  from /app/server in '??'
  from /app/server in '??'
  from /app/server in '??'
  from /app/server in '??'
  from /app/server in '??'
  from /app/server in '??'
  from /app/server in '??'
  from /app/server in '??'
  from ???
  from /app/server in '??'

  from /app/server in '??'
2026-03-16T19:12:40.575380Z  ERROR - kemal: Closed stream
  from ???
Closed stream (IO::Error
)
2026-03-16T19:12:40.547695Z  ERROR - kemal: Closed stream
Closed stream (IO::Error)
2026-03-16T19:12:40.469969Z  ERROR - kemal: Closed stream
  from /app/server in '??'
  from /app/server in '??'
  from /app/server in '??'
Closed stream (IO::Error  from /app/server in '??'
)
  from /app/server in '??'
  from /app/server in '??'
  from /app/server in '??'
  from /app/server in '??'
  from /app/server in '??'
  from /app/server in '??'
  from /app/server in '??'
  from /app/server in '??'
  from /app/server in '??'
  from ???

2026-03-16T19:12:40.575397Z  ERROR - http.server: Unhandled exception on HTTP::Handler
Closed stream (IO::Error)
  from /app/server in '??'
  from /app/server in '??'
  from /app/server in '??'
  from /app/server in '??'
  from /app/server in '??'
  from /app/server in '??'
  from /app/server in '??'
  from /app/server in '??'
  from /app/server in '??'
  from /app/server in '??'
  from /app/server in '??'
  from /app/server in '??'
  from /app/server in '??'
  from /app/server in '??'
  from /app/server in '??'
  from ???
  from /app/server in '??'
  from /app/server in '??'

  from /app/server in '??'
  from /app/server in '??'
  from /app/server in '??'
  from /app/server in '??'
  from /app/server in '??'
  from /app/server in '??'
  from /app/server in '??'
  from /app/server in '??'
  from /app/server in '??'
  from ???
  from /app/server in '??'

  from /app/server in '??'
2026-03-16T19:12:40.469999Z  ERROR - http.server: Unhandled exception on HTTP::Handler
  from /app/server in '??'
Closed stream (IO::Error)
  from /app/server in '??'
  from /app/server in '??'
  from /app/server in '??'
  from /app/server in '??'
  from /app/server in '??'
  from ???
  from /app/server in '??'

  from /app/server in '??'
  from /app/server in '??'
  from /app/server in '??'
  from /app/server in '??'
2026-03-16T19:12:40.547725Z  ERROR - http.server: Unhandled exception on HTTP::Handler
  from /app/server in '??'
  from /app/server in '??'
Closed stream (IO::Error  from /app/server in '??'
  from ???

)
2026-03-16T19:12:40.475650Z  ERROR - kemal: Closed stream
Closed stream (IO::Error)
  from /app/server in '??'
  from /app/server in '??'
  from /app/server in '??'
  from /app/server in '??'
  from /app/server in '??'
  from /app/server in '??'
  from /app/server in '??'
  from /app/server in '??'
  from /app/server in '??'
  from /app/server in '??'
  from /app/server in '??'
  from /app/server in '??'
  from /app/server in '??'
  from /app/server in '??'
  from /app/server in '??'
  from /app/server in '??'
  from /app/server in '??'
  from /app/server in '??'
  from /app/server in '??'
  from /app/server in '??'
  from ???

  from /app/server in '??'
2026-03-16T19:12:40.475679Z  ERROR - http.server: Unhandled exception on HTTP::Handler
  from ???
Closed stream (IO::Error)

  from /app/server in '??'
  from /app/server in '??'
  from /app/server in '??'
  from /app/server in '??'
  from /app/server in '??'
  from /app/server in '??'
  from /app/server in '??'
  from /app/server in '??'
  from ???

2026-03-16T19:12:40.479333Z  ERROR - kemal: Closed stream
Closed stream (IO::Error)
  from /app/server in '??'
  from /app/server in '??'
  from /app/server in '??'
  from /app/server in '??'
  from /app/server in '??'
  from /app/server in '??'
  from /app/server in '??'
  from /app/server in '??'
  from /app/server in '??'
  from /app/server in '??'
  from /app/server in '??'
  from /app/server in '??'
  from /app/server in '??'
  from ???

2026-03-16T19:12:40.479355Z  ERROR - http.server: Unhandled exception on HTTP::Handler
Closed stream (IO::Error)
  from /app/server in '??'
  from /app/server in '??'
  from /app/server in '??'
  from /app/server in '??'
  from /app/server in '??'
  from /app/server in '??'
  from /app/server in '??'
  from /app/server in '??'
  from ???

2026-03-16T19:12:40.587113Z  ERROR - kemal: Closed stream
Closed stream (IO::Error)
  from /app/server in '??'
  from /app/server in '??'
  from /app/server in '??'
  from /app/server in '??'
  from /app/server in '??'
  from /app/server in '??'
  from /app/server in '??'
  from /app/server in '??'
  from /app/server in '??'
  from /app/server in '??'
  from /app/server in '??'
  from /app/server in '??'
  from /app/server in '??'
  from ???

2026-03-16T19:12:40.587131Z  ERROR - http.server: Unhandled exception on HTTP::Handler
Closed stream (IO::Error)
  from /app/server in '??'
  from /app/server in '??'
  from /app/server in '??'
  from /app/server in '??'
  from /app/server in '??'
  from /app/server in '??'
  from /app/server in '??'
  from /app/server in '??'
  from ???

2026-03-16T19:12:40.392270Z  ERROR - kemal: Closed stream
Closed stream (IO::Error)
  from /app/server in '??'
  from /app/server in '??'
  from /app/server in '??'
  from /app/server in '??'
  from /app/server in '??'
  from /app/server in '??'
  from /app/server in '??'
  from /app/server in '??'
  from /app/server in '??'
  from /app/server in '??'
  from /app/server in '??'
  from /app/server in '??'
  from /app/server in '??'
  from ???

2026-03-16T19:12:40.392298Z  ERROR - http.server: Unhandled exception on HTTP::Handler
Closed stream (IO::Error)
  from /app/server in '??'
  from /app/server in '??'
  from /app/server in '??'
  from /app/server in '??'
  from /app/server in '??'
  from /app/server in '??'
  from /app/server in '??'
  from /app/server in '??'
  from ???

2026-03-16T19:12:40.397341Z  ERROR - kemal: Closed stream
Closed stream (IO::Error)
  from /app/server in '??'
  from /app/server in '??'
  from /app/server in '??'
  from /app/server in '??'
  from /app/server in '??'
  from /app/server in '??'
  from /app/server in '??'
  from /app/server in '??'
  from /app/server in '??'
  from /app/server in '??'
  from /app/server in '??'
  from /app/server in '??'
  from /app/server in '??'
  from ???

2026-03-16T19:12:40.397367Z  ERROR - http.server: Unhandled exception on HTTP::Handler
Closed stream (IO::Error)
  from /app/server in '??'
  from /app/server in '??'
  from /app/server in '??'
  from /app/server in '??'
  from /app/server in '??'
  from /app/server in '??'
  from /app/server in '??'
  from /app/server in '??'
  from ???

2026-03-16T19:12:40.401203Z  ERROR - kemal: Closed stream
Closed stream (IO::Error)
  from /app/server in '??'
  from /app/server in '??'
  from /app/server in '??'
  from /app/server in '??'
  from /app/server in '??'
  from /app/server in '??'
  from /app/server in '??'
  from /app/server in '??'
  from /app/server in '??'
  from /app/server in '??'
  from /app/server in '??'
  from /app/server in '??'
  from /app/server in '??'
  from ???

2026-03-16T19:12:40.401231Z  ERROR - http.server: Unhandled exception on HTTP::Handler
Closed stream (IO::Error)
  from /app/server in '??'
  from /app/server in '??'
  from /app/server in '??'
  from /app/server in '??'
  from /app/server in '??'
  from /app/server in '??'
  from /app/server in '??'
  from /app/server in '??'
  from ???

2026-03-16T19:12:40.454281Z  ERROR - kemal: Closed stream
Closed stream (IO::Error)
  from /app/server in '??'
  from /app/server in '??'
  from /app/server in '??'
  from /app/server in '??'
  from /app/server in '??'
  from /app/server in '??'
  from /app/server in '??'
  from /app/server in '??'
  from /app/server in '??'
  from /app/server in '??'
  from /app/server in '??'
  from /app/server in '??'
  from /app/server in '??'
  from ???

2026-03-16T19:12:40.454310Z  ERROR - http.server: Unhandled exception on HTTP::Handler
Closed stream (IO::Error)
  from /app/server in '??'
  from /app/server in '??'
  from /app/server in '??'
  from /app/server in '??'
  from /app/server in '??'
  from /app/server in '??'
  from /app/server in '??'
  from /app/server in '??'
  from ???

2026-03-16T19:12:40.448306Z  ERROR - kemal: Closed stream
Closed stream (IO::Error)
  from /app/server in '??'
  from /app/server in '??'
  from /app/server in '??'
  from /app/server in '??'
  from /app/server in '??'
  from /app/server in '??'
  from /app/server in '??'
2026-03-16T19:12:40.522612Z  ERROR - kemal: Closed stream
  from /app/server in '??'
  from /app/server in '??'
  from /app/server in '??'
Closed stream (IO::Error  from /app/server in '??'
)
  from /app/server in '??'
  from /app/server in '??'
  from ???

2026-03-16T19:12:40.448330Z  ERROR - http.server: Unhandled exception on HTTP::Handler
Closed stream (IO::Error)
  from /app/server in '??'
  from /app/server in '??'
  from /app/server in '??'
  from /app/server in '??'
  from /app/server in '??'
  from /app/server in '??'
  from /app/server in '??'
  from /app/server in '??'
  from ???
  from /app/server in '??'

  from /app/server in '??'
  from /app/server in '??'
2026-03-16T19:12:40.454050Z  ERROR - kemal: Closed stream
  from /app/server in '??'
Closed stream (IO::Error  from /app/server in '??'
)
  from /app/server in '??'
  from /app/server in '??'
  from /app/server in '??'
  from /app/server in '??'
  from /app/server in '??'
  from /app/server in '??'
  from /app/server in '??'
  from /app/server in '??'
  from ???

2026-03-16T19:12:40.522637Z  ERROR - http.server: Unhandled exception on HTTP::Handler
Closed stream (IO::Error)
2026-03-16T19:12:40.502346Z  ERROR - kemal: Closed stream
  from /app/server in '??'
  from /app/server in '??'
Closed stream (IO::Error  from /app/server in '??'
  from /app/server in '??'
  from /app/server in '??'
  from /app/server in '??'
  from /app/server in '??'
)
  from /app/server in '??'
  from /app/server in '??'
  from /app/server in '??'
  from /app/server in '??'
  from /app/server in '??'
  from /app/server in '??'
  from /app/server in '??'
  from /app/server in '??'
  from /app/server in '??'
  from ???
  from /app/server in '??'

  from /app/server in '??'
2026-03-16T19:12:40.526196Z  ERROR - kemal: Closed stream
  from /app/server in '??'
  from /app/server in '??'
  from /app/server in '??'
Closed stream (IO::Error  from /app/server in '??'
  from /app/server in '??'
)
  from ???
  from /app/server in '??'

  from /app/server in '??'
  from /app/server in '??'
2026-03-16T19:12:40.454081Z  ERROR - http.server: Unhandled exception on HTTP::Handler
  from /app/server in '??'
  from /app/server in '??'
Closed stream (IO::Error  from /app/server in '??'
)
  from /app/server in '??'
  from /app/server in '??'
  from /app/server in '??'
  from /app/server in '??'
  from /app/server in '??'
  from ???

2026-03-16T19:12:40.502369Z  ERROR - http.server: Unhandled exception on HTTP::Handler
Closed stream (IO::Error)
  from /app/server in '??'
  from /app/server in '??'
  from /app/server in '??'
  from /app/server in '??'
  from /app/server in '??'
  from /app/server in '??'
  from /app/server in '??'
  from /app/server in '??'
  from /app/server in '??'
  from /app/server in '??'
  from /app/server in '??'
  from /app/server in '??'
  from /app/server in '??'
  from /app/server in '??'
  from /app/server in '??'
  from /app/server in '??'
  from /app/server in '??'
  from ???
  from /app/server in '??'

  from /app/server in '??'
  from /app/server in '??'
  from /app/server in '??'
  from /app/server in '??'
  from /app/server in '??'
  from ???
  from /app/server in '??'

  from /app/server in '??'
2026-03-16T19:12:40.526217Z  ERROR - http.server: Unhandled exception on HTTP::Handler
  from /app/server in '??'
Closed stream (IO::Error  from /app/server in '??'
)
  from /app/server in '??'
  from /app/server in '??'
  from ???

2026-03-16T19:12:40.519476Z  ERROR - kemal: Closed stream
Closed stream (IO::Error)
  from /app/server in '??'
  from /app/server in '??'
  from /app/server in '??'
  from /app/server in '??'
  from /app/server in '??'
  from /app/server in '??'
  from /app/server in '??'
  from /app/server in '??'
  from ???

  from /app/server in '??'
  from /app/server in '??'
  from /app/server in '??'
  from /app/server in '??'
  from /app/server in '??'
  from /app/server in '??'
  from /app/server in '??'
  from /app/server in '??'
  from /app/server in '??'
  from /app/server in '??'
  from /app/server in '??'
  from /app/server in '??'
  from /app/server in '??'
  from ???

2026-03-16T19:12:40.519500Z  ERROR - http.server: Unhandled exception on HTTP::Handler
Closed stream (IO::Error)
  from /app/server in '??'
  from /app/server in '??'
  from /app/server in '??'
  from /app/server in '??'
  from /app/server in '??'
  from /app/server in '??'
  from /app/server in '??'
  from /app/server in '??'
  from ???

2026-03-16T19:12:40.524099Z  ERROR - kemal: Closed stream
Closed stream (IO::Error)
  from /app/server in '??'
  from /app/server in '??'
  from /app/server in '??'
  from /app/server in '??'
  from /app/server in '??'
  from /app/server in '??'
  from /app/server in '??'
  from /app/server in '??'
  from /app/server in '??'
  from /app/server in '??'
  from /app/server in '??'
  from /app/server in '??'
  from /app/server in '??'
  from ???

2026-03-16T19:12:40.524123Z  ERROR - http.server: Unhandled exception on HTTP::Handler
Closed stream (IO::Error)
  from /app/server in '??'
  from /app/server in '??'
  from /app/server in '??'
  from /app/server in '??'
  from /app/server in '??'
  from /app/server in '??'
  from /app/server in '??'
  from /app/server in '??'
  from ???

2026-03-16T19:12:40.497642Z  ERROR - kemal: Closed stream
Closed stream (IO::Error)
  from /app/server in '??'
  from /app/server in '??'
  from /app/server in '??'
  from /app/server in '??'
  from /app/server in '??'
  from /app/server in '??'
  from /app/server in '??'
  from /app/server in '??'
  from /app/server in '??'
  from /app/server in '??'
  from /app/server in '??'
  from /app/server in '??'
  from /app/server in '??'
  from ???

2026-03-16T19:12:40.497670Z  ERROR - http.server: Unhandled exception on HTTP::Handler
Closed stream (IO::Error)
  from /app/server in '??'
  from /app/server in '??'
  from /app/server in '??'
  from /app/server in '??'
  from /app/server in '??'
  from /app/server in '??'
  from /app/server in '??'
  from /app/server in '??'
  from ???

2026-03-16T19:12:40.503399Z  ERROR - kemal: Closed stream
Closed stream (IO::Error)
  from /app/server in '??'
  from /app/server in '??'
  from /app/server in '??'
  from /app/server in '??'
  from /app/server in '??'
  from /app/server in '??'
  from /app/server in '??'
  from /app/server in '??'
  from /app/server in '??'
  from /app/server in '??'
  from /app/server in '??'
  from /app/server in '??'
  from /app/server in '??'
  from ???

2026-03-16T19:12:40.503423Z  ERROR - http.server: Unhandled exception on HTTP::Handler
Closed stream (IO::Error)
  from /app/server in '??'
  from /app/server in '??'
  from /app/server in '??'
  from /app/server in '??'
  from /app/server in '??'
  from /app/server in '??'
  from /app/server in '??'
  from /app/server in '??'
  from ???

2026-03-16T19:12:40.521345Z  ERROR - kemal: Closed stream
Closed stream (IO::Error)
  from /app/server in '??'
  from /app/server in '??'
  from /app/server in '??'
  from /app/server in '??'
  from /app/server in '??'
  from /app/server in '??'
  from /app/server in '??'
  from /app/server in '??'
  from /app/server in '??'
  from /app/server in '??'
  from /app/server in '??'
  from /app/server in '??'
  from /app/server in '??'
  from ???

2026-03-16T19:12:40.521371Z  ERROR - http.server: Unhandled exception on HTTP::Handler
Closed stream (IO::Error)
  from /app/server in '??'
  from /app/server in '??'
  from /app/server in '??'
  from /app/server in '??'
  from /app/server in '??'
  from /app/server in '??'
  from /app/server in '??'
  from /app/server in '??'
  from ???

2026-03-16T19:12:40.540735Z  ERROR - kemal: Closed stream
Closed stream (IO::Error)
  from /app/server in '??'
  from /app/server in '??'
  from /app/server in '??'
  from /app/server in '??'
  from /app/server in '??'
  from /app/server in '??'
  from /app/server in '??'
  from /app/server in '??'
  from /app/server in '??'
  from /app/server in '??'
  from /app/server in '??'
  from /app/server in '??'
  from /app/server in '??'
  from ???

2026-03-16T19:12:40.540756Z  ERROR - http.server: Unhandled exception on HTTP::Handler
Closed stream (IO::Error)
  from /app/server in '??'
  from /app/server in '??'
  from /app/server in '??'
  from /app/server in '??'
  from /app/server in '??'
  from /app/server in '??'
  from /app/server in '??'
  from /app/server in '??'
  from ???

2026-03-16T19:12:40.365849Z  ERROR - kemal: Closed stream
Closed stream (IO::Error)
  from /app/server in '??'
  from /app/server in '??'
  from /app/server in '??'
  from /app/server in '??'
  from /app/server in '??'
  from /app/server in '??'
  from /app/server in '??'
  from /app/server in '??'
  from /app/server in '??'
  from /app/server in '??'
  from /app/server in '??'
  from /app/server in '??'
  from /app/server in '??'
  from ???

2026-03-16T19:12:40.365871Z  ERROR - http.server: Unhandled exception on HTTP::Handler
Closed stream (IO::Error)
  from /app/server in '??'
  from /app/server in '??'
  from /app/server in '??'
  from /app/server in '??'
  from /app/server in '??'
  from /app/server in '??'
  from /app/server in '??'
  from /app/server in '??'
  from ???

2026-03-16T19:12:40.385442Z  ERROR - kemal: Closed stream
Closed stream (IO::Error)
  from /app/server in '??'
  from /app/server in '??'
  from /app/server in '??'
  from /app/server in '??'
  from /app/server in '??'
  from /app/server in '??'
  from /app/server in '??'
  from /app/server in '??'
  from /app/server in '??'
  from /app/server in '??'
  from /app/server in '??'
  from /app/server in '??'
  from /app/server in '??'
  from ???

2026-03-16T19:12:40.385470Z  ERROR - http.server: Unhandled exception on HTTP::Handler
Closed stream (IO::Error)
  from /app/server in '??'
  from /app/server in '??'
  from /app/server in '??'
  from /app/server in '??'
  from /app/server in '??'
  from /app/server in '??'
  from /app/server in '??'
  from /app/server in '??'
  from ???

2026-03-16T19:12:40.391143Z  ERROR - kemal: Closed stream
Closed stream (IO::Error)
  from /app/server in '??'
  from /app/server in '??'
  from /app/server in '??'
  from /app/server in '??'
  from /app/server in '??'
  from /app/server in '??'
  from /app/server in '??'
  from /app/server in '??'
  from /app/server in '??'
  from /app/server in '??'
  from /app/server in '??'
  from /app/server in '??'
  from /app/server in '??'
  from ???

2026-03-16T19:12:40.391164Z  ERROR - http.server: Unhandled exception on HTTP::Handler
Closed stream (IO::Error)
  from /app/server in '??'
  from /app/server in '??'
  from /app/server in '??'
  from /app/server in '??'
  from /app/server in '??'
  from /app/server in '??'
  from /app/server in '??'
  from /app/server in '??'
  from ???

2026-03-16T19:12:40.436917Z  ERROR - kemal: Closed stream
Closed stream (IO::Error)
  from /app/server in '??'
  from /app/server in '??'
  from /app/server in '??'
  from /app/server in '??'
  from /app/server in '??'
  from /app/server in '??'
  from /app/server in '??'
  from /app/server in '??'
  from /app/server in '??'
  from /app/server in '??'
  from /app/server in '??'
  from /app/server in '??'
  from /app/server in '??'
  from ???

2026-03-16T19:12:40.436940Z  ERROR - http.server: Unhandled exception on HTTP::Handler
Closed stream (IO::Error)
  from /app/server in '??'
  from /app/server in '??'
  from /app/server in '??'
  from /app/server in '??'
  from /app/server in '??'
  from /app/server in '??'
  from /app/server in '??'
  from /app/server in '??'
  from ???

2026-03-16T19:12:40.518729Z  ERROR - kemal: Closed stream
Closed stream (IO::Error)
  from /app/server in '??'
  from /app/server in '??'
  from /app/server in '??'
  from /app/server in '??'
  from /app/server in '??'
  from /app/server in '??'
  from /app/server in '??'
  from /app/server in '??'
  from /app/server in '??'
  from /app/server in '??'
  from /app/server in '??'
  from /app/server in '??'
  from /app/server in '??'
  from ???

2026-03-16T19:12:40.518754Z  ERROR - http.server: Unhandled exception on HTTP::Handler
Closed stream (IO::Error)
  from /app/server in '??'
  from /app/server in '??'
  from /app/server in '??'
  from /app/server in '??'
  from /app/server in '??'
  from /app/server in '??'
  from /app/server in '??'
  from /app/server in '??'
  from ???

2026-03-16T19:12:40.534490Z  ERROR - kemal: Closed stream
Closed stream (IO::Error)
  from /app/server in '??'
  from /app/server in '??'
2026-03-16T19:12:40.500391Z  ERROR - kemal: Closed stream
  from /app/server in '??'
  from /app/server in '??'
Unhandled exception in spawn: Error while flushing data to the client (HTTP::Server::ClientError)
  from /app/server in '??'
  from /app/server in '??'
Closed stream (IO::Error  from /app/server in '??'
  from /app/server in '??'
)
  from /app/server in '??'
  from /app/server in '??'
  from /app/server in '??'
  from /app/server in '??'
  from /app/server in '??'
  from /app/server in '??'
  from ???
  from /app/server in '??'
Caused by: Error writing to socket (#<TCPSocket:0x700399a03000>): Connection reset by peer (IO::Error)
  from /app/server in '??'
  from /app/server in '??'
  from /app/server in '??'
  from /app/server in '??'
  from /app/server in '??'
  from /app/server in '??'
  from /app/server in '??'
  from /app/server in '??'
  from ???
  from /app/server in '??'

  from /app/server in '??'
  from /app/server in '??'
  from ???
2026-03-16T19:12:40.534514Z  ERROR - http.server: Unhandled exception on HTTP::Handler
Closed stream (IO::Error)
  from /app/server in '??'
  from /app/server in '??'
  from /app/server in '??'
  from /app/server in '??'
  from /app/server in '??'
  from /app/server in '??'
  from /app/server in '??'
  from /app/server in '??'
  from /app/server in '??'
  from /app/server in '??'
  from /app/server in '??'
  from /app/server in '??'
  from /app/server in '??'
  from /app/server in '??'
  from /app/server in '??'
  from /app/server in '??'
  from /app/server in '??'
  from /app/server in '??'
  from ???
  from /app/server in '??'

  from /app/server in '??'
  from /app/server in '??'
  from ???
2026-03-16T19:12:40.500415Z  ERROR - http.server: Unhandled exception on HTTP::Handler

Closed stream (IO::Error)
  from /app/server in '??'
  from /app/server in '??'
  from /app/server in '??'
  from /app/server in '??'
  from /app/server in '??'
  from /app/server in '??'
  from /app/server in '??'
  from /app/server in '??'
  from ???

2026-03-16T19:12:40.505673Z  ERROR - kemal: Closed stream
Closed stream (IO::Error)
  from /app/server in '??'
  from /app/server in '??'
  from /app/server in '??'
  from /app/server in '??'
  from /app/server in '??'
  from /app/server in '??'
  from /app/server in '??'
  from /app/server in '??'
  from /app/server in '??'
  from /app/server in '??'
  from /app/server in '??'
  from /app/server in '??'
  from /app/server in '??'
  from ???

2026-03-16T19:12:40.505706Z  ERROR - http.server: Unhandled exception on HTTP::Handler
Closed stream (IO::Error)
  from /app/server in '??'
  from /app/server in '??'
  from /app/server in '??'
  from /app/server in '??'
  from /app/server in '??'
  from /app/server in '??'
  from /app/server in '??'
  from /app/server in '??'
  from ???

Unhandled exception in spawn: Error while flushing data to the client (HTTP::Server::ClientError)
  from /app/server in '??'
  from /app/server in '??'
  from /app/server in '??'
  from /app/server in '??'
  from /app/server in '??'
  from /app/server in '??'
  from ???
Caused by: Error writing to socket (#<TCPSocket:0x771196858be0>): Connection reset by peer (IO::Error)
  from /app/server in '??'
  from /app/server in '??'
  from /app/server in '??'
  from /app/server in '??'
  from /app/server in '??'
  from /app/server in '??'
  from /app/server in '??'
  from ???
2026-03-16T19:12:40.426845Z  ERROR - kemal: Closed stream
Closed stream (IO::Error)
  from /app/server in '??'
  from /app/server in '??'
  from /app/server in '??'
  from /app/server in '??'
  from /app/server in '??'
  from /app/server in '??'
  from /app/server in '??'
  from /app/server in '??'
  from /app/server in '??'
  from /app/server in '??'
  from /app/server in '??'
  from /app/server in '??'
  from /app/server in '??'
  from ???

2026-03-16T19:12:40.426872Z  ERROR - http.server: Unhandled exception on HTTP::Handler
Closed stream (IO::Error)
  from /app/server in '??'
  from /app/server in '??'
  from /app/server in '??'
  from /app/server in '??'
  from /app/server in '??'
  from /app/server in '??'
  from /app/server in '??'
  from /app/server in '??'
  from ???

2026-03-16T19:12:40.430832Z  ERROR - kemal: Closed stream
Closed stream (IO::Error)
  from /app/server in '??'
  from /app/server in '??'
  from /app/server in '??'
  from /app/server in '??'
  from /app/server in '??'
  from /app/server in '??'
  from /app/server in '??'
  from /app/server in '??'
  from /app/server in '??'
  from /app/server in '??'
  from /app/server in '??'
  from /app/server in '??'
  from /app/server in '??'
  from ???

2026-03-16T19:12:40.430856Z  ERROR - http.server: Unhandled exception on HTTP::Handler
Closed stream (IO::Error)
  from /app/server in '??'
  from /app/server in '??'
  from /app/server in '??'
  from /app/server in '??'
  from /app/server in '??'
  from /app/server in '??'
  from /app/server in '??'
  from /app/server in '??'
  from ???

2026-03-16T19:12:40.550629Z  ERROR - kemal: Closed stream
Closed stream (IO::Error)
  from /app/server in '??'
  from /app/server in '??'
  from /app/server in '??'
  from /app/server in '??'
  from /app/server in '??'
  from /app/server in '??'
  from /app/server in '??'
  from /app/server in '??'
  from /app/server in '??'
  from /app/server in '??'
  from /app/server in '??'
  from /app/server in '??'
  from /app/server in '??'
  from ???

2026-03-16T19:12:40.550659Z  ERROR - http.server: Unhandled exception on HTTP::Handler
Closed stream (IO::Error)
  from /app/server in '??'
  from /app/server in '??'
  from /app/server in '??'
  from /app/server in '??'
  from /app/server in '??'
  from /app/server in '??'
  from /app/server in '??'
  from /app/server in '??'
  from ???

Unhandled exception in spawn: Error while flushing data to the client (HTTP::Server::ClientError)
  from /app/server in '??'
  from /app/server in '??'
  from /app/server in '??'
  from /app/server in '??'
  from /app/server in '??'
  from /app/server in '??'
  from ???
Caused by: Error writing to socket (#<TCPSocket:0x787137699390>): Broken pipe (IO::Error)
  from /app/server in '??'
  from /app/server in '??'
  from /app/server in '??'
  from /app/server in '??'
  from /app/server in '??'
  from /app/server in '??'
  from /app/server in '??'
  from ???
Unhandled exception in spawn: Error while flushing data to the client (HTTP::Server::ClientError)
  from /app/server in '??'
  from /app/server in '??'
  from /app/server in '??'
  from /app/server in '??'
  from /app/server in '??'
  from /app/server in '??'
  from ???
Caused by: Error writing to socket (#<TCPSocket:0x736e53dd1ab0>): Connection reset by peer (IO::Error)
  from /app/server in '??'
  from /app/server in '??'
  from /app/server in '??'
  from /app/server in '??'
  from /app/server in '??'
  from /app/server in '??'
  from /app/server in '??'
  from ???
Unhandled exception in spawn: Error while flushing data to the client (HTTP::Server::ClientError)
  from /app/server in '??'
  from /app/server in '??'
  from /app/server in '??'
  from /app/server in '??'
  from /app/server in '??'
  from /app/server in '??'
  from ???
Caused by: Error writing to socket (#<TCPSocket:0x7cdfc4b01720>): Broken pipe (IO::Error)
  from /app/server in '??'
  from /app/server in '??'
  from /app/server in '??'
  from /app/server in '??'
  from /app/server in '??'
  from /app/server in '??'
  from /app/server in '??'
  from ???
2026-03-16T19:12:40.598523Z  ERROR - kemal: Closed stream
Closed stream (IO::Error)
2026-03-16T19:12:40.537800Z  ERROR - kemal: Closed stream
Closed stream (IO::Error)
  from /app/server in '??'
  from /app/server in '??'
  from /app/server in '??'
  from /app/server in '??'
  from /app/server in '??'
  from /app/server in '??'
  from /app/server in '??'
  from /app/server in '??'
  from /app/server in '??'
  from /app/server in '??'
  from /app/server in '??'
  from /app/server in '??'
  from /app/server in '??'
  from /app/server in '??'
  from ???
  from /app/server in '??'

  from /app/server in '??'
2026-03-16T19:12:40.598538Z  ERROR - http.server: Unhandled exception on HTTP::Handler
  from /app/server in '??'
Closed stream (IO::Error  from /app/server in '??'
)
  from /app/server in '??'
  from /app/server in '??'
  from /app/server in '??'
  from /app/server in '??'
  from /app/server in '??'
  from /app/server in '??'
  from /app/server in '??'
  from /app/server in '??'
  from ???

2026-03-16T19:12:40.537826Z  ERROR - http.server: Unhandled exception on HTTP::Handler
Closed stream (IO::Error)
  from /app/server in '??'
  from /app/server in '??'
  from /app/server in '??'
  from /app/server in '??'
  from /app/server in '??'
  from /app/server in '??'
  from /app/server in '??'
  from /app/server in '??'
  from ???

  from /app/server in '??'
  from /app/server in '??'
  from /app/server in '??'
  from /app/server in '??'
  from /app/server in '??'
  from /app/server in '??'
  from /app/server in '??'
  from /app/server in '??'
  from ???

2026-03-16T19:12:40.595453Z  ERROR - kemal: Closed stream
Closed stream (IO::Error)
  from /app/server in '??'
  from /app/server in '??'
2026-03-16T19:12:40.528758Z  ERROR - kemal: Closed stream
  from /app/server in '??'
  from /app/server in '??'
  from /app/server in '??'
  from /app/server in '??'
Closed stream (IO::Error  from /app/server in '??'
)
  from /app/server in '??'
  from /app/server in '??'
  from /app/server in '??'
  from /app/server in '??'
  from /app/server in '??'
  from /app/server in '??'
  from ???

2026-03-16T19:12:40.595477Z  ERROR - http.server: Unhandled exception on HTTP::Handler
Closed stream (IO::Error)
  from /app/server in '??'
  from /app/server in '??'
  from /app/server in '??'
  from /app/server in '??'
  from /app/server in '??'
  from /app/server in '??'
  from /app/server in '??'
  from /app/server in '??'
  from ???

  from /app/server in '??'
  from /app/server in '??'
  from /app/server in '??'
  from /app/server in '??'
  from /app/server in '??'
  from /app/server in '??'
  from /app/server in '??'
  from /app/server in '??'
  from /app/server in '??'
  from /app/server in '??'
  from /app/server in '??'
  from /app/server in '??'
  from /app/server in '??'
  from ???

2026-03-16T19:12:40.528785Z  ERROR - http.server: Unhandled exception on HTTP::Handler
Closed stream (IO::Error)
  from /app/server in '??'
  from /app/server in '??'
  from /app/server in '??'
  from /app/server in '??'
  from /app/server in '??'
  from /app/server in '??'
  from /app/server in '??'
  from /app/server in '??'
  from ???

2026-03-16T19:12:40.534542Z  ERROR - kemal: Closed stream
Closed stream (IO::Error)
  from /app/server in '??'
  from /app/server in '??'
  from /app/server in '??'
  from /app/server in '??'
  from /app/server in '??'
  from /app/server in '??'
  from /app/server in '??'
  from /app/server in '??'
  from /app/server in '??'
  from /app/server in '??'
  from /app/server in '??'
  from /app/server in '??'
  from /app/server in '??'
Unhandled exception in spawn: Error while flushing data to the client (HTTP::Server::ClientError)
  from /app/server in '??'
  from /app/server in '??'
  from /app/server in '??'
  from /app/server in '??'
  from /app/server in '??'
  from ???
  from /app/server in '??'

  from ???
2026-03-16T19:12:40.534569Z  ERROR - http.server: Unhandled exception on HTTP::Handler
Caused by: Error writing to socket (#<TCPSocket:0x78a9a99ede40>): Broken pipe (IO::Error)
Closed stream (IO::Error)
  from /app/server in '??'
  from /app/server in '??'
  from /app/server in '??'
  from /app/server in '??'
  from /app/server in '??'
  from /app/server in '??'
  from /app/server in '??'
  from /app/server in '??'
  from ???

  from /app/server in '??'
  from /app/server in '??'
  from /app/server in '??'
  from /app/server in '??'
2026-03-16T19:12:40.606391Z  ERROR - kemal: Error reading socket (#<TCPSocket:0x7cdfc4b01720>): Connection reset by peer
Error reading socket (#<TCPSocket:0x7cdfc4b01720>): Connection reset by peer (IO::Error)
  from /app/server in '??'
  from /app/server in '??'
  from /app/server in '??'
  from /app/server in '??'
  from /app/server in '??'
  from /app/server in '??'
  from /app/server in '??'
  from ???
  from /app/server in '??'
  from /app/server in '??'
  from /app/server in '??'
  from /app/server in '??'
  from /app/server in '??'
  from /app/server in '??'
  from /app/server in '??'
  from /app/server in '??'
Unhandled exception in spawn: Error while flushing data to the client (HTTP::Server::ClientErrorUnhandled exception in spawn: Error while flushing data to the client (HTTP::Server::ClientError)
  from ???
  from /app/server in '??'

  from /app/server in '??'
  from /app/server in '??'
  from /app/server in '??'
  from /app/server in '??'
  from /app/server in '??'
  from ???
Caused by: Error writing to socket (#<TCPSocket:0x7d590c67ed10>): Connection reset by peer (IO::Error)
  from /app/server in '??'
  from /app/server in '??'
  from /app/server in '??'
  from /app/server in '??'
  from /app/server in '??'
  from /app/server in '??'
  from /app/server in '??'
  from ???
)
  from /app/server in '??'
  from /app/server in '??'
  from /app/server in '??'
  from /app/server in '??'
  from /app/server in '??'
  from /app/server in '??'
  from ???
Caused by: Error writing to socket (#<TCPSocket:0x747630a1f720>): Connection reset by peer (IO::Error)
  from /app/server in '??'
  from /app/server in '??'
  from /app/server in '??'
  from /app/server in '??'
  from /app/server in '??'
  from /app/server in '??'
  from /app/server in '??'
  from ???
Unhandled exception in spawn: Error while flushing data to the client (HTTP::Server::ClientError)
  from /app/server in '??'
  from /app/server in '??'
  from /app/server in '??'
  from /app/server in '??'
  from /app/server in '??'
  from /app/server in '??'
  from ???
Caused by: Error writing to socket (#<TCPSocket:0x79a11c2db5f0>): Broken pipe (IO::Error)
  from /app/server in '??'
  from /app/server in '??'
  from /app/server in '??'
  from /app/server in '??'
  from /app/server in '??'
  from /app/server in '??'
  from /app/server in '??'
  from ???
2026-03-16T19:12:40.483270Z  ERROR - kemal: Closed stream
Closed stream (IO::Error)
  from /app/server in '??'
  from /app/server in '??'
  from /app/server in '??'
  from /app/server in '??'
  from /app/server in '??'
  from /app/server in '??'
  from /app/server in '??'
  from /app/server in '??'
  from /app/server in '??'
  from /app/server in '??'
  from /app/server in '??'
  from /app/server in '??'
  from /app/server in '??'
  from ???

2026-03-16T19:12:40.483294Z  ERROR - http.server: Unhandled exception on HTTP::Handler
Closed stream (IO::Error)
  from /app/server in '??'
  from /app/server in '??'
  from /app/server in '??'
  from /app/server in '??'
  from /app/server in '??'
  from /app/server in '??'
  from /app/server in '??'
  from /app/server in '??'
  from ???

2026-03-16T19:12:40.602947Z  ERROR - kemal: Error reading socket (#<TCPSocket:0x787137699390>): Connection reset by peer
Error reading socket (#<TCPSocket:0x787137699390>): Connection reset by peer (IO::Error)
  from /app/server in '??'
  from /app/server in '??'
  from /app/server in '??'
  from /app/server in '??'
  from /app/server in '??'
  from /app/server in '??'
  from /app/server in '??'
  from /app/server in '??'
  from /app/server in '??'
  from /app/server in '??'
  from /app/server in '??'
  from /app/server in '??'
  from ???

2026-03-16T19:12:40.528981Z  ERROR - kemal: Closed stream
Closed stream (IO::Error)
  from /app/server in '??'
  from /app/server in '??'
  from /app/server in '??'
  from /app/server in '??'
  from /app/server in '??'
  from /app/server in '??'
  from /app/server in '??'
  from /app/server in '??'
  from /app/server in '??'
  from /app/server in '??'
  from /app/server in '??'
  from /app/server in '??'
  from /app/server in '??'
  from ???

2026-03-16T19:12:40.529006Z  ERROR - http.server: Unhandled exception on HTTP::Handler
Closed stream (IO::Error)
  from /app/server in '??'
  from /app/server in '??'
  from /app/server in '??'
  from /app/server in '??'
  from /app/server in '??'
  from /app/server in '??'
  from /app/server in '??'
  from /app/server in '??'
  from ???

2026-03-16T19:12:40.437641Z  ERROR - kemal: Closed stream
Closed stream (IO::Error)
  from /app/server in '??'
  from /app/server in '??'
  from /app/server in '??'
  from /app/server in '??'
  from /app/server in '??'
  from /app/server in '??'
  from /app/server in '??'
  from /app/server in '??'
  from /app/server in '??'
  from /app/server in '??'
  from /app/server in '??'
  from /app/server in '??'
  from /app/server in '??'
  from ???
Unhandled exception in spawn: Error while flushing data to the client (HTTP::Server::ClientError)

2026-03-16T19:12:40.437666Z  ERROR - http.server: Unhandled exception on HTTP::Handler
Closed stream (IO::Error)
  from /app/server in '??'
  from /app/server in '??'
  from /app/server in '??'
  from /app/server in '??'
  from /app/server in '??'
  from /app/server in '??'
  from /app/server in '??'
  from /app/server in '??'
  from ???

2026-03-16T19:12:40.444960Z  ERROR - kemal: Closed stream
Closed stream (IO::Error)
  from /app/server in '??'
  from /app/server in '??'
  from /app/server in '??'
  from /app/server in '??'
  from /app/server in '??'
  from /app/server in '??'
  from /app/server in '??'
  from /app/server in '??'
  from /app/server in '??'
  from /app/server in '??'
  from /app/server in '??'
  from /app/server in '??'
  from /app/server in '??'
  from /app/server in '??'
  from /app/server in '??'
  from /app/server in '??'
  from /app/server in '??'
  from /app/server in '??'
  from /app/server in '??'
  from ???
Caused by: Error writing to socket (#<TCPSocket:0x7d590e0d9ab0>): Broken pipe (IO::Error)
  from ???

  from /app/server in '??'
2026-03-16T19:12:40.444986Z  ERROR - http.server: Unhandled exception on HTTP::Handler
Closed stream (IO::Error)
  from /app/server in '??'
  from /app/server in '??'
  from /app/server in '??'
  from /app/server in '??'
  from /app/server in '??'
  from /app/server in '??'
  from /app/server in '??'
  from /app/server in '??'
  from ???

2026-03-16T19:12:40.610772Z  ERROR - kemal: Closed stream
Closed stream (IO::Error)
  from /app/server in '??'
  from /app/server in '??'
  from /app/server in '??'
  from /app/server in '??'
  from /app/server in '??'
  from /app/server in '??'
  from /app/server in '??'
  from /app/server in '??'
  from /app/server in '??'
  from /app/server in '??'
  from /app/server in '??'
  from /app/server in '??'
  from /app/server in '??'
  from /app/server in '??'
  from /app/server in '??'
  from /app/server in '??'
  from /app/server in '??'
  from ???
  from /app/server in '??'

  from /app/server in '??'
2026-03-16T19:12:40.610786Z  ERROR - http.server: Unhandled exception on HTTP::Handler
Closed stream (IO::Error)
  from /app/server in '??'
  from /app/server in '??'
  from /app/server in '??'
  from /app/server in '??'
  from /app/server in '??'
  from /app/server in '??'
  from /app/server in '??'
  from /app/server in '??'
  from ???

  from ???
Unhandled exception in spawn: Error while flushing data to the client (HTTP::Server::ClientError)
  from /app/server in '??'
  from /app/server in '??'
  from /app/server in '??'
  from /app/server in '??'
  from /app/server in '??'
  from /app/server in '??'
  from ???
Caused by: Error writing to socket (#<TCPSocket:0x79d2f84b5390>): Broken pipe (IO::Error)
  from /app/server in '??'
  from /app/server in '??'
  from /app/server in '??'
  from /app/server in '??'
  from /app/server in '??'
  from /app/server in '??'
  from /app/server in '??'
  from ???
Unhandled exception in spawn: Error while flushing data to the client (HTTP::Server::ClientError)
  from /app/server in '??'
  from /app/server in '??'
  from /app/server in '??'
  from /app/server in '??'
  from /app/server in '??'
  from /app/server in '??'
  from ???
Caused by: Error writing to socket (#<TCPSocket:0x7df70d9e14c0>): Connection reset by peer (IO::Error)
  from /app/server in '??'
  from /app/server in '??'
  from /app/server in '??'
  from /app/server in '??'
  from /app/server in '??'
  from /app/server in '??'
  from /app/server in '??'
  from ???
Unhandled exception in spawn: Error while flushing data to the client (HTTP::Server::ClientError)
  from /app/server in '??'
  from /app/server in '??'
  from /app/server in '??'
  from /app/server in '??'
  from /app/server in '??'
  from /app/server in '??'
  from ???
Caused by: Error writing to socket (#<TCPSocket:0x7d443b1ffab0>): Connection reset by peer (IO::Error)
  from /app/server in '??'
  from /app/server in '??'
  from /app/server in '??'
  from /app/server in '??'
  from /app/server in '??'
  from /app/server in '??'
  from /app/server in '??'
  from ???
Unhandled exception in spawn: Error while flushing data to the client (HTTP::Server::ClientError)
Unhandled exception in spawn: Error while flushing data to the client (HTTP::Server::ClientError)
  from /app/server in '??'
  from /app/server in '??'
  from /app/server in '??'
  from /app/server in '??'
  from /app/server in '??'
  from /app/server in '??'
  from /app/server in '??'
  from /app/server in '??'
  from /app/server in '??'
  from /app/server in '??'
  from ???
  from /app/server in '??'
Caused by: Error writing to socket (#<TCPSocket:0x7d443b1ff5f0>): Connection reset by peer (IO::Error  from /app/server in '??'
)
  from ???
Caused by: Error writing to socket (#<TCPSocket:0x79800e710130>): Connection reset by peer (IO::Error)
  from /app/server in '??'
  from /app/server in '??'
  from /app/server in '??'
  from /app/server in '??'
  from /app/server in '??'
  from /app/server in '??'
  from /app/server in '??'
  from /app/server in '??'
  from ???
  from /app/server in '??'
  from /app/server in '??'
  from /app/server in '??'
  from /app/server in '??'
  from /app/server in '??'
  from /app/server in '??'
  from ???
Unhandled exception in spawn: Error while flushing data to the client (HTTP::Server::ClientError)
  from /app/server in '??'
  from /app/server in '??'
  from /app/server in '??'
  from /app/server in '??'
  from /app/server in '??'
  from /app/server in '??'
  from ???
Caused by: Error writing to socket (#<TCPSocket:0x79800e4d84c0>): Connection reset by peer (IO::Error)
  from /app/server in '??'
  from /app/server in '??'
  from /app/server in '??'
  from /app/server in '??'
  from /app/server in '??'
  from /app/server in '??'
  from /app/server in '??'
  from ???
Unhandled exception in spawn: Error while flushing data to the client (HTTP::Server::ClientError)
  from /app/server in '??'
  from /app/server in '??'
  from /app/server in '??'
  from /app/server in '??'
  from /app/server in '??'
  from /app/server in '??'
  from ???
Caused by: Error writing to socket (#<TCPSocket:0x7ff47bf654c0>): Connection reset by peer (IO::Error)
  from /app/server in '??'
  from /app/server in '??'
  from /app/server in '??'
  from /app/server in '??'
  from /app/server in '??'
  from /app/server in '??'
  from /app/server in '??'
  from ???
Unhandled exception in spawn: Error while flushing data to the client (HTTP::Server::ClientError)
  from /app/server in '??'
  from /app/server in '??'
  from /app/server in '??'
  from /app/server in '??'
  from /app/server in '??'
  from /app/server in '??'
  from ???
Caused by: Error writing to socket (#<TCPSocket:0x79e2061264c0>): Broken pipe (IO::Error)
  from /app/server in '??'
  from /app/server in '??'
  from /app/server in '??'
  from /app/server in '??'
  from /app/server in '??'
  from /app/server in '??'
  from /app/server in '??'
  from ???
Unhandled exception in spawn: Error while flushing data to the client (HTTP::Server::ClientError)
  from /app/server in '??'
  from /app/server in '??'
  from /app/server in '??'
  from /app/server in '??'
  from /app/server in '??'
  from /app/server in '??'
  from ???
Caused by: Error writing to socket (#<TCPSocket:0x7d1f04bb7850>): Broken pipe (IO::Error)
  from /app/server in '??'
  from /app/server in '??'
  from /app/server in '??'
  from /app/server in '??'
  from /app/server in '??'
  from /app/server in '??'
  from /app/server in '??'
  from ???
2026-03-16T19:12:40.613491Z  ERROR - kemal: Closed stream
Closed stream (IO::Error)
  from /app/server in '??'
  from /app/server in '??'
  from /app/server in '??'
  from /app/server in '??'
  from /app/server in '??'
  from /app/server in '??'
  from /app/server in '??'
  from /app/server in '??'
  from /app/server in '??'
  from /app/server in '??'
  from /app/server in '??'
  from /app/server in '??'
  from /app/server in '??'
  from ???

2026-03-16T19:12:40.613507Z  ERROR - http.server: Unhandled exception on HTTP::Handler
Closed stream (IO::Error)
Unhandled exception in spawn: Error while flushing data to the client (HTTP::Server::ClientError)
  from /app/server in '??'
  from /app/server in '??'
  from /app/server in '??'
  from /app/server in '??'
  from /app/server in '??'
  from /app/server in '??'
  from /app/server in '??'
  from /app/server in '??'
  from /app/server in '??'
  from /app/server in '??'
  from ???
  from /app/server in '??'
Caused by: Error writing to socket (#<TCPSocket:0x7953bb56f260>): Connection reset by peer (IO::Error)
  from /app/server in '??'
  from /app/server in '??'
  from /app/server in '??'
  from /app/server in '??'
  from /app/server in '??'
  from /app/server in '??'
  from /app/server in '??'
  from ???
  from /app/server in '??'
  from /app/server in '??'
  from /app/server in '??'
  from ???

2026-03-16T19:12:40.614773Z  ERROR - kemal: Error reading socket (#<TCPSocket:0x7d1f04bb7850>): Connection reset by peer
Error reading socket (#<TCPSocket:0x7d1f04bb7850>): Connection reset by peer (IO::Error)
  from /app/server in '??'
  from /app/server in '??'
  from /app/server in '??'
  from /app/server in '??'
  from /app/server in '??'
  from /app/server in '??'
  from /app/server in '??'
  from /app/server in '??'
  from /app/server in '??'
  from /app/server in '??'
  from /app/server in '??'
  from /app/server in '??'
  from ???

2026-03-16T19:12:40.513739Z  ERROR - kemal: Closed stream
Unhandled exception in spawn: Error while flushing data to the client (HTTP::Server::ClientError)
  from /app/server in '??'
  from /app/server in '??'
  from /app/server in '??'
Closed stream (IO::Error)
  from /app/server in '??'
  from /app/server in '??'
  from /app/server in '??'
  from ???
Caused by: Error writing to socket (#<TCPSocket:0x7d443b1e2000>): Connection reset by peer (IO::Error)
  from /app/server in '??'
  from /app/server in '??'
  from /app/server in '??'
  from /app/server in '??'
  from /app/server in '??'
  from /app/server in '??'
  from /app/server in '??'
  from /app/server in '??'
  from /app/server in '??'
  from /app/server in '??'
  from /app/server in '??'
  from /app/server in '??'
  from /app/server in '??'
  from /app/server in '??'
  from /app/server in '??'
  from /app/server in '??'
  from /app/server in '??'
  from /app/server in '??'
  from /app/server in '??'
  from ???

2026-03-16T19:12:40.513762Z  ERROR - http.server: Unhandled exception on HTTP::Handler
Closed stream (IO::Error)
  from /app/server in '??'
  from /app/server in '??'
  from /app/server in '??'
  from /app/server in '??'
  from /app/server in '??'
  from /app/server in '??'
  from /app/server in '??'
  from /app/server in '??'
  from ???

  from /app/server in '??'
  from ???
Unhandled exception in spawn: Error while flushing data to the client (HTTP::Server::ClientError)
  from /app/server in '??'
  from /app/server in '??'
  from /app/server in '??'
  from /app/server in '??'
  from /app/server in '??'
  from /app/server in '??'
  from ???
Caused by: Error writing to socket (#<TCPSocket:0x728c5bdaf130>): Broken pipe (IO::Error)
  from /app/server in '??'
  from /app/server in '??'
  from /app/server in '??'
  from /app/server in '??'
  from /app/server in '??'
  from /app/server in '??'
  from /app/server in '??'
  from ???
Unhandled exception in spawn: Error while flushing data to the client (HTTP::Server::ClientError)
  from /app/server in '??'
  from /app/server in '??'
  from /app/server in '??'
  from /app/server in '??'
  from /app/server in '??'
  from /app/server in '??'
  from ???
Caused by: Error writing to socket (#<TCPSocket:0x7745578264c0>): Connection reset by peer (IO::Error)
  from /app/server in '??'
  from /app/server in '??'
  from /app/server in '??'
  from /app/server in '??'
  from /app/server in '??'
  from /app/server in '??'
  from /app/server in '??'
  from ???
2026-03-16T19:12:40.616069Z  ERROR - kemal: Error reading socket (#<TCPSocket:0x728c5bdaf130>): Connection reset by peer
Error reading socket (#<TCPSocket:0x728c5bdaf130>): Connection reset by peer (IO::Error)
  from /app/server in '??'
  from /app/server in '??'
  from /app/server in '??'
  from /app/server in '??'
  from /app/server in '??'
  from /app/server in '??'
  from /app/server in '??'
  from /app/server in '??'
  from /app/server in '??'
  from /app/server in '??'
  from /app/server in '??'
  from /app/server in '??'
  from ???

2026-03-16T19:12:40.572382Z  ERROR - kemal: Error while flushing data to the client
Error while flushing data to the client (HTTP::Server::ClientError)
  from /app/server in '??'
  from /app/server in '??'
  from /app/server in '??'
  from /app/server in '??'
  from /app/server in '??'
  from /app/server in '??'
  from /app/server in '??'
  from /app/server in '??'
  from /app/server in '??'
  from /app/server in '??'
  from /app/server in '??'
  from /app/server in '??'
  from /app/server in '??'
  from /app/server in '??'
  from ???
Caused by: Error writing to socket (#<TCPSocket:0x7b8712e13720>): Connection reset by peer (IO::Error)
  from /app/server in '??'
  from /app/server in '??'
  from /app/server in '??'
  from /app/server in '??'
  from /app/server in '??'
  from /app/server in '??'
  from /app/server in '??'
  from /app/server in '??'
  from /app/server in '??'
  from /app/server in '??'
  from /app/server in '??'
  from /app/server in '??'
  from /app/server in '??'
  from /app/server in '??'
  from /app/server in '??'
  from ???

2026-03-16T19:12:40.572408Z  ERROR - http.server: Unhandled exception on HTTP::Handler
Closed stream (IO::Error)
  from /app/server in '??'
  from /app/server in '??'
  from /app/server in '??'
  from /app/server in '??'
  from /app/server in '??'
  from /app/server in '??'
  from /app/server in '??'
  from /app/server in '??'
  from ???

Unhandled exception in spawn: Error while flushing data to the client (HTTP::Server::ClientError)
  from /app/server in '??'
  from /app/server in '??'
  from /app/server in '??'
  from /app/server in '??'
  from /app/server in '??'
  from /app/server in '??'
  from ???
Caused by: Error writing to socket (#<TCPSocket:0x73f526e56980>): Connection reset by peer (IO::Error)
  from /app/server in '??'
  from /app/server in '??'
  from /app/server in '??'
  from /app/server in '??'
  from /app/server in '??'
  from /app/server in '??'
  from /app/server in '??'
  from ???
2026-03-16T19:12:40.607023Z  ERROR - kemal: Error reading socket (#<TCPSocket:0x78a9a99ede40>): Connection reset by peer
Error reading socket (#<TCPSocket:0x78a9a99ede40>): Connection reset by peer (IO::Error)
  from /app/server in '??'
  from /app/server in '??'
  from /app/server in '??'
  from /app/server in '??'
  from /app/server in '??'
  from /app/server in '??'
  from /app/server in '??'
  from /app/server in '??'
  from /app/server in '??'
  from /app/server in '??'
  from /app/server in '??'
  from /app/server in '??'
  from ???

2026-03-16T19:12:40.613039Z  ERROR - kemal: Closed stream
Closed stream (IO::Error)
  from /app/server in '??'
  from /app/server in '??'
  from /app/server in '??'
  from /app/server in '??'
  from /app/server in '??'
  from /app/server in '??'
  from /app/server in '??'
  from /app/server in '??'
  from /app/server in '??'
  from /app/server in '??'
  from /app/server in '??'
  from /app/server in '??'
  from /app/server in '??'
  from ???

2026-03-16T19:12:40.613058Z  ERROR - http.server: Unhandled exception on HTTP::Handler
Closed stream (IO::Error)
  from /app/server in '??'
  from /app/server in '??'
  from /app/server in '??'
  from /app/server in '??'
  from /app/server in '??'
  from /app/server in '??'
  from /app/server in '??'
  from /app/server in '??'
  from ???

Unhandled exception in spawn: Error while flushing data to the client (HTTP::Server::ClientError)
  from /app/server in '??'
  from /app/server in '??'
  from /app/server in '??'
  from /app/server in '??'
  from /app/server in '??'
  from /app/server in '??'
  from ???
Caused by: Error writing to socket (#<TCPSocket:0x72881f3cb000>): Connection reset by peer (IO::Error)
  from /app/server in '??'
  from /app/server in '??'
  from /app/server in '??'
  from /app/server in '??'
  from /app/server in '??'
  from /app/server in '??'
  from /app/server in '??'
  from ???
2026-03-16T19:12:40.513217Z  ERROR - kemal: Closed stream
Closed stream (IO::Error)
  from /app/server in '??'
  from /app/server in '??'
  from /app/server in '??'
  from /app/server in '??'
  from /app/server in '??'
  from /app/server in '??'
  from /app/server in '??'
  from /app/server in '??'
  from /app/server in '??'
  from /app/server in '??'
  from /app/server in '??'
  from /app/server in '??'
  from /app/server in '??'
  from ???

2026-03-16T19:12:40.513240Z  ERROR - http.server: Unhandled exception on HTTP::Handler
Closed stream (IO::Error)
  from /app/server in '??'
  from /app/server in '??'
  from /app/server in '??'
  from /app/server in '??'
  from /app/server in '??'
  from /app/server in '??'
  from /app/server in '??'
  from /app/server in '??'
  from ???

2026-03-16T19:12:40.516322Z  ERROR - kemal: Closed stream
Closed stream (IO::Error)
  from /app/server in '??'
  from /app/server in '??'
  from /app/server in '??'
  from /app/server in '??'
  from /app/server in '??'
  from /app/server in '??'
  from /app/server in '??'
Unhandled exception in spawn: Error while flushing data to the client (HTTP::Server::ClientError)
  from /app/server in '??'
  from /app/server in '??'
  from /app/server in '??'
  from /app/server in '??'
  from /app/server in '??'
  from /app/server in '??'
  from /app/server in '??'
  from /app/server in '??'
  from /app/server in '??'
  from /app/server in '??'
  from /app/server in '??'
  from ???
  from /app/server in '??'
Caused by: Error writing to socket (#<TCPSocket:0x7d8869153980>): Connection reset by peer (IO::Error)
  from ???
  from /app/server in '??'

  from /app/server in '??'
2026-03-16T19:12:40.516341Z  ERROR - http.server: Unhandled exception on HTTP::Handler
  from /app/server in '??'
Closed stream (IO::Error)
  from /app/server in '??'
  from /app/server in '??'
  from /app/server in '??'
  from /app/server in '??'
  from /app/server in '??'
  from /app/server in '??'
  from /app/server in '??'
  from /app/server in '??'
  from ???
  from /app/server in '??'
  from /app/server in '??'
  from /app/server in '??'
  from /app/server in '??'
  from ???

2026-03-16T19:12:40.609770Z  ERROR - kemal: Closed stream
Closed stream (IO::Error)
  from /app/server in '??'
  from /app/server in '??'
  from /app/server in '??'
  from /app/server in '??'
  from /app/server in '??'
  from /app/server in '??'
  from /app/server in '??'
  from /app/server in '??'
  from /app/server in '??'
  from /app/server in '??'
  from /app/server in '??'
  from /app/server in '??'
  from /app/server in '??'
  from ???

2026-03-16T19:12:40.609787Z  ERROR - http.server: Unhandled exception on HTTP::Handler
Closed stream (IO::Error)
  from /app/server in '??'
  from /app/server in '??'
  from /app/server in '??'
  from /app/server in '??'
  from /app/server in '??'
  from /app/server in '??'
  from /app/server in '??'
  from /app/server in '??'
  from ???

2026-03-16T19:12:40.609995Z  ERROR - kemal: Error reading socket (#<TCPSocket:0x79a11c2db5f0>): Connection reset by peer
Error reading socket (#<TCPSocket:0x79a11c2db5f0>): Connection reset by peer (IO::Error)
  from /app/server in '??'
  from /app/server in '??'
  from /app/server in '??'
  from /app/server in '??'
  from /app/server in '??'
  from /app/server in '??'
  from /app/server in '??'
  from /app/server in '??'
  from /app/server in '??'
  from /app/server in '??'
  from /app/server in '??'
  from /app/server in '??'
  from ???

Unhandled exception in spawn: Error while flushing data to the client (HTTP::Server::ClientError)
  from /app/server in '??'
  from /app/server in '??'
  from /app/server in '??'
  from /app/server in '??'
  from /app/server in '??'
  from /app/server in '??'
  from ???
Caused by: Error writing to socket (#<TCPSocket:0x79a11a4365f0>): Broken pipe (IO::Error)
  from /app/server in '??'
  from /app/server in '??'
  from /app/server in '??'
  from /app/server in '??'
  from /app/server in '??'
  from /app/server in '??'
  from /app/server in '??'
  from ???
Unhandled exception in spawn: Error while flushing data to the client (HTTP::Server::ClientError)
  from /app/server in '??'
  from /app/server in '??'
  from /app/server in '??'
  from /app/server in '??'
  from /app/server in '??'
  from /app/server in '??'
  from ???
Caused by: Error writing to socket (#<TCPSocket:0x7d886efb8be0>): Connection reset by peer (IO::Error)
  from /app/server in '??'
  from /app/server in '??'
  from /app/server in '??'
  from /app/server in '??'
  from /app/server in '??'
  from /app/server in '??'
  from /app/server in '??'
  from ???
2026-03-16T19:12:40.540308Z  ERROR - kemal: Closed stream
Closed stream (IO::Error)
  from /app/server in '??'
  from /app/server in '??'
  from /app/server in '??'
  from /app/server in '??'
  from /app/server in '??'
  from /app/server in '??'
  from /app/server in '??'
  from /app/server in '??'
  from /app/server in '??'
  from /app/server in '??'
  from /app/server in '??'
  from /app/server in '??'
  from /app/server in '??'
  from ???

2026-03-16T19:12:40.540335Z  ERROR - http.server: Unhandled exception on HTTP::Handler
Closed stream (IO::Error)
  from /app/server in '??'
  from /app/server in '??'
  from /app/server in '??'
  from /app/server in '??'
  from /app/server in '??'
  from /app/server in '??'
  from /app/server in '??'
  from /app/server in '??'
  from ???

2026-03-16T19:12:40.560619Z  ERROR - kemal: Closed stream
Closed stream (IO::Error)
  from /app/server in '??'
  from /app/server in '??'
  from /app/server in '??'
  from /app/server in '??'
  from /app/server in '??'
  from /app/server in '??'
  from /app/server in '??'
  from /app/server in '??'
  from /app/server in '??'
  from /app/server in '??'
  from /app/server in '??'
  from /app/server in '??'
  from /app/server in '??'
  from ???

2026-03-16T19:12:40.560648Z  ERROR - http.server: Unhandled exception on HTTP::Handler
Closed stream (IO::Error)
  from /app/server in '??'
  from /app/server in '??'
  from /app/server in '??'
  from /app/server in '??'
  from /app/server in '??'
  from /app/server in '??'
  from /app/server in '??'
Unhandled exception in spawn: Error while flushing data to the client (HTTP::Server::ClientError)
  from /app/server in '??'
  from /app/server in '??'
  from ???

  from /app/server in '??'
2026-03-16T19:12:40.572409Z  ERROR - kemal: Error while flushing data to the client
  from /app/server in '??'
Error while flushing data to the client (HTTP::Server::ClientError)
  from /app/server in '??'
  from /app/server in '??'
  from /app/server in '??'
  from /app/server in '??'
  from /app/server in '??'
  from /app/server in '??'
  from /app/server in '??'
  from /app/server in '??'
  from /app/server in '??'
  from ???
  from /app/server in '??'
Caused by: Error writing to socket (#<TCPSocket:0x7d886efb84c0>): Connection reset by peer (IO::Error)
  from /app/server in '??'
  from /app/server in '??'
  from /app/server in '??'
  from /app/server in '??'
  from /app/server in '??'
  from /app/server in '??'
  from /app/server in '??'
  from /app/server in '??'
  from /app/server in '??'
  from /app/server in '??'
  from ???
  from /app/server in '??'
Caused by: Error writing to socket (#<TCPSocket:0x780a23c4b720>): Connection reset by peer (IO::Error)
  from /app/server in '??'
  from /app/server in '??'
  from /app/server in '??'
  from /app/server in '??'
  from /app/server in '??'
  from /app/server in '??'
  from /app/server in '??'
  from ???
  from /app/server in '??'
  from /app/server in '??'
  from /app/server in '??'
  from /app/server in '??'
  from /app/server in '??'
  from /app/server in '??'
  from /app/server in '??'
  from /app/server in '??'
  from /app/server in '??'
  from /app/server in '??'
  from /app/server in '??'
  from ???

2026-03-16T19:12:40.572428Z  ERROR - http.server: Unhandled exception on HTTP::Handler
Closed stream (IO::Error)
  from /app/server in '??'
  from /app/server in '??'
  from /app/server in '??'
  from /app/server in '??'
  from /app/server in '??'
  from /app/server in '??'
  from /app/server in '??'
  from /app/server in '??'
  from ???

2026-03-16T19:12:40.606122Z  ERROR - kemal: Error while flushing data to the client
Error while flushing data to the client (HTTP::Server::ClientError)
  from /app/server in '??'
  from /app/server in '??'
  from /app/server in '??'
  from /app/server in '??'
  from /app/server in '??'
  from /app/server in '??'
  from /app/server in '??'
  from /app/server in '??'
Unhandled exception in spawn: Error while flushing data to the client (HTTP::Server::ClientError)
  from /app/server in '??'
  from /app/server in '??'
  from /app/server in '??'
  from /app/server in '??'
  from /app/server in '??'
  from /app/server in '??'
  from ???
Caused by: Error writing to socket (#<TCPSocket:0x7d886efb8130>): Connection reset by peer (IO::Error)
  from /app/server in '??'
  from /app/server in '??'
  from /app/server in '??'
  from /app/server in '??'
  from /app/server in '??'
  from /app/server in '??'
  from /app/server in '??'
  from ???
  from /app/server in '??'
  from /app/server in '??'
  from /app/server in '??'
  from /app/server in '??'
  from /app/server in '??'
  from /app/server in '??'
  from ???
Caused by: Error writing to socket (#<TCPSocket:0x780a23df7ab0>): Connection reset by peer (IO::Error)
  from /app/server in '??'
  from /app/server in '??'
  from /app/server in '??'
  from /app/server in '??'
  from /app/server in '??'
  from /app/server in '??'
  from /app/server in '??'
  from /app/server in '??'
  from /app/server in '??'
  from /app/server in '??'
  from /app/server in '??'
  from /app/server in '??'
  from /app/server in '??'
  from /app/server in '??'
  from /app/server in '??'
  from ???

2026-03-16T19:12:40.606138Z  ERROR - http.server: Unhandled exception on HTTP::Handler
Closed stream (IO::Error)
  from /app/server in '??'
  from /app/server in '??'
  from /app/server in '??'
  from /app/server in '??'
  from /app/server in '??'
  from /app/server in '??'
  from /app/server in '??'
  from /app/server in '??'
  from ???

Unhandled exception in spawn: Error while flushing data to the client (HTTP::Server::ClientError)
  from /app/server in '??'
  from /app/server in '??'
  from /app/server in '??'
  from /app/server in '??'
  from /app/server in '??'
  from /app/server in '??'
  from ???
Caused by: Error writing to socket (#<TCPSocket:0x7476354384c0>): Broken pipe (IO::Error)
  from /app/server in '??'
  from /app/server in '??'
  from /app/server in '??'
  from /app/server in '??'
  from /app/server in '??'
  from /app/server in '??'
  from /app/server in '??'
  from ???
Unhandled exception in spawn: Error while flushing data to the client (HTTP::Server::ClientError)
  from /app/server in '??'
  from /app/server in '??'
  from /app/server in '??'
  from /app/server in '??'
  from /app/server in '??'
  from /app/server in '??'
  from ???
Caused by: Error writing to socket (#<TCPSocket:0x7d886c38ae40>): Connection reset by peer (IO::Error)
  from /app/server in '??'
  from /app/server in '??'
  from /app/server in '??'
  from /app/server in '??'
  from /app/server in '??'
  from /app/server in '??'
  from /app/server in '??'
  from ???
Unhandled exception in spawn: Error while flushing data to the client (HTTP::Server::ClientError)
  from /app/server in '??'
  from /app/server in '??'
  from /app/server in '??'
  from /app/server in '??'
  from /app/server in '??'
  from /app/server in '??'
  from ???
Caused by: Error writing to socket (#<TCPSocket:0x769182a02260>): Connection reset by peer (IO::Error)
  from /app/server in '??'
  from /app/server in '??'
  from /app/server in '??'
  from /app/server in '??'
  from /app/server in '??'
  from /app/server in '??'
  from /app/server in '??'
  from ???
Unhandled exception in spawn: Error while flushing data to the client (HTTP::Server::ClientError)
  from /app/server in '??'
  from /app/server in '??'
  from /app/server in '??'
  from /app/server in '??'
  from /app/server in '??'
  from /app/server in '??'
  from ???
Caused by: Error writing to socket (#<TCPSocket:0x7953bb492850>): Connection reset by peer (IO::Error)
  from /app/server in '??'
  from /app/server in '??'
  from /app/server in '??'
  from /app/server in '??'
  from /app/server in '??'
  from /app/server in '??'
  from /app/server in '??'
  from ???
2026-03-16T19:12:40.530717Z  ERROR - kemal: Closed stream
Closed stream (IO::Error)
  from /app/server in '??'
  from /app/server in '??'
  from /app/server in '??'
  from /app/server in '??'
  from /app/server in '??'
  from /app/server in '??'
  from /app/server in '??'
  from /app/server in '??'
  from /app/server in '??'
  from /app/server in '??'
  from /app/server in '??'
  from /app/server in '??'
  from /app/server in '??'
  from ???

2026-03-16T19:12:40.530740Z  ERROR - http.server: Unhandled exception on HTTP::Handler
Closed stream (IO::Error)
  from /app/server in '??'
  from /app/server in '??'
  from /app/server in '??'
  from /app/server in '??'
  from /app/server in '??'
  from /app/server in '??'
  from /app/server in '??'
  from /app/server in '??'
  from ???

2026-03-16T19:12:40.614679Z  ERROR - kemal: Closed stream
Closed stream (IO::Error)
  from /app/server in '??'
  from /app/server in '??'
  from /app/server in '??'
  from /app/server in '??'
  from /app/server in '??'
  from /app/server in '??'
  from /app/server in '??'
  from /app/server in '??'
  from /app/server in '??'
  from /app/server in '??'
  from /app/server in '??'
  from /app/server in '??'
  from /app/server in '??'
  from ???

2026-03-16T19:12:40.614715Z  ERROR - http.server: Unhandled exception on HTTP::Handler
Closed stream (IO::Error)
  from /app/server in '??'
  from /app/server in '??'
  from /app/server in '??'
  from /app/server in '??'
  from /app/server in '??'
  from /app/server in '??'
  from /app/server in '??'
  from /app/server in '??'
  from ???

2026-03-16T19:12:40.614340Z  ERROR - kemal: Error reading socket (#<TCPSocket:0x79e2061264c0>): Connection reset by peer
Error reading socket (#<TCPSocket:0x79e2061264c0>): Connection reset by peer (IO::Error)
2026-03-16T19:12:40.474729Z  ERROR - kemal: Closed stream
Closed stream (IO::Error)
  from /app/server in '??'
  from /app/server in '??'
  from /app/server in '??'
  from /app/server in '??'
  from /app/server in '??'
  from /app/server in '??'
  from /app/server in '??'
  from /app/server in '??'
  from /app/server in '??'
  from /app/server in '??'
  from /app/server in '??'
  from /app/server in '??'
  from /app/server in '??'
  from /app/server in '??'
  from /app/server in '??'
  from /app/server in '??'
  from /app/server in '??'
  from /app/server in '??'
  from /app/server in '??'
  from /app/server in '??'
  from /app/server in '??'
  from /app/server in '??'
  from /app/server in '??'
  from /app/server in '??'
  from ???
  from /app/server in '??'

  from ???

2026-03-16T19:12:40.474756Z  ERROR - http.server: Unhandled exception on HTTP::Handler
Closed stream (IO::Error)
  from /app/server in '??'
  from /app/server in '??'
  from /app/server in '??'
  from /app/server in '??'
  from /app/server in '??'
  from /app/server in '??'
  from /app/server in '??'
  from /app/server in '??'
  from ???

2026-03-16T19:12:40.480511Z  ERROR - kemal: Closed stream
Closed stream (IO::Error)
  from /app/server in '??'
  from /app/server in '??'
  from /app/server in '??'
  from /app/server in '??'
  from /app/server in '??'
  from /app/server in '??'
  from /app/server in '??'
  from /app/server in '??'
  from /app/server in '??'
  from /app/server in '??'
  from /app/server in '??'
  from /app/server in '??'
  from /app/server in '??'
  from ???

2026-03-16T19:12:40.480539Z  ERROR - http.server: Unhandled exception on HTTP::Handler
Closed stream (IO::Error)
  from /app/server in '??'
  from /app/server in '??'
  from /app/server in '??'
  from /app/server in '??'
  from /app/server in '??'
  from /app/server in '??'
  from /app/server in '??'
  from /app/server in '??'
  from ???

2026-03-16T19:12:40.505814Z  ERROR - kemal: Closed stream
Closed stream (IO::Error)
  from /app/server in '??'
  from /app/server in '??'
  from /app/server in '??'
  from /app/server in '??'
  from /app/server in '??'
  from /app/server in '??'
  from /app/server in '??'
  from /app/server in '??'
  from /app/server in '??'
  from /app/server in '??'
  from /app/server in '??'
  from /app/server in '??'
  from /app/server in '??'
  from ???

2026-03-16T19:12:40.505843Z  ERROR - http.server: Unhandled exception on HTTP::Handler
Closed stream (IO::Error)
  from /app/server in '??'
  from /app/server in '??'
  from /app/server in '??'
  from /app/server in '??'
  from /app/server in '??'
  from /app/server in '??'
  from /app/server in '??'
  from /app/server in '??'
  from ???

Unhandled exception in spawn: Error while flushing data to the client (HTTP::Server::ClientError)
  from /app/server in '??'
  from /app/server in '??'
  from /app/server in '??'
  from /app/server in '??'
  from /app/server in '??'
  from /app/server in '??'
  from ???
Caused by: Error writing to socket (#<TCPSocket:0x7c831f023000>): Connection reset by peer (IO::Error)
Unhandled exception in spawn: Error while flushing data to the client (HTTP::Server::ClientError)
  from /app/server in '??'
  from /app/server in '??'
  from /app/server in '??'
  from /app/server in '??'
  from /app/server in '??'
  from /app/server in '??'
  from /app/server in '??'
  from ???
  from /app/server in '??'
  from /app/server in '??'
  from /app/server in '??'
  from /app/server in '??'
Unhandled exception in spawn: Error while flushing data to the client (HTTP::Server::ClientError  from /app/server in '??'
  from /app/server in '??'
)
  from ???
Caused by: Error writing to socket (#<TCPSocket:0x7df05d9d4390>): Connection reset by peer (IO::Error)
  from /app/server in '??'
  from /app/server in '??'
  from /app/server in '??'
  from /app/server in '??'
  from /app/server in '??'
  from /app/server in '??'
  from /app/server in '??'
  from /app/server in '??'
  from /app/server in '??'
  from /app/server in '??'
  from /app/server in '??'
  from /app/server in '??'
  from ???
  from /app/server in '??'
  from ???
Caused by: Error writing to socket (#<TCPSocket:0x76919c3b7e40>): Connection reset by peer (IO::Error)
  from /app/server in '??'
  from /app/server in '??'
  from /app/server in '??'
  from /app/server in '??'
  from /app/server in '??'
  from /app/server in '??'
  from /app/server in '??'
  from ???
Unhandled exception in spawn: Error while flushing data to the client (HTTP::Server::ClientError)
  from /app/server in '??'
  from /app/server in '??'
  from /app/server in '??'
  from /app/server in '??'
  from /app/server in '??'
  from /app/server in '??'
  from ???
Caused by: Error writing to socket (#<TCPSocket:0x7df05d9d45f0>): Connection reset by peer (IO::Error)
  from /app/server in '??'
  from /app/server in '??'
  from /app/server in '??'
  from /app/server in '??'
  from /app/server in '??'
  from /app/server in '??'
  from /app/server in '??'
  from ???
Unhandled exception in spawn: Error while flushing data to the client (HTTP::Server::ClientError)
  from /app/server in '??'
  from /app/server in '??'
  from /app/server in '??'
  from /app/server in '??'
  from /app/server in '??'
  from /app/server in '??'
  from ???
Caused by: Error writing to socket (#<TCPSocket:0x7df05d9d4000>): Connection reset by peer (IO::Error)
  from /app/server in '??'
  from /app/server in '??'
  from /app/server in '??'
  from /app/server in '??'
  from /app/server in '??'
  from /app/server in '??'
  from /app/server in '??'
  from ???
Unhandled exception in spawn: Error while flushing data to the client (HTTP::Server::ClientError)
  from /app/server in '??'
  from /app/server in '??'
  from /app/server in '??'
  from /app/server in '??'
  from /app/server in '??'
  from /app/server in '??'
  from ???
Caused by: Error writing to socket (#<TCPSocket:0x7514c72a4ab0>): Connection reset by peer (IO::Error)
  from /app/server in '??'
  from /app/server in '??'
  from /app/server in '??'
  from /app/server in '??'
  from /app/server in '??'
  from /app/server in '??'
  from /app/server in '??'
  from ???
Unhandled exception in spawn: Error while flushing data to the client (HTTP::Server::ClientError)
  from /app/server in '??'
  from /app/server in '??'
  from /app/server in '??'
  from /app/server in '??'
  from /app/server in '??'
  from /app/server in '??'
  from ???
Caused by: Error writing to socket (#<TCPSocket:0x7514c72a4980>): Connection reset by peer (IO::Error)
  from /app/server in '??'
  from /app/server in '??'
  from /app/server in '??'
  from /app/server in '??'
  from /app/server in '??'
  from /app/server in '??'
  from /app/server in '??'
  from ???
Unhandled exception in spawn: Error while flushing data to the client (HTTP::Server::ClientError)
  from /app/server in '??'
  from /app/server in '??'
  from /app/server in '??'
  from /app/server in '??'
  from /app/server in '??'
  from /app/server in '??'
  from ???
Caused by: Error writing to socket (#<TCPSocket:0x7df05d9b15f0>): Connection reset by peer (IO::Error)
  from /app/server in '??'
  from /app/server in '??'
  from /app/server in '??'
  from /app/server in '??'
  from /app/server in '??'
  from /app/server in '??'
  from /app/server in '??'
  from ???
2026-03-16T19:12:40.620427Z  ERROR - kemal: Closed stream
Closed stream (IO::Error)
  from /app/server in '??'
  from /app/server in '??'
  from /app/server in '??'
  from /app/server in '??'
  from /app/server in '??'
  from /app/server in '??'
  from /app/server in '??'
  from /app/server in '??'
  from /app/server in '??'
  from /app/server in '??'
  from /app/server in '??'
  from /app/server in '??'
  from /app/server in '??'
  from ???

2026-03-16T19:12:40.620442Z  ERROR - http.server: Unhandled exception on HTTP::Handler
Closed stream (IO::Error)
  from /app/server in '??'
  from /app/server in '??'
  from /app/server in '??'
  from /app/server in '??'
  from /app/server in '??'
  from /app/server in '??'
  from /app/server in '??'
  from /app/server in '??'
  from ???

2026-03-16T19:12:40.612118Z  ERROR - kemal: Error reading socket (#<TCPSocket:0x7d590e0d9ab0>): Connection reset by peer
Error reading socket (#<TCPSocket:0x7d590e0d9ab0>): Connection reset by peer (IO::Error)
2026-03-16T19:12:40.622042Z  ERROR - kemal: Error reading socket (#<TCPSocket:0x79a11a4365f0>): Connection reset by peer
Error reading socket (#<TCPSocket:0x79a11a4365f0>): Connection reset by peer (IO::Error)
  from /app/server in '??'
  from /app/server in '??'
  from /app/server in '??'
  from /app/server in '??'
  from /app/server in '??'
  from /app/server in '??'
  from /app/server in '??'
  from /app/server in '??'
  from /app/server in '??'
  from /app/server in '??'
  from /app/server in '??'
  from /app/server in '??'
  from ???

2026-03-16T19:12:40.621030Z  ERROR - kemal: Closed stream
Closed stream (IO::Error)
  from /app/server in '??'
  from /app/server in '??'
  from /app/server in '??'
  from /app/server in '??'
  from /app/server in '??'
  from /app/server in '??'
  from /app/server in '??'
  from /app/server in '??'
  from /app/server in '??'
  from /app/server in '??'
  from /app/server in '??'
  from /app/server in '??'
  from /app/server in '??'
  from /app/server in '??'
  from /app/server in '??'
  from /app/server in '??'
  from ???
  from /app/server in '??'

  from /app/server in '??'
  from /app/server in '??'
  from /app/server in '??'
  from /app/server in '??'
  from /app/server in '??'
  from /app/server in '??'
  from /app/server in '??'
  from /app/server in '??'
  from ???

2026-03-16T19:12:40.621044Z  ERROR - http.server: Unhandled exception on HTTP::Handler
Closed stream (IO::Error)
  from /app/server in '??'
  from /app/server in '??'
  from /app/server in '??'
  from /app/server in '??'
  from /app/server in '??'
  from /app/server in '??'
  from /app/server in '??'
  from /app/server in '??'
  from ???

2026-03-16T19:12:40.621022Z  ERROR - kemal: Closed stream
Closed stream (IO::Error)
  from /app/server in '??'
  from /app/server in '??'
  from /app/server in '??'
  from /app/server in '??'
  from /app/server in '??'
  from /app/server in '??'
  from /app/server in '??'
  from /app/server in '??'
  from /app/server in '??'
  from /app/server in '??'
  from /app/server in '??'
  from /app/server in '??'
  from /app/server in '??'
  from ???

2026-03-16T19:12:40.621037Z  ERROR - http.server: Unhandled exception on HTTP::Handler
Closed stream (IO::Error)
  from /app/server in '??'
  from /app/server in '??'
  from /app/server in '??'
  from /app/server in '??'
  from /app/server in '??'
  from /app/server in '??'
  from /app/server in '??'
  from /app/server in '??'
  from ???

Unhandled exception in spawn: Error while flushing data to the client (HTTP::Server::ClientError)
  from /app/server in '??'
  from /app/server in '??'
  from /app/server in '??'
  from /app/server in '??'
  from /app/server in '??'
  from /app/server in '??'
  from ???
Caused by: Error writing to socket (#<TCPSocket:0x7df7158b2850>): Connection reset by peer (IO::Error)
  from /app/server in '??'
  from /app/server in '??'
  from /app/server in '??'
  from /app/server in '??'
  from /app/server in '??'
  from /app/server in '??'
  from /app/server in '??'
  from ???
Unhandled exception in spawn: Error while flushing data to the client (HTTP::Server::ClientError)
  from /app/server in '??'
  from /app/server in '??'
  from /app/server in '??'
  from /app/server in '??'
  from /app/server in '??'
  from /app/server in '??'
  from ???
Caused by: Error writing to socket (#<TCPSocket:0x7df7158b2130>): Connection reset by peer (IO::Error)
  from /app/server in '??'
  from /app/server in '??'
  from /app/server in '??'
  from /app/server in '??'
  from /app/server in '??'
  from /app/server in '??'
  from /app/server in '??'
  from ???
Unhandled exception in spawn: Error while flushing data to the client (HTTP::Server::ClientError)
  from /app/server in '??'
  from /app/server in '??'
  from /app/server in '??'
  from /app/server in '??'
  from /app/server in '??'
  from /app/server in '??'
  from ???
Caused by: Error writing to socket (#<TCPSocket:0x7f5c63449be0>): Broken pipe (IO::Error)
  from /app/server in '??'
  from /app/server in '??'
  from /app/server in '??'
  from /app/server in '??'
  from /app/server in '??'
  from /app/server in '??'
  from /app/server in '??'
  from ???
Unhandled exception in spawn: Error while flushing data to the client (HTTP::Server::ClientError)
  from /app/server in '??'
  from /app/server in '??'
  from /app/server in '??'
  from /app/server in '??'
  from /app/server in '??'
  from /app/server in '??'
  from ???
Caused by: Error writing to socket (#<TCPSocket:0x7df713c915f0>): Connection reset by peer (IO::Error)
  from /app/server in '??'
  from /app/server in '??'
  from /app/server in '??'
  from /app/server in '??'
  from /app/server in '??'
  from /app/server in '??'
2026-03-16T19:12:40.626540Z  ERROR - kemal: Closed stream
Closed stream (IO::Error)
  from /app/server in '??'
  from /app/server in '??'
  from /app/server in '??'
  from /app/server in '??'
  from ???
Unhandled exception in spawn: Error while flushing data to the client (HTTP::Server::ClientError)
  from /app/server in '??'
  from /app/server in '??'
  from /app/server in '??'
  from /app/server in '??'
  from /app/server in '??'
  from /app/server in '??'
  from ???
Caused by: Error writing to socket (#<TCPSocket:0x7f5c63449980>): Connection reset by peer (IO::Error)
  from /app/server in '??'
  from /app/server in '??'
  from /app/server in '??'
  from /app/server in '??'
  from /app/server in '??'
  from /app/server in '??'
  from /app/server in '??'
  from ???
  from /app/server in '??'
  from /app/server in '??'
  from /app/server in '??'
  from /app/server in '??'
  from /app/server in '??'
  from /app/server in '??'
  from /app/server in '??'
  from /app/server in '??'
  from /app/server in '??'
  from /app/server in '??'
  from ???

2026-03-16T19:12:40.626554Z  ERROR - http.server: Unhandled exception on HTTP::Handler
Closed stream (IO::Error)
  from /app/server in '??'
  from /app/server in '??'
  from /app/server in '??'
  from /app/server in '??'
  from /app/server in '??'
  from /app/server in '??'
  from /app/server in '??'
  from /app/server in '??'
  from ???

2026-03-16T19:12:40.618649Z  ERROR - kemal: Closed stream
Closed stream (IO::Error)
  from /app/server in '??'
  from /app/server in '??'
  from /app/server in '??'
  from /app/server in '??'
  from /app/server in '??'
  from /app/server in '??'
  from /app/server in '??'
  from /app/server in '??'
  from /app/server in '??'
  from /app/server in '??'
  from /app/server in '??'
  from /app/server in '??'
  from /app/server in '??'
  from ???

2026-03-16T19:12:40.618663Z  ERROR - http.server: Unhandled exception on HTTP::Handler
Closed stream (IO::Error)
  from /app/server in '??'
  from /app/server in '??'
  from /app/server in '??'
  from /app/server in '??'
  from /app/server in '??'
  from /app/server in '??'
  from /app/server in '??'
  from /app/server in '??'
  from ???

2026-03-16T19:12:40.627906Z  ERROR - kemal: Closed stream
Closed stream (IO::Error)
  from /app/server in '??'
  from /app/server in '??'
  from /app/server in '??'
  from /app/server in '??'
  from /app/server in '??'
  from /app/server in '??'
  from /app/server in '??'
  from /app/server in '??'
  from /app/server in '??'
  from /app/server in '??'
  from /app/server in '??'
  from /app/server in '??'
  from /app/server in '??'
  from ???

2026-03-16T19:12:40.627920Z  ERROR - http.server: Unhandled exception on HTTP::Handler
Closed stream (IO::Error)
  from /app/server in '??'
  from /app/server in '??'
  from /app/server in '??'
2026-03-16T19:12:40.575487Z  ERROR - kemal: Closed stream
Closed stream (IO::Error)
  from /app/server in '??'
  from /app/server in '??'
  from /app/server in '??'
  from /app/server in '??'
  from /app/server in '??'
  from /app/server in '??'
  from ???

  from /app/server in '??'
  from /app/server in '??'
  from /app/server in '??'
  from /app/server in '??'
  from /app/server in '??'
  from /app/server in '??'
  from /app/server in '??'
  from /app/server in '??'
  from /app/server in '??'
  from /app/server in '??'
  from /app/server in '??'
  from /app/server in '??'
  from ???

2026-03-16T19:12:40.575505Z  ERROR - http.server: Unhandled exception on HTTP::Handler
Closed stream (IO::Error)
  from /app/server in '??'
  from /app/server in '??'
  from /app/server in '??'
  from /app/server in '??'
  from /app/server in '??'
  from /app/server in '??'
  from /app/server in '??'
  from /app/server in '??'
  from ???

Unhandled exception in spawn: Error while flushing data to the client (HTTP::Server::ClientError)
  from /app/server in '??'
  from /app/server in '??'
  from /app/server in '??'
  from /app/server in '??'
  from /app/server in '??'
  from /app/server in '??'
  from ???
Caused by: Error writing to socket (#<TCPSocket:0x7aca6051ae40>): Connection reset by peer (IO::Error)
  from /app/server in '??'
  from /app/server in '??'
  from /app/server in '??'
  from /app/server in '??'
  from /app/server in '??'
  from /app/server in '??'
  from /app/server in '??'
  from ???
2026-03-16T19:12:40.572580Z  ERROR - kemal: Closed stream
Closed stream (IO::Error)
  from /app/server in '??'
  from /app/server in '??'
  from /app/server in '??'
  from /app/server in '??'
  from /app/server in '??'
  from /app/server in '??'
  from /app/server in '??'
  from /app/server in '??'
  from /app/server in '??'
  from /app/server in '??'
  from /app/server in '??'
  from /app/server in '??'
  from /app/server in '??'
  from ???

2026-03-16T19:12:40.572604Z  ERROR - http.server: Unhandled exception on HTTP::Handler
Closed stream (IO::Error)
  from /app/server in '??'
  from /app/server in '??'
  from /app/server in '??'
  from /app/server in '??'
  from /app/server in '??'
  from /app/server in '??'
  from /app/server in '??'
  from /app/server in '??'
  from ???

2026-03-16T19:12:40.637479Z  ERROR - kemal: Closed stream
Closed stream (IO::Error)
  from /app/server in '??'
  from /app/server in '??'
  from /app/server in '??'
  from /app/server in '??'
  from /app/server in '??'
  from /app/server in '??'
  from /app/server in '??'
  from /app/server in '??'
  from /app/server in '??'
  from /app/server in '??'
  from /app/server in '??'
  from /app/server in '??'
  from /app/server in '??'
  from ???

2026-03-16T19:12:40.637491Z  ERROR - http.server: Unhandled exception on HTTP::Handler
Closed stream (IO::Error)
  from /app/server in '??'
  from /app/server in '??'
  from /app/server in '??'
  from /app/server in '??'
  from /app/server in '??'
  from /app/server in '??'
  from /app/server in '??'
  from /app/server in '??'
  from ???

2026-03-16T19:12:40.638545Z  ERROR - kemal: Closed stream
Closed stream (IO::Error)
  from /app/server in '??'
  from /app/server in '??'
  from /app/server in '??'
  from /app/server in '??'
  from /app/server in '??'
  from /app/server in '??'
  from /app/server in '??'
  from /app/server in '??'
  from /app/server in '??'
  from /app/server in '??'
  from /app/server in '??'
  from /app/server in '??'
  from /app/server in '??'
  from ???

2026-03-16T19:12:40.638557Z  ERROR - http.server: Unhandled exception on HTTP::Handler
Closed stream (IO::Error)
  from /app/server in '??'
  from /app/server in '??'
  from /app/server in '??'
  from /app/server in '??'
  from /app/server in '??'
  from /app/server in '??'
  from /app/server in '??'
  from /app/server in '??'
  from ???

Unhandled exception in spawn: Error while flushing data to the client (HTTP::Server::ClientError)
  from /app/server in '??'
  from /app/server in '??'
  from /app/server in '??'
  from /app/server in '??'
  from /app/server in '??'
  from /app/server in '??'
  from ???
Caused by: Error writing to socket (#<TCPSocket:0x7ff47c27e720>): Connection reset by peer (IO::Error)
  from /app/server in '??'
  from /app/server in '??'
  from /app/server in '??'
  from /app/server in '??'
  from /app/server in '??'
  from /app/server in '??'
  from /app/server in '??'
  from ???
Unhandled exception in spawn: Error while flushing data to the client (HTTP::Server::ClientError)
  from /app/server in '??'
  from /app/server in '??'
  from /app/server in '??'
  from /app/server in '??'
  from /app/server in '??'
  from /app/server in '??'
  from ???
Caused by: Error writing to socket (#<TCPSocket:0x7ff47c27e5f0>): Connection reset by peer (IO::Error)
  from /app/server in '??'
  from /app/server in '??'
  from /app/server in '??'
  from /app/server in '??'
  from /app/server in '??'
  from /app/server in '??'
  from /app/server in '??'
  from ???
2026-03-16T19:12:40.633554Z  ERROR - kemal: Closed stream
Closed stream (IO::Error)
  from /app/server in '??'
  from /app/server in '??'
  from /app/server in '??'
  from /app/server in '??'
  from /app/server in '??'
  from /app/server in '??'
  from /app/server in '??'
  from /app/server in '??'
  from /app/server in '??'
  from /app/server in '??'
  from /app/server in '??'
  from /app/server in '??'
  from /app/server in '??'
  from ???

2026-03-16T19:12:40.633568Z  ERROR - http.server: Unhandled exception on HTTP::Handler
Closed stream (IO::Error)
  from /app/server in '??'
  from /app/server in '??'
  from /app/server in '??'
  from /app/server in '??'
  from /app/server in '??'
  from /app/server in '??'
  from /app/server in '??'
  from /app/server in '??'
  from ???

2026-03-16T19:12:40.525122Z  ERROR - kemal: Closed stream
Closed stream (IO::Error)
  from /app/server in '??'
  from /app/server in '??'
  from /app/server in '??'
  from /app/server in '??'
  from /app/server in '??'
  from /app/server in '??'
  from /app/server in '??'
  from /app/server in '??'
  from /app/server in '??'
  from /app/server in '??'
  from /app/server in '??'
  from /app/server in '??'
  from /app/server in '??'
  from ???

2026-03-16T19:12:40.525148Z  ERROR - http.server: Unhandled exception on HTTP::Handler
Closed stream (IO::Error)
  from /app/server in '??'
  from /app/server in '??'
  from /app/server in '??'
  from /app/server in '??'
  from /app/server in '??'
  from /app/server in '??'
  from /app/server in '??'
  from /app/server in '??'
  from ???

2026-03-16T19:12:40.618003Z  ERROR - kemal: Closed stream
Closed stream (IO::Error)
  from /app/server in '??'
  from /app/server in '??'
  from /app/server in '??'
  from /app/server in '??'
  from /app/server in '??'
  from /app/server in '??'
  from /app/server in '??'
  from /app/server in '??'
  from /app/server in '??'
  from /app/server in '??'
  from /app/server in '??'
  from /app/server in '??'
  from /app/server in '??'
  from ???

2026-03-16T19:12:40.618018Z  ERROR - http.server: Unhandled exception on HTTP::Handler
Closed stream (IO::Error)
  from /app/server in '??'
  from /app/server in '??'
  from /app/server in '??'
  from /app/server in '??'
  from /app/server in '??'
  from /app/server in '??'
  from /app/server in '??'
  from /app/server in '??'
  from ???

2026-03-16T19:12:40.623579Z  ERROR - kemal: Closed stream
Closed stream (IO::Error)
  from /app/server in '??'
  from /app/server in '??'
  from /app/server in '??'
  from /app/server in '??'
  from /app/server in '??'
  from /app/server in '??'
  from /app/server in '??'
  from /app/server in '??'
  from /app/server in '??'
  from /app/server in '??'
  from /app/server in '??'
  from /app/server in '??'
  from /app/server in '??'
  from ???

2026-03-16T19:12:40.623593Z  ERROR - http.server: Unhandled exception on HTTP::Handler
Closed stream (IO::Error)
  from /app/server in '??'
  from /app/server in '??'
  from /app/server in '??'
  from /app/server in '??'
  from /app/server in '??'
  from /app/server in '??'
  from /app/server in '??'
  from /app/server in '??'
  from ???

Unhandled exception in spawn: Error while flushing data to the client (HTTP::Server::ClientError)
  from /app/server in '??'
  from /app/server in '??'
  from /app/server in '??'
  from /app/server in '??'
  from /app/server in '??'
  from /app/server in '??'
  from ???
Caused by: Error writing to socket (#<TCPSocket:0x7cbe8dba3850>): Connection reset by peer (IO::Error)
  from /app/server in '??'
  from /app/server in '??'
  from /app/server in '??'
  from /app/server in '??'
  from /app/server in '??'
  from /app/server in '??'
  from /app/server in '??'
  from ???
Unhandled exception in spawn: Error while flushing data to the client (HTTP::Server::ClientError)
  from /app/server in '??'
  from /app/server in '??'
  from /app/server in '??'
  from /app/server in '??'
  from /app/server in '??'
  from /app/server in '??'
  from ???
Caused by: Error writing to socket (#<TCPSocket:0x7cbe8dba35f0>): Connection reset by peer (IO::Error)
  from /app/server in '??'
  from /app/server in '??'
  from /app/server in '??'
  from /app/server in '??'
  from /app/server in '??'
  from /app/server in '??'
  from /app/server in '??'
  from ???
Unhandled exception in spawn: Error while flushing data to the client (HTTP::Server::ClientError)
  from /app/server in '??'
  from /app/server in '??'
  from /app/server in '??'
  from /app/server in '??'
  from /app/server in '??'
  from /app/server in '??'
  from ???
Caused by: Error writing to socket (#<TCPSocket:0x7953bb492000>): Connection reset by peer (IO::Error)
  from /app/server in '??'
  from /app/server in '??'
  from /app/server in '??'
  from /app/server in '??'
  from /app/server in '??'
  from /app/server in '??'
  from /app/server in '??'
  from ???
Unhandled exception in spawn: Error while flushing data to the client (HTTP::Server::ClientError)
  from /app/server in '??'
2026-03-16T19:12:40.614607Z  ERROR - kemal: Closed stream
  from /app/server in '??'
  from /app/server in '??'
  from /app/server in '??'
  from /app/server in '??'
  from /app/server in '??'
  from ???
Caused by: Error writing to socket (#<TCPSocket:0x7cbe8dba3390>): Broken pipe (IO::Error)
  from /app/server in '??'
  from /app/server in '??'
  from /app/server in '??'
  from /app/server in '??'
  from /app/server in '??'
  from /app/server in '??'
  from /app/server in '??'
  from ???
Closed stream (IO::Error)
  from /app/server in '??'
  from /app/server in '??'
  from /app/server in '??'
  from /app/server in '??'
  from /app/server in '??'
  from /app/server in '??'
  from /app/server in '??'
2026-03-16T19:12:40.612260Z  ERROR - kemal: Error reading socket (#<TCPSocket:0x79d2f84b5390>): Connection reset by peer
  from /app/server in '??'
  from /app/server in '??'
Error reading socket (#<TCPSocket:0x79d2f84b5390>): Connection reset by peer (IO::Error  from /app/server in '??'
)
  from /app/server in '??'
  from /app/server in '??'
  from /app/server in '??'
  from ???

2026-03-16T19:12:40.614623Z  ERROR - http.server: Unhandled exception on HTTP::Handler
Closed stream (IO::Error)
  from /app/server in '??'
  from /app/server in '??'
  from /app/server in '??'
  from /app/server in '??'
  from /app/server in '??'
  from /app/server in '??'
  from /app/server in '??'
  from /app/server in '??'
  from /app/server in '??'
  from /app/server in '??'
  from /app/server in '??'
  from /app/server in '??'
  from ???

  from /app/server in '??'
  from /app/server in '??'
  from /app/server in '??'
  from /app/server in '??'
  from /app/server in '??'
  from /app/server in '??'
  from /app/server in '??'
  from /app/server in '??'
  from ???

Unhandled exception in spawn: Error while flushing data to the client (HTTP::Server::ClientError)
  from /app/server in '??'
  from /app/server in '??'
  from /app/server in '??'
  from /app/server in '??'
  from /app/server in '??'
  from /app/server in '??'
  from ???
Caused by: Error writing to socket (#<TCPSocket:0x7cbe6ffac4c0>): Connection reset by peer (IO::Error)
  from /app/server in '??'
  from /app/server in '??'
  from /app/server in '??'
  from /app/server in '??'
  from /app/server in '??'
  from /app/server in '??'
  from /app/server in '??'
  from ???
2026-03-16T19:12:40.644395Z  ERROR - kemal: Error reading socket (#<TCPSocket:0x7cbe8dba3390>): Connection reset by peer
Error reading socket (#<TCPSocket:0x7cbe8dba3390>): Connection reset by peer (IO::Error)
  from /app/server in '??'
  from /app/server in '??'
  from /app/server in '??'
  from /app/server in '??'
  from /app/server in '??'
  from /app/server in '??'
  from /app/server in '??'
  from /app/server in '??'
  from /app/server in '??'
  from /app/server in '??'
  from /app/server in '??'
  from /app/server in '??'
  from ???

Unhandled exception in spawn: Error while flushing data to the client (HTTP::Server::ClientError)
  from /app/server in '??'
  from /app/server in '??'
  from /app/server in '??'
  from /app/server in '??'
2026-03-16T19:12:40.596517Z  ERROR - kemal: Error while flushing data to the client
  from /app/server in '??'
Error while flushing data to the client (HTTP::Server::ClientError)
  from /app/server in '??'
  from ???
Caused by: Error writing to socket (#<TCPSocket:0x7f5c63449390>): Broken pipe (IO::Error)
  from /app/server in '??'
  from /app/server in '??'
  from /app/server in '??'
  from /app/server in '??'
  from /app/server in '??'
  from /app/server in '??'
  from /app/server in '??'
  from ???
  from /app/server in '??'
  from /app/server in '??'
2026-03-16T19:12:40.636007Z  ERROR - kemal: Closed stream
Closed stream (IO::Error)
  from /app/server in '??'
  from /app/server in '??'
  from /app/server in '??'
  from /app/server in '??'
  from /app/server in '??'
  from /app/server in '??'
  from /app/server in '??'
  from /app/server in '??'
  from /app/server in '??'
  from /app/server in '??'
  from /app/server in '??'
  from /app/server in '??'
  from /app/server in '??'
  from /app/server in '??'
  from /app/server in '??'
  from ???

2026-03-16T19:12:40.636020Z  ERROR - http.server: Unhandled exception on HTTP::Handler
Closed stream (IO::Error)
  from /app/server in '??'
  from /app/server in '??'
  from /app/server in '??'
  from /app/server in '??'
  from /app/server in '??'
  from /app/server in '??'
  from /app/server in '??'
  from /app/server in '??'
  from /app/server in '??'
  from /app/server in '??'
  from ???
Caused by: Error writing to socket (#<TCPSocket:0x75f85824cd10>): Connection reset by peer (IO::Error)
  from /app/server in '??'
  from /app/server in '??'
  from /app/server in '??'
  from /app/server in '??'
  from /app/server in '??'
  from /app/server in '??'
  from /app/server in '??'
  from /app/server in '??'
  from /app/server in '??'
  from /app/server in '??'
  from /app/server in '??'
  from /app/server in '??'
  from /app/server in '??'
  from /app/server in '??'
  from /app/server in '??'
  from ???

2026-03-16T19:12:40.596533Z  ERROR - http.server: Unhandled exception on HTTP::Handler
Closed stream (IO::Error)
  from /app/server in '??'
  from /app/server in '??'
  from /app/server in '??'
  from /app/server in '??'
  from /app/server in '??'
  from /app/server in '??'
  from /app/server in '??'
  from /app/server in '??'
  from ???

  from /app/server in '??'
  from /app/server in '??'
  from /app/server in '??'
  from /app/server in '??'
  from /app/server in '??'
  from /app/server in '??'
  from /app/server in '??'
  from /app/server in '??'
  from ???

2026-03-16T19:12:40.644140Z  ERROR - kemal: Closed stream
Closed stream (IO::Error)
  from /app/server in '??'
  from /app/server in '??'
  from /app/server in '??'
  from /app/server in '??'
  from /app/server in '??'
  from /app/server in '??'
  from /app/server in '??'
  from /app/server in '??'
  from /app/server in '??'
  from /app/server in '??'
  from /app/server in '??'
  from /app/server in '??'
  from /app/server in '??'
  from ???

2026-03-16T19:12:40.644155Z  ERROR - http.server: Unhandled exception on HTTP::Handler
Closed stream (IO::Error)
  from /app/server in '??'
  from /app/server in '??'
  from /app/server in '??'
  from /app/server in '??'
  from /app/server in '??'
  from /app/server in '??'
  from /app/server in '??'
  from /app/server in '??'
  from ???

2026-03-16T19:12:40.537013Z  ERROR - kemal: Closed stream
Closed stream (IO::Error)
  from /app/server in '??'
  from /app/server in '??'
  from /app/server in '??'
  from /app/server in '??'
  from /app/server in '??'
  from /app/server in '??'
  from /app/server in '??'
  from /app/server in '??'
  from /app/server in '??'
  from /app/server in '??'
  from /app/server in '??'
  from /app/server in '??'
  from /app/server in '??'
  from ???

2026-03-16T19:12:40.537038Z  ERROR - http.server: Unhandled exception on HTTP::Handler
Closed stream (IO::Error)
  from /app/server in '??'
  from /app/server in '??'
  from /app/server in '??'
  from /app/server in '??'
  from /app/server in '??'
  from /app/server in '??'
  from /app/server in '??'
  from /app/server in '??'
  from ???

2026-03-16T19:12:40.587770Z  ERROR - kemal: Error while flushing data to the client
Error while flushing data to the client (HTTP::Server::ClientError)
  from /app/server in '??'
  from /app/server in '??'
  from /app/server in '??'
  from /app/server in '??'
  from /app/server in '??'
  from /app/server in '??'
  from /app/server in '??'
  from /app/server in '??'
  from /app/server in '??'
  from /app/server in '??'
  from /app/server in '??'
  from /app/server in '??'
  from /app/server in '??'
  from /app/server in '??'
  from ???
Caused by: Error writing to socket (#<TCPSocket:0x7c8320c80ab0>): Connection reset by peer (IO::Error)
  from /app/server in '??'
  from /app/server in '??'
  from /app/server in '??'
  from /app/server in '??'
  from /app/server in '??'
  from /app/server in '??'
  from /app/server in '??'
  from /app/server in '??'
  from /app/server in '??'
  from /app/server in '??'
  from /app/server in '??'
  from /app/server in '??'
  from /app/server in '??'
  from /app/server in '??'
  from /app/server in '??'
  from ???

2026-03-16T19:12:40.587795Z  ERROR - http.server: Unhandled exception on HTTP::Handler
Closed stream (IO::Error)
  from /app/server in '??'
  from /app/server in '??'
  from /app/server in '??'
  from /app/server in '??'
  from /app/server in '??'
  from /app/server in '??'
  from /app/server in '??'
  from /app/server in '??'
  from ???

2026-03-16T19:12:40.606841Z  ERROR - kemal: Closed stream
Closed stream (IO::Error)
  from /app/server in '??'
  from /app/server in '??'
  from /app/server in '??'
  from /app/server in '??'
  from /app/server in '??'
  from /app/server in '??'
  from /app/server in '??'
  from /app/server in '??'
  from /app/server in '??'
  from /app/server in '??'
  from /app/server in '??'
  from /app/server in '??'
  from /app/server in '??'
  from ???

2026-03-16T19:12:40.606858Z  ERROR - http.server: Unhandled exception on HTTP::Handler
Closed stream (IO::Error)
  from /app/server in '??'
  from /app/server in '??'
  from /app/server in '??'
  from /app/server in '??'
  from /app/server in '??'
  from /app/server in '??'
  from /app/server in '??'
  from /app/server in '??'
  from ???

Unhandled exception in spawn: Error while flushing data to the client (HTTP::Server::ClientError)
  from /app/server in '??'
  from /app/server in '??'
  from /app/server in '??'
  from /app/server in '??'
  from /app/server in '??'
  from /app/server in '??'
  from ???
Caused by: Error writing to socket (#<TCPSocket:0x74762e8e2d10>): Broken pipe (IO::Error)
  from /app/server in '??'
  from /app/server in '??'
  from /app/server in '??'
  from /app/server in '??'
  from /app/server in '??'
  from /app/server in '??'
  from /app/server in '??'
  from ???
2026-03-16T19:12:40.623497Z  ERROR - kemal: Error reading socket (#<TCPSocket:0x7476354384c0>): Connection reset by peer
Error reading socket (#<TCPSocket:0x7476354384c0>): Connection reset by peer (IO::Error)
  from /app/server in '??'
  from /app/server in '??'
  from /app/server in '??'
  from /app/server in '??'
  from /app/server in '??'
  from /app/server in '??'
  from /app/server in '??'
  from /app/server in '??'
  from /app/server in '??'
  from /app/server in '??'
  from /app/server in '??'
  from /app/server in '??'
  from ???

2026-03-16T19:12:40.629394Z  ERROR - kemal: Closed stream
Closed stream (IO::Error)
  from /app/server in '??'
  from /app/server in '??'
  from /app/server in '??'
  from /app/server in '??'
  from /app/server in '??'
  from /app/server in '??'
  from /app/server in '??'
  from /app/server in '??'
  from /app/server in '??'
  from /app/server in '??'
  from /app/server in '??'
  from /app/server in '??'
  from /app/server in '??'
  from ???

2026-03-16T19:12:40.629408Z  ERROR - http.server: Unhandled exception on HTTP::Handler
Closed stream (IO::Error)
  from /app/server in '??'
  from /app/server in '??'
  from /app/server in '??'
  from /app/server in '??'
  from /app/server in '??'
  from /app/server in '??'
  from /app/server in '??'
  from /app/server in '??'
  from ???

2026-03-16T19:12:40.651129Z  ERROR - kemal: Error reading socket (#<TCPSocket:0x74762e8e2d10>): Connection reset by peer
Error reading socket (#<TCPSocket:0x74762e8e2d10>): Connection reset by peer (IO::Error)
  from /app/server in '??'
  from /app/server in '??'
  from /app/server in '??'
  from /app/server in '??'
  from /app/server in '??'
  from /app/server in '??'
  from /app/server in '??'
  from /app/server in '??'
  from /app/server in '??'
  from /app/server in '??'
  from /app/server in '??'
  from /app/server in '??'
  from ???

2026-03-16T19:12:40.652238Z  ERROR - kemal: Closed stream
Closed stream (IO::Error)
  from /app/server in '??'
  from /app/server in '??'
  from /app/server in '??'
  from /app/server in '??'
  from /app/server in '??'
  from /app/server in '??'
  from /app/server in '??'
  from /app/server in '??'
  from /app/server in '??'
  from /app/server in '??'
  from /app/server in '??'
  from /app/server in '??'
  from /app/server in '??'
  from ???

2026-03-16T19:12:40.652250Z  ERROR - http.server: Unhandled exception on HTTP::Handler
Closed stream (IO::Error)
  from /app/server in '??'
  from /app/server in '??'
  from /app/server in '??'
  from /app/server in '??'
  from /app/server in '??'
  from /app/server in '??'
  from /app/server in '??'
  from /app/server in '??'
  from ???

2026-03-16T19:12:40.632507Z  ERROR - kemal: Error reading socket (#<TCPSocket:0x7f5c63449be0>): Connection reset by peer
Error reading socket (#<TCPSocket:0x7f5c63449be0>): Connection reset by peer (IO::Error)
  from /app/server in '??'
  from /app/server in '??'
  from /app/server in '??'
  from /app/server in '??'
  from /app/server in '??'
  from /app/server in '??'
  from /app/server in '??'
  from /app/server in '??'
  from /app/server in '??'
  from /app/server in '??'
  from /app/server in '??'
  from /app/server in '??'
  from ???

2026-03-16T19:12:40.638651Z  ERROR - kemal: Closed stream
Closed stream (IO::Error)
  from /app/server in '??'
  from /app/server in '??'
2026-03-16T19:12:40.454310Z  ERROR - kemal: Closed stream
Closed stream (IO::Error)
  from /app/server in '??'
  from /app/server in '??'
  from /app/server in '??'
  from /app/server in '??'
  from /app/server in '??'
  from /app/server in '??'
  from /app/server in '??'
  from /app/server in '??'
  from /app/server in '??'
  from /app/server in '??'
  from /app/server in '??'
  from /app/server in '??'
  from ???

2026-03-16T19:12:40.638666Z  ERROR - http.server: Unhandled exception on HTTP::Handler
Closed stream (IO::Error)
  from /app/server in '??'
  from /app/server in '??'
  from /app/server in '??'
  from /app/server in '??'
  from /app/server in '??'
  from /app/server in '??'
  from /app/server in '??'
  from /app/server in '??'
  from /app/server in '??'
  from /app/server in '??'
  from /app/server in '??'
  from /app/server in '??'
  from /app/server in '??'
  from ???

2026-03-16T19:12:40.454334Z  ERROR - http.server: Unhandled exception on HTTP::Handler
Closed stream (IO::Error)
  from /app/server in '??'
  from /app/server in '??'
  from /app/server in '??'
  from /app/server in '??'
  from /app/server in '??'
  from /app/server in '??'
  from /app/server in '??'
  from /app/server in '??'
  from /app/server in '??'
  from ???

2026-03-16T19:12:40.459806Z  ERROR - kemal: Closed stream
Closed stream (IO::Error)
  from /app/server in '??'
  from /app/server in '??'
  from /app/server in '??'
  from /app/server in '??'
  from /app/server in '??'
  from /app/server in '??'
  from /app/server in '??'
  from /app/server in '??'
  from /app/server in '??'
  from /app/server in '??'
  from /app/server in '??'
  from /app/server in '??'
  from /app/server in '??'
  from /app/server in '??'
  from ???

2026-03-16T19:12:40.459828Z  ERROR - http.server: Unhandled exception on HTTP::Handler
Closed stream (IO::Error)
  from /app/server in '??'
  from /app/server in '??'
  from /app/server in '??'
  from /app/server in '??'
  from /app/server in '??'
  from /app/server in '??'
  from /app/server in '??'
  from /app/server in '??'
  from /app/server in '??'
  from ???

  from /app/server in '??'
  from /app/server in '??'
  from /app/server in '??'
  from /app/server in '??'
  from ???

2026-03-16T19:12:40.646250Z  ERROR - kemal: Error reading socket (#<TCPSocket:0x7f5c63449390>): Connection reset by peer
Error reading socket (#<TCPSocket:0x7f5c63449390>): Connection reset by peer (IO::Error)
  from /app/server in '??'
  from /app/server in '??'
  from /app/server in '??'
  from /app/server in '??'
  from /app/server in '??'
  from /app/server in '??'
  from /app/server in '??'
  from /app/server in '??'
  from /app/server in '??'
  from /app/server in '??'
  from /app/server in '??'
  from /app/server in '??'
  from ???

2026-03-16T19:12:40.647384Z  ERROR - kemal: Closed stream
Closed stream (IO::Error)
  from /app/server in '??'
  from /app/server in '??'
  from /app/server in '??'
  from /app/server in '??'
  from /app/server in '??'
  from /app/server in '??'
  from /app/server in '??'
  from /app/server in '??'
  from /app/server in '??'
  from /app/server in '??'
  from /app/server in '??'
  from /app/server in '??'
  from /app/server in '??'
  from ???

2026-03-16T19:12:40.647396Z  ERROR - http.server: Unhandled exception on HTTP::Handler
Closed stream (IO::Error)
  from /app/server in '??'
  from /app/server in '??'
  from /app/server in '??'
  from /app/server in '??'
  from /app/server in '??'
  from /app/server in '??'
  from /app/server in '??'
  from /app/server in '??'
  from ???

Unhandled exception in spawn: Error while flushing data to the client (HTTP::Server::ClientError)
  from /app/server in '??'
  from /app/server in '??'
  from /app/server in '??'
  from /app/server in '??'
  from /app/server in '??'
  from /app/server in '??'
  from ???
Caused by: Error writing to socket (#<TCPSocket:0x77ac67092d10>): Connection reset by peer (IO::Error)
  from /app/server in '??'
  from /app/server in '??'
  from /app/server in '??'
  from /app/server in '??'
  from /app/server in '??'
  from /app/server in '??'
  from /app/server in '??'
  from ???
2026-03-16T19:12:40.650256Z  ERROR - kemal: Closed stream
Closed stream (IO::Error)
  from /app/server in '??'
  from /app/server in '??'
  from /app/server in '??'
  from /app/server in '??'
  from /app/server in '??'
  from /app/server in '??'
  from /app/server in '??'
  from /app/server in '??'
  from /app/server in '??'
  from /app/server in '??'
  from /app/server in '??'
  from /app/server in '??'
  from /app/server in '??'
  from ???

2026-03-16T19:12:40.650268Z  ERROR - http.server: Unhandled exception on HTTP::Handler
Closed stream (IO::Error)
  from /app/server in '??'
  from /app/server in '??'
  from /app/server in '??'
  from /app/server in '??'
  from /app/server in '??'
  from /app/server in '??'
  from /app/server in '??'
  from /app/server in '??'
  from ???

2026-03-16T19:12:40.651997Z  ERROR - kemal: Closed stream
Closed stream (IO::Error)
  from /app/server in '??'
  from /app/server in '??'
  from /app/server in '??'
  from /app/server in '??'
  from /app/server in '??'
  from /app/server in '??'
  from /app/server in '??'
  from /app/server in '??'
  from /app/server in '??'
  from /app/server in '??'
  from /app/server in '??'
  from /app/server in '??'
  from /app/server in '??'
  from ???

2026-03-16T19:12:40.652008Z  ERROR - http.server: Unhandled exception on HTTP::Handler
Closed stream (IO::Error)
  from /app/server in '??'
  from /app/server in '??'
  from /app/server in '??'
  from /app/server in '??'
  from /app/server in '??'
  from /app/server in '??'
  from /app/server in '??'
  from /app/server in '??'
  from ???

2026-03-16T19:12:40.511901Z  ERROR - kemal: Closed stream
Closed stream (IO::Error)
  from /app/server in '??'
  from /app/server in '??'
  from /app/server in '??'
  from /app/server in '??'
  from /app/server in '??'
  from /app/server in '??'
  from /app/server in '??'
  from /app/server in '??'
  from /app/server in '??'
  from /app/server in '??'
  from /app/server in '??'
  from /app/server in '??'
  from /app/server in '??'
  from ???

2026-03-16T19:12:40.511927Z  ERROR - http.server: Unhandled exception on HTTP::Handler
Closed stream (IO::Error)
  from /app/server in '??'
  from /app/server in '??'
  from /app/server in '??'
  from /app/server in '??'
  from /app/server in '??'
  from /app/server in '??'
  from /app/server in '??'
  from /app/server in '??'
  from ???

2026-03-16T19:12:40.517756Z  ERROR - kemal: Closed stream
Closed stream (IO::Error)
Unhandled exception in spawn: Error while flushing data to the client (HTTP::Server::ClientError)
  from /app/server in '??'
  from /app/server in '??'
  from /app/server in '??'
  from /app/server in '??'
  from /app/server in '??'
  from /app/server in '??'
  from ???
Caused by: Error writing to socket (#<TCPSocket:0x728ba1750d10>): Connection reset by peer (IO::Error)
  from /app/server in '??'
  from /app/server in '??'
  from /app/server in '??'
  from /app/server in '??'
  from /app/server in '??'
  from /app/server in '??'
  from /app/server in '??'
  from ???
Unhandled exception in spawn: Error while flushing data to the client (HTTP::Server::ClientError)
  from /app/server in '??'
  from /app/server in '??'
  from /app/server in '??'
  from /app/server in '??'
  from /app/server in '??'
  from /app/server in '??'
  from /app/server in '??'
  from /app/server in '??'
  from /app/server in '??'
  from ???
Caused by: Error writing to socket (#<TCPSocket:0x728ba1750980>): Connection reset by peer (IO::Error)
  from /app/server in '??'
  from /app/server in '??'
  from /app/server in '??'
  from /app/server in '??'
  from /app/server in '??'
  from /app/server in '??'
  from /app/server in '??'
  from /app/server in '??'
  from /app/server in '??'
  from /app/server in '??'
  from /app/server in '??'
  from /app/server in '??'
  from /app/server in '??'
  from ???
  from /app/server in '??'
  from /app/server in '??'
  from /app/server in '??'
  from /app/server in '??'
  from ???

2026-03-16T19:12:40.517782Z  ERROR - http.server: Unhandled exception on HTTP::Handler
Closed stream (IO::Error)
  from /app/server in '??'
  from /app/server in '??'
  from /app/server in '??'
  from /app/server in '??'
  from /app/server in '??'
  from /app/server in '??'
  from /app/server in '??'
  from /app/server in '??'
  from ???

2026-03-16T19:12:40.615276Z  ERROR - kemal: Closed stream
Closed stream (IO::Error)
  from /app/server in '??'
  from /app/server in '??'
  from /app/server in '??'
  from /app/server in '??'
  from /app/server in '??'
  from /app/server in '??'
  from /app/server in '??'
  from /app/server in '??'
  from /app/server in '??'
  from /app/server in '??'
  from /app/server in '??'
  from /app/server in '??'
  from /app/server in '??'
  from ???

2026-03-16T19:12:40.615291Z  ERROR - http.server: Unhandled exception on HTTP::Handler
Closed stream (IO::Error)
  from /app/server in '??'
  from /app/server in '??'
  from /app/server in '??'
  from /app/server in '??'
  from /app/server in '??'
  from /app/server in '??'
  from /app/server in '??'
  from /app/server in '??'
  from ???

2026-03-16T19:12:40.629053Z  ERROR - kemal: Closed stream
Closed stream (IO::Error)
  from /app/server in '??'
  from /app/server in '??'
  from /app/server in '??'
  from /app/server in '??'
  from /app/server in '??'
  from /app/server in '??'
  from /app/server in '??'
  from /app/server in '??'
  from /app/server in '??'
  from /app/server in '??'
  from /app/server in '??'
  from /app/server in '??'
  from /app/server in '??'
Unhandled exception in spawn: Error while flushing data to the client (HTTP::Server::ClientError)
  from /app/server in '??'
  from /app/server in '??'
  from /app/server in '??'
  from /app/server in '??'
  from /app/server in '??'
  from /app/server in '??'
  from ???
Caused by: Error writing to socket (#<TCPSocket:0x728ba17505f0>): Connection reset by peer (IO::Error)
  from /app/server in '??'
  from /app/server in '??'
  from /app/server in '??'
  from /app/server in '??'
  from /app/server in '??'
  from /app/server in '??'
  from /app/server in '??'
  from ???
  from ???

2026-03-16T19:12:40.629067Z  ERROR - http.server: Unhandled exception on HTTP::Handler
Closed stream (IO::Error)
  from /app/server in '??'
  from /app/server in '??'
  from /app/server in '??'
  from /app/server in '??'
  from /app/server in '??'
  from /app/server in '??'
  from /app/server in '??'
Unhandled exception in spawn: Error while flushing data to the client (HTTP::Server::ClientError)
  from /app/server in '??'
  from /app/server in '??'
  from /app/server in '??'
  from /app/server in '??'
  from /app/server in '??'
  from /app/server in '??'
  from ???
Caused by: Error writing to socket (#<TCPSocket:0x728ba1750130>): Connection reset by peer (IO::Error)
  from /app/server in '??'
  from /app/server in '??'
  from /app/server in '??'
  from /app/server in '??'
  from /app/server in '??'
  from /app/server in '??'
  from /app/server in '??'
  from ???
  from /app/server in '??'
  from ???

Unhandled exception in spawn: Error while flushing data to the client (HTTP::Server::ClientError)
  from /app/server in '??'
  from /app/server in '??'
  from /app/server in '??'
  from /app/server in '??'
  from /app/server in '??'
  from /app/server in '??'
  from ???
Caused by: Error writing to socket (#<TCPSocket:0x728ba1750000>): Connection reset by peer (IO::Error)
  from /app/server in '??'
  from /app/server in '??'
  from /app/server in '??'
  from /app/server in '??'
  from /app/server in '??'
  from /app/server in '??'
  from /app/server in '??'
  from ???
2026-03-16T19:12:40.664185Z  ERROR - kemal: Closed stream
Closed stream (IO::Error)
  from /app/server in '??'
  from /app/server in '??'
  from /app/server in '??'
  from /app/server in '??'
  from /app/server in '??'
  from /app/server in '??'
  from /app/server in '??'
  from /app/server in '??'
  from /app/server in '??'
  from /app/server in '??'
  from /app/server in '??'
  from /app/server in '??'
  from /app/server in '??'
  from ???

2026-03-16T19:12:40.664198Z  ERROR - http.server: Unhandled exception on HTTP::Handler
Closed stream (IO::Error)
  from /app/server in '??'
  from /app/server in '??'
  from /app/server in '??'
  from /app/server in '??'
  from /app/server in '??'
  from /app/server in '??'
  from /app/server in '??'
  from /app/server in '??'
  from ???

Unhandled exception in spawn: Error while flushing data to the client (HTTP::Server::ClientError)
  from /app/server in '??'
  from /app/server in '??'
  from /app/server in '??'
  from /app/server in '??'
  from /app/server in '??'
  from /app/server in '??'
  from ???
Caused by: Error writing to socket (#<TCPSocket:0x77ac66e024c0>): Connection reset by peer (IO::Error)
  from /app/server in '??'
  from /app/server in '??'
  from /app/server in '??'
  from /app/server in '??'
  from /app/server in '??'
  from /app/server in '??'
  from /app/server in '??'
  from ???
2026-03-16T19:12:40.666958Z  ERROR - kemal: Closed stream
Closed stream (IO::Error)
  from /app/server in '??'
  from /app/server in '??'
  from /app/server in '??'
  from /app/server in '??'
  from /app/server in '??'
  from /app/server in '??'
  from /app/server in '??'
  from /app/server in '??'
  from /app/server in '??'
  from /app/server in '??'
  from /app/server in '??'
  from /app/server in '??'
  from /app/server in '??'
  from ???

2026-03-16T19:12:40.666971Z  ERROR - http.server: Unhandled exception on HTTP::Handler
Closed stream (IO::Error)
  from /app/server in '??'
  from /app/server in '??'
  from /app/server in '??'
  from /app/server in '??'
  from /app/server in '??'
  from /app/server in '??'
  from /app/server in '??'
  from /app/server in '??'
  from ???

2026-03-16T19:12:40.668449Z  ERROR - kemal: Closed stream
Closed stream (IO::Error)
  from /app/server in '??'
  from /app/server in '??'
  from /app/server in '??'
  from /app/server in '??'
  from /app/server in '??'
  from /app/server in '??'
  from /app/server in '??'
  from /app/server in '??'
  from /app/server in '??'
  from /app/server in '??'
  from /app/server in '??'
  from /app/server in '??'
  from /app/server in '??'
  from ???

2026-03-16T19:12:40.668461Z  ERROR - http.server: Unhandled exception on HTTP::Handler
Closed stream (IO::Error)
  from /app/server in '??'
  from /app/server in '??'
  from /app/server in '??'
  from /app/server in '??'
  from /app/server in '??'
  from /app/server in '??'
  from /app/server in '??'
  from /app/server in '??'
  from ???

2026-03-16T19:12:40.669475Z  ERROR - kemal: Closed stream
Closed stream (IO::Error)
  from /app/server in '??'
  from /app/server in '??'
  from /app/server in '??'
  from /app/server in '??'
  from /app/server in '??'
  from /app/server in '??'
  from /app/server in '??'
  from /app/server in '??'
  from /app/server in '??'
  from /app/server in '??'
  from /app/server in '??'
  from /app/server in '??'
  from /app/server in '??'
  from ???

2026-03-16T19:12:40.669486Z  ERROR - http.server: Unhandled exception on HTTP::Handler
Closed stream (IO::Error)
  from /app/server in '??'
  from /app/server in '??'
  from /app/server in '??'
  from /app/server in '??'
  from /app/server in '??'
  from /app/server in '??'
  from /app/server in '??'
  from /app/server in '??'
  from ???

