#5 /workerman/vendor/workerman/workerman/src/Worker.php(1534): Workerman\Worker::forkWorkersForLinux()
#6 /workerman/vendor/workerman/workerman/src/Worker.php(1903): Workerman\Worker::forkWorkers()
#7 /workerman/vendor/workerman/workerman/src/Worker.php(1838): Workerman\Worker::monitorWorkersForLinux()
#8 /workerman/vendor/workerman/workerman/src/Worker.php(605): Workerman\Worker::monitorWorkers()
#9 /workerman/server.php(143): Workerman\Worker::runAll()
#10 {main}
worker[none:8694] exit with status 64000
worker[none:8695] exit with status 64000
worker[none:8696] exit with status 64000
worker[none:8697] exit with status 64000
TypeError: Unsupported operand types: int + string in /workerman/server.php:76
Stack trace:
#0 /workerman/vendor/workerman/workerman/src/Connection/TcpConnection.php(792): {closure:/workerman/server.php:66}(Object(Workerman\Connection\TcpConnection), Object(Workerman\Protocols\Http\Request))
#1 [internal function]: Workerman\Connection\TcpConnection->baseRead(Resource id #8737, true, NULL)
#2 /workerman/vendor/workerman/workerman/src/Events/Event.php(250): EventBase->loop()
#3 /workerman/vendor/workerman/workerman/src/Worker.php(1758): Workerman\Events\Event->run()
#4 /workerman/vendor/workerman/workerman/src/Worker.php(1554): Workerman\Worker::forkOneWorkerForLinux(Object(Workerman\Worker))
#5 /workerman/vendor/workerman/workerman/src/Worker.php(1534): Workerman\Worker::forkWorkersForLinux()
#6 /workerman/vendor/workerman/workerman/src/Worker.php(1903): Workerman\Worker::forkWorkers()
#7 /workerman/vendor/workerman/workerman/src/Worker.php(1838): Workerman\Worker::monitorWorkersForLinux()
#8 /workerman/vendor/workerman/workerman/src/Worker.php(605): Workerman\Worker::monitorWorkers()
#9 /workerman/server.php(143): Workerman\Worker::runAll()
#10 {main}
TypeError: Unsupported operand types: int + string in /workerman/server.php:76
Stack trace:
#0 /workerman/vendor/workerman/workerman/src/Connection/TcpConnection.php(792): {closure:/workerman/server.php:66}(Object(Workerman\Connection\TcpConnection), Object(Workerman\Protocols\Http\Request))
#1 [internal function]: Workerman\Connection\TcpConnection->baseRead(Resource id #8728, true, NULL)
#2 /workerman/vendor/workerman/workerman/src/Events/Event.php(250): EventBase->loop()
#3 /workerman/vendor/workerman/workerman/src/Worker.php(1758): Workerman\Events\Event->run()
#4 /workerman/vendor/workerman/workerman/src/Worker.php(1554): Workerman\Worker::forkOneWorkerForLinux(Object(Workerman\Worker))
#5 /workerman/vendor/workerman/workerman/src/Worker.php(1534): Workerman\Worker::forkWorkersForLinux()
#6 /workerman/vendor/workerman/workerman/src/Worker.php(1903): Workerman\Worker::forkWorkers()
#7 /workerman/vendor/workerman/workerman/src/Worker.php(1838): Workerman\Worker::monitorWorkersForLinux()
#8 /workerman/vendor/workerman/workerman/src/Worker.php(605): Workerman\Worker::monitorWorkers()
#9 /workerman/server.php(143): Workerman\Worker::runAll()
#10 {main}
TypeError: Unsupported operand types: int + string in /workerman/server.php:76
Stack trace:
#0 /workerman/vendor/workerman/workerman/src/Connection/TcpConnection.php(792): {closure:/workerman/server.php:66}(Object(Workerman\Connection\TcpConnection), Object(Workerman\Protocols\Http\Request))
#1 [internal function]: Workerman\Connection\TcpConnection->baseRead(Resource id #8729, true, NULL)
#2 /workerman/vendor/workerman/workerman/src/Events/Event.php(250): EventBase->loop()
#3 /workerman/vendor/workerman/workerman/src/Worker.php(1758): Workerman\Events\Event->run()
#4 /workerman/vendor/workerman/workerman/src/Worker.php(1554): Workerman\Worker::forkOneWorkerForLinux(Object(Workerman\Worker))
#5 /workerman/vendor/workerman/workerman/src/Worker.php(1534): Workerman\Worker::forkWorkersForLinux()
#6 /workerman/vendor/workerman/workerman/src/Worker.php(1903): Workerman\Worker::forkWorkers()
#7 /workerman/vendor/workerman/workerman/src/Worker.php(1838): Workerman\Worker::monitorWorkersForLinux()
#8 /workerman/vendor/workerman/workerman/src/Worker.php(605): Workerman\Worker::monitorWorkers()
#9 /workerman/server.php(143): Workerman\Worker::runAll()
#10 {main}
worker[none:8698] exit with status 64000
worker[none:8699] exit with status 64000
worker[none:8700] exit with status 64000
TypeError: Unsupported operand types: int + string in /workerman/server.php:76
Stack trace:
#0 /workerman/vendor/workerman/workerman/src/Connection/TcpConnection.php(792): {closure:/workerman/server.php:66}(Object(Workerman\Connection\TcpConnection), Object(Workerman\Protocols\Http\Request))
#1 [internal function]: Workerman\Connection\TcpConnection->baseRead(Resource id #8743, true, NULL)
#2 /workerman/vendor/workerman/workerman/src/Events/Event.php(250): EventBase->loop()
#3 /workerman/vendor/workerman/workerman/src/Worker.php(1758): Workerman\Events\Event->run()
#4 /workerman/vendor/workerman/workerman/src/Worker.php(1554): Workerman\Worker::forkOneWorkerForLinux(Object(Workerman\Worker))
#5 /workerman/vendor/workerman/workerman/src/Worker.php(1534): Workerman\Worker::forkWorkersForLinux()
#6 /workerman/vendor/workerman/workerman/src/Worker.php(1903): Workerman\Worker::forkWorkers()
#7 /workerman/vendor/workerman/workerman/src/Worker.php(1838): Workerman\Worker::monitorWorkersForLinux()
#8 /workerman/vendor/workerman/workerman/src/Worker.php(605): Workerman\Worker::monitorWorkers()
#9 /workerman/server.php(143): Workerman\Worker::runAll()
#10 {main}
worker[none:8701] exit with status 64000
TypeError: Unsupported operand types: int + string in /workerman/server.php:76
Stack trace:
#0 /workerman/vendor/workerman/workerman/src/Connection/TcpConnection.php(792): {closure:/workerman/server.php:66}(Object(Workerman\Connection\TcpConnection), Object(Workerman\Protocols\Http\Request))
#1 [internal function]: Workerman\Connection\TcpConnection->baseRead(Resource id #8745, true, NULL)
#2 /workerman/vendor/workerman/workerman/src/Events/Event.php(250): EventBase->loop()
#3 /workerman/vendor/workerman/workerman/src/Worker.php(1758): Workerman\Events\Event->run()
#4 /workerman/vendor/workerman/workerman/src/Worker.php(1554): Workerman\Worker::forkOneWorkerForLinux(Object(Workerman\Worker))
#5 /workerman/vendor/workerman/workerman/src/Worker.php(1534): Workerman\Worker::forkWorkersForLinux()
#6 /workerman/vendor/workerman/workerman/src/Worker.php(1903): Workerman\Worker::forkWorkers()
#7 /workerman/vendor/workerman/workerman/src/Worker.php(1838): Workerman\Worker::monitorWorkersForLinux()
#8 /workerman/vendor/workerman/workerman/src/Worker.php(605): Workerman\Worker::monitorWorkers()
#9 /workerman/server.php(143): Workerman\Worker::runAll()
#10 {main}
TypeError: Unsupported operand types: int + string in /workerman/server.php:76
Stack trace:
#0 /workerman/vendor/workerman/workerman/src/Connection/TcpConnection.php(792): {closure:/workerman/server.php:66}(Object(Workerman\Connection\TcpConnection), Object(Workerman\Protocols\Http\Request))
#1 [internal function]: Workerman\Connection\TcpConnection->baseRead(Resource id #8731, true, NULL)
#2 /workerman/vendor/workerman/workerman/src/Events/Event.php(250): EventBase->loop()
#3 /workerman/vendor/workerman/workerman/src/Worker.php(1758): Workerman\Events\Event->run()
#4 /workerman/vendor/workerman/workerman/src/Worker.php(1554): Workerman\Worker::forkOneWorkerForLinux(Object(Workerman\Worker))
#5 /workerman/vendor/workerman/workerman/src/Worker.php(1534): Workerman\Worker::forkWorkersForLinux()
#6 /workerman/vendor/workerman/workerman/src/Worker.php(1903): Workerman\Worker::forkWorkers()
#7 /workerman/vendor/workerman/workerman/src/Worker.php(1838): Workerman\Worker::monitorWorkersForLinux()
#8 /workerman/vendor/workerman/workerman/src/Worker.php(605): Workerman\Worker::monitorWorkers()
#9 /workerman/server.php(143): Workerman\Worker::runAll()
#10 {main}
worker[none:8702] exit with status 64000
TypeError: Unsupported operand types: int + string in /workerman/server.php:76
Stack trace:
#0 /workerman/vendor/workerman/workerman/src/Connection/TcpConnection.php(792): {closure:/workerman/server.php:66}(Object(Workerman\Connection\TcpConnection), Object(Workerman\Protocols\Http\Request))
#1 [internal function]: Workerman\Connection\TcpConnection->baseRead(Resource id #8737, true, NULL)
#2 /workerman/vendor/workerman/workerman/src/Events/Event.php(250): EventBase->loop()
#3 /workerman/vendor/workerman/workerman/src/Worker.php(1758): Workerman\Events\Event->run()
#4 /workerman/vendor/workerman/workerman/src/Worker.php(1554): Workerman\Worker::forkOneWorkerForLinux(Object(Workerman\Worker))
#5 /workerman/vendor/workerman/workerman/src/Worker.php(1534): Workerman\Worker::forkWorkersForLinux()
#6 /workerman/vendor/workerman/workerman/src/Worker.php(1903): Workerman\Worker::forkWorkers()
#7 /workerman/vendor/workerman/workerman/src/Worker.php(1838): Workerman\Worker::monitorWorkersForLinux()
#8 /workerman/vendor/workerman/workerman/src/Worker.php(605): Workerman\Worker::monitorWorkers()
#9 /workerman/server.php(143): Workerman\Worker::runAll()
#10 {main}
TypeError: Unsupported operand types: int + string in /workerman/server.php:76
Stack trace:
#0 /workerman/vendor/workerman/workerman/src/Connection/TcpConnection.php(792): {closure:/workerman/server.php:66}(Object(Workerman\Connection\TcpConnection), Object(Workerman\Protocols\Http\Request))
#1 [internal function]: Workerman\Connection\TcpConnection->baseRead(Resource id #8739, true, NULL)
#2 /workerman/vendor/workerman/workerman/src/Events/Event.php(250): EventBase->loop()
#3 /workerman/vendor/workerman/workerman/src/Worker.php(1758): Workerman\Events\Event->run()
#4 /workerman/vendor/workerman/workerman/src/Worker.php(1554): Workerman\Worker::forkOneWorkerForLinux(Object(Workerman\Worker))
#5 /workerman/vendor/workerman/workerman/src/Worker.php(1534): Workerman\Worker::forkWorkersForLinux()
#6 /workerman/vendor/workerman/workerman/src/Worker.php(1903): Workerman\Worker::forkWorkers()
#7 /workerman/vendor/workerman/workerman/src/Worker.php(1838): Workerman\Worker::monitorWorkersForLinux()
#8 /workerman/vendor/workerman/workerman/src/Worker.php(605): Workerman\Worker::monitorWorkers()
#9 /workerman/server.php(143): Workerman\Worker::runAll()
#10 {main}
worker[none:8703] exit with status 64000
TypeError: Unsupported operand types: int + string in /workerman/server.php:76
Stack trace:
#0 /workerman/vendor/workerman/workerman/src/Connection/TcpConnection.php(792): {closure:/workerman/server.php:66}(Object(Workerman\Connection\TcpConnection), Object(Workerman\Protocols\Http\Request))
#1 [internal function]: Workerman\Connection\TcpConnection->baseRead(Resource id #8730, true, NULL)
#2 /workerman/vendor/workerman/workerman/src/Events/Event.php(250): EventBase->loop()
#3 /workerman/vendor/workerman/workerman/src/Worker.php(1758): Workerman\Events\Event->run()
#4 /workerman/vendor/workerman/workerman/src/Worker.php(1554): Workerman\Worker::forkOneWorkerForLinux(Object(Workerman\Worker))
#5 /workerman/vendor/workerman/workerman/src/Worker.php(1534): Workerman\Worker::forkWorkersForLinux()
#6 /workerman/vendor/workerman/workerman/src/Worker.php(1903): Workerman\Worker::forkWorkers()
#7 /workerman/vendor/workerman/workerman/src/Worker.php(1838): Workerman\Worker::monitorWorkersForLinux()
#8 /workerman/vendor/workerman/workerman/src/Worker.php(605): Workerman\Worker::monitorWorkers()
#9 /workerman/server.php(143): Workerman\Worker::runAll()
#10 {main}
worker[none:8704] exit with status 64000
TypeError: Unsupported operand types: int + string in /workerman/server.php:76
Stack trace:
#0 /workerman/vendor/workerman/workerman/src/Connection/TcpConnection.php(792): {closure:/workerman/server.php:66}(Object(Workerman\Connection\TcpConnection), Object(Workerman\Protocols\Http\Request))
#1 [internal function]: Workerman\Connection\TcpConnection->baseRead(Resource id #8736, true, NULL)
#2 /workerman/vendor/workerman/workerman/src/Events/Event.php(250): EventBase->loop()
#3 /workerman/vendor/workerman/workerman/src/Worker.php(1758): Workerman\Events\Event->run()
#4 /workerman/vendor/workerman/workerman/src/Worker.php(1554): Workerman\Worker::forkOneWorkerForLinux(Object(Workerman\Worker))
#5 /workerman/vendor/workerman/workerman/src/Worker.php(1534): Workerman\Worker::forkWorkersForLinux()
#6 /workerman/vendor/workerman/workerman/src/Worker.php(1903): Workerman\Worker::forkWorkers()
#7 /workerman/vendor/workerman/workerman/src/Worker.php(1838): Workerman\Worker::monitorWorkersForLinux()
#8 /workerman/vendor/workerman/workerman/src/Worker.php(605): Workerman\Worker::monitorWorkers()
#9 /workerman/server.php(143): Workerman\Worker::runAll()
#10 {main}
worker[none:8705] exit with status 64000
TypeError: Unsupported operand types: int + string in /workerman/server.php:76
Stack trace:
#0 /workerman/vendor/workerman/workerman/src/Connection/TcpConnection.php(792): {closure:/workerman/server.php:66}(Object(Workerman\Connection\TcpConnection), Object(Workerman\Protocols\Http\Request))
#1 [internal function]: Workerman\Connection\TcpConnection->baseRead(Resource id #8732, true, NULL)
#2 /workerman/vendor/workerman/workerman/src/Events/Event.php(250): EventBase->loop()
#3 /workerman/vendor/workerman/workerman/src/Worker.php(1758): Workerman\Events\Event->run()
#4 /workerman/vendor/workerman/workerman/src/Worker.php(1554): Workerman\Worker::forkOneWorkerForLinux(Object(Workerman\Worker))
#5 /workerman/vendor/workerman/workerman/src/Worker.php(1534): Workerman\Worker::forkWorkersForLinux()
#6 /workerman/vendor/workerman/workerman/src/Worker.php(1903): Workerman\Worker::forkWorkers()
#7 /workerman/vendor/workerman/workerman/src/Worker.php(1838): Workerman\Worker::monitorWorkersForLinux()
#8 /workerman/vendor/workerman/workerman/src/Worker.php(605): Workerman\Worker::monitorWorkers()
#9 /workerman/server.php(143): Workerman\Worker::runAll()
#10 {main}
worker[none:8706] exit with status 64000
worker[none:8707] exit with status 64000
TypeError: Unsupported operand types: int + string in /workerman/server.php:76
Stack trace:
#0 /workerman/vendor/workerman/workerman/src/Connection/TcpConnection.php(792): {closure:/workerman/server.php:66}(Object(Workerman\Connection\TcpConnection), Object(Workerman\Protocols\Http\Request))
#1 [internal function]: Workerman\Connection\TcpConnection->baseRead(Resource id #8734, true, NULL)
#2 /workerman/vendor/workerman/workerman/src/Events/Event.php(250): EventBase->loop()
#3 /workerman/vendor/workerman/workerman/src/Worker.php(1758): Workerman\Events\Event->run()
#4 /workerman/vendor/workerman/workerman/src/Worker.php(1554): Workerman\Worker::forkOneWorkerForLinux(Object(Workerman\Worker))
#5 /workerman/vendor/workerman/workerman/src/Worker.php(1534): Workerman\Worker::forkWorkersForLinux()
#6 /workerman/vendor/workerman/workerman/src/Worker.php(1903): Workerman\Worker::forkWorkers()
#7 /workerman/vendor/workerman/workerman/src/Worker.php(1838): Workerman\Worker::monitorWorkersForLinux()
#8 /workerman/vendor/workerman/workerman/src/Worker.php(605): Workerman\Worker::monitorWorkers()
#9 /workerman/server.php(143): Workerman\Worker::runAll()
#10 {main}
TypeError: Unsupported operand types: int + string in /workerman/server.php:76
Stack trace:
#0 /workerman/vendor/workerman/workerman/src/Connection/TcpConnection.php(792): {closure:/workerman/server.php:66}(Object(Workerman\Connection\TcpConnection), Object(Workerman\Protocols\Http\Request))
#1 [internal function]: Workerman\Connection\TcpConnection->baseRead(Resource id #8744, true, NULL)
#2 /workerman/vendor/workerman/workerman/src/Events/Event.php(250): EventBase->loop()
#3 /workerman/vendor/workerman/workerman/src/Worker.php(1758): Workerman\Events\Event->run()
#4 /workerman/vendor/workerman/workerman/src/Worker.php(1554): Workerman\Worker::forkOneWorkerForLinux(Object(Workerman\Worker))
#5 /workerman/vendor/workerman/workerman/src/Worker.php(1534): Workerman\Worker::forkWorkersForLinux()
#6 /workerman/vendor/workerman/workerman/src/Worker.php(1903): Workerman\Worker::forkWorkers()
#7 /workerman/vendor/workerman/workerman/src/Worker.php(1838): Workerman\Worker::monitorWorkersForLinux()
#8 /workerman/vendor/workerman/workerman/src/Worker.php(605): Workerman\Worker::monitorWorkers()
#9 /workerman/server.php(143): Workerman\Worker::runAll()
#10 {main}
worker[none:8708] exit with status 64000
TypeError: Unsupported operand types: int + string in /workerman/server.php:76
Stack trace:
#0 /workerman/vendor/workerman/workerman/src/Connection/TcpConnection.php(792): {closure:/workerman/server.php:66}(Object(Workerman\Connection\TcpConnection), Object(Workerman\Protocols\Http\Request))
#1 [internal function]: Workerman\Connection\TcpConnection->baseRead(Resource id #8747, true, NULL)
#2 /workerman/vendor/workerman/workerman/src/Events/Event.php(250): EventBase->loop()
#3 /workerman/vendor/workerman/workerman/src/Worker.php(1758): Workerman\Events\Event->run()
#4 /workerman/vendor/workerman/workerman/src/Worker.php(1554): Workerman\Worker::forkOneWorkerForLinux(Object(Workerman\Worker))
#5 /workerman/vendor/workerman/workerman/src/Worker.php(1534): Workerman\Worker::forkWorkersForLinux()
#6 /workerman/vendor/workerman/workerman/src/Worker.php(1903): Workerman\Worker::forkWorkers()
#7 /workerman/vendor/workerman/workerman/src/Worker.php(1838): Workerman\Worker::monitorWorkersForLinux()
#8 /workerman/vendor/workerman/workerman/src/Worker.php(605): Workerman\Worker::monitorWorkers()
#9 /workerman/server.php(143): Workerman\Worker::runAll()
#10 {main}
worker[none:8709] exit with status 64000
TypeError: Unsupported operand types: int + string in /workerman/server.php:76
Stack trace:
#0 /workerman/vendor/workerman/workerman/src/Connection/TcpConnection.php(792): {closure:/workerman/server.php:66}(Object(Workerman\Connection\TcpConnection), Object(Workerman\Protocols\Http\Request))
#1 [internal function]: Workerman\Connection\TcpConnection->baseRead(Resource id #8761, true, NULL)
#2 /workerman/vendor/workerman/workerman/src/Events/Event.php(250): EventBase->loop()
#3 /workerman/vendor/workerman/workerman/src/Worker.php(1758): Workerman\Events\Event->run()
#4 /workerman/vendor/workerman/workerman/src/Worker.php(1554): Workerman\Worker::forkOneWorkerForLinux(Object(Workerman\Worker))
#5 /workerman/vendor/workerman/workerman/src/Worker.php(1534): Workerman\Worker::forkWorkersForLinux()
#6 /workerman/vendor/workerman/workerman/src/Worker.php(1903): Workerman\Worker::forkWorkers()
#7 /workerman/vendor/workerman/workerman/src/Worker.php(1838): Workerman\Worker::monitorWorkersForLinux()
#8 /workerman/vendor/workerman/workerman/src/Worker.php(605): Workerman\Worker::monitorWorkers()
#9 /workerman/server.php(143): Workerman\Worker::runAll()
#10 {main}
worker[none:8710] exit with status 64000
TypeError: Unsupported operand types: int + string in /workerman/server.php:76
Stack trace:
#0 /workerman/vendor/workerman/workerman/src/Connection/TcpConnection.php(792): {closure:/workerman/server.php:66}(Object(Workerman\Connection\TcpConnection), Object(Workerman\Protocols\Http\Request))
#1 [internal function]: Workerman\Connection\TcpConnection->baseRead(Resource id #8736, true, NULL)
#2 /workerman/vendor/workerman/workerman/src/Events/Event.php(250): EventBase->loop()
#3 /workerman/vendor/workerman/workerman/src/Worker.php(1758): Workerman\Events\Event->run()
#4 /workerman/vendor/workerman/workerman/src/Worker.php(1554): Workerman\Worker::forkOneWorkerForLinux(Object(Workerman\Worker))
#5 /workerman/vendor/workerman/workerman/src/Worker.php(1534): Workerman\Worker::forkWorkersForLinux()
#6 /workerman/vendor/workerman/workerman/src/Worker.php(1903): Workerman\Worker::forkWorkers()
#7 /workerman/vendor/workerman/workerman/src/Worker.php(1838): Workerman\Worker::monitorWorkersForLinux()
#8 /workerman/vendor/workerman/workerman/src/Worker.php(605): Workerman\Worker::monitorWorkers()
#9 /workerman/server.php(143): Workerman\Worker::runAll()
#10 {main}
TypeError: Unsupported operand types: int + string in /workerman/server.php:76
Stack trace:
#0 /workerman/vendor/workerman/workerman/src/Connection/TcpConnection.php(792): {closure:/workerman/server.php:66}(Object(Workerman\Connection\TcpConnection), Object(Workerman\Protocols\Http\Request))
#1 [internal function]: Workerman\Connection\TcpConnection->baseRead(Resource id #8739, true, NULL)
#2 /workerman/vendor/workerman/workerman/src/Events/Event.php(250): EventBase->loop()
#3 /workerman/vendor/workerman/workerman/src/Worker.php(1758): Workerman\Events\Event->run()
#4 /workerman/vendor/workerman/workerman/src/Worker.php(1554): Workerman\Worker::forkOneWorkerForLinux(Object(Workerman\Worker))
#5 /workerman/vendor/workerman/workerman/src/Worker.php(1534): Workerman\Worker::forkWorkersForLinux()
#6 /workerman/vendor/workerman/workerman/src/Worker.php(1903): Workerman\Worker::forkWorkers()
#7 /workerman/vendor/workerman/workerman/src/Worker.php(1838): Workerman\Worker::monitorWorkersForLinux()
#8 /workerman/vendor/workerman/workerman/src/Worker.php(605): Workerman\Worker::monitorWorkers()
#9 /workerman/server.php(143): Workerman\Worker::runAll()
#10 {main}
worker[none:8711] exit with status 64000
TypeError: Unsupported operand types: int + string in /workerman/server.php:76
Stack trace:
#0 /workerman/vendor/workerman/workerman/src/Connection/TcpConnection.php(792): {closure:/workerman/server.php:66}(Object(Workerman\Connection\TcpConnection), Object(Workerman\Protocols\Http\Request))
#1 [internal function]: Workerman\Connection\TcpConnection->baseRead(Resource id #8743, true, NULL)
#2 /workerman/vendor/workerman/workerman/src/Events/Event.php(250): EventBase->loop()
#3 /workerman/vendor/workerman/workerman/src/Worker.php(1758): Workerman\Events\Event->run()
#4 /workerman/vendor/workerman/workerman/src/Worker.php(1554): Workerman\Worker::forkOneWorkerForLinux(Object(Workerman\Worker))
#5 /workerman/vendor/workerman/workerman/src/Worker.php(1534): Workerman\Worker::forkWorkersForLinux()
#6 /workerman/vendor/workerman/workerman/src/Worker.php(1903): Workerman\Worker::forkWorkers()
#7 /workerman/vendor/workerman/workerman/src/Worker.php(1838): Workerman\Worker::monitorWorkersForLinux()
#8 /workerman/vendor/workerman/workerman/src/Worker.php(605): Workerman\Worker::monitorWorkers()
#9 /workerman/server.php(143): Workerman\Worker::runAll()
#10 {main}
worker[none:8712] exit with status 64000
worker[none:8713] exit with status 64000
TypeError: Unsupported operand types: int + string in /workerman/server.php:76
Stack trace:
#0 /workerman/vendor/workerman/workerman/src/Connection/TcpConnection.php(792): {closure:/workerman/server.php:66}(Object(Workerman\Connection\TcpConnection), Object(Workerman\Protocols\Http\Request))
#1 [internal function]: Workerman\Connection\TcpConnection->baseRead(Resource id #8739, true, NULL)
#2 /workerman/vendor/workerman/workerman/src/Events/Event.php(250): EventBase->loop()
#3 /workerman/vendor/workerman/workerman/src/Worker.php(1758): Workerman\Events\Event->run()
#4 /workerman/vendor/workerman/workerman/src/Worker.php(1554): Workerman\Worker::forkOneWorkerForLinux(Object(Workerman\Worker))
#5 /workerman/vendor/workerman/workerman/src/Worker.php(1534): Workerman\Worker::forkWorkersForLinux()
#6 /workerman/vendor/workerman/workerman/src/Worker.php(1903): Workerman\Worker::forkWorkers()
#7 /workerman/vendor/workerman/workerman/src/Worker.php(1838): Workerman\Worker::monitorWorkersForLinux()
#8 /workerman/vendor/workerman/workerman/src/Worker.php(605): Workerman\Worker::monitorWorkers()
#9 /workerman/server.php(143): Workerman\Worker::runAll()
#10 {main}
worker[none:8714] exit with status 64000
TypeError: Unsupported operand types: int + string in /workerman/server.php:76
Stack trace:
#0 /workerman/vendor/workerman/workerman/src/Connection/TcpConnection.php(792): {closure:/workerman/server.php:66}(Object(Workerman\Connection\TcpConnection), Object(Workerman\Protocols\Http\Request))
#1 [internal function]: Workerman\Connection\TcpConnection->baseRead(Resource id #8745, true, NULL)
#2 /workerman/vendor/workerman/workerman/src/Events/Event.php(250): EventBase->loop()
#3 /workerman/vendor/workerman/workerman/src/Worker.php(1758): Workerman\Events\Event->run()
#4 /workerman/vendor/workerman/workerman/src/Worker.php(1554): Workerman\Worker::forkOneWorkerForLinux(Object(Workerman\Worker))
#5 /workerman/vendor/workerman/workerman/src/Worker.php(1534): Workerman\Worker::forkWorkersForLinux()
#6 /workerman/vendor/workerman/workerman/src/Worker.php(1903): Workerman\Worker::forkWorkers()
#7 /workerman/vendor/workerman/workerman/src/Worker.php(1838): Workerman\Worker::monitorWorkersForLinux()
#8 /workerman/vendor/workerman/workerman/src/Worker.php(605): Workerman\Worker::monitorWorkers()
#9 /workerman/server.php(143): Workerman\Worker::runAll()
#10 {main}
worker[none:8715] exit with status 64000
TypeError: Unsupported operand types: int + string in /workerman/server.php:76
Stack trace:
#0 /workerman/vendor/workerman/workerman/src/Connection/TcpConnection.php(792): {closure:/workerman/server.php:66}(Object(Workerman\Connection\TcpConnection), Object(Workerman\Protocols\Http\Request))
#1 [internal function]: Workerman\Connection\TcpConnection->baseRead(Resource id #8743, true, NULL)
#2 /workerman/vendor/workerman/workerman/src/Events/Event.php(250): EventBase->loop()
#3 /workerman/vendor/workerman/workerman/src/Worker.php(1758): Workerman\Events\Event->run()
#4 /workerman/vendor/workerman/workerman/src/Worker.php(1554): Workerman\Worker::forkOneWorkerForLinux(Object(Workerman\Worker))
#5 /workerman/vendor/workerman/workerman/src/Worker.php(1534): Workerman\Worker::forkWorkersForLinux()
#6 /workerman/vendor/workerman/workerman/src/Worker.php(1903): Workerman\Worker::forkWorkers()
#7 /workerman/vendor/workerman/workerman/src/Worker.php(1838): Workerman\Worker::monitorWorkersForLinux()
#8 /workerman/vendor/workerman/workerman/src/Worker.php(605): Workerman\Worker::monitorWorkers()
#9 /workerman/server.php(143): Workerman\Worker::runAll()
#10 {main}
TypeError: Unsupported operand types: int + string in /workerman/server.php:76
Stack trace:
#0 /workerman/vendor/workerman/workerman/src/Connection/TcpConnection.php(792): {closure:/workerman/server.php:66}(Object(Workerman\Connection\TcpConnection), Object(Workerman\Protocols\Http\Request))
#1 [internal function]: Workerman\Connection\TcpConnection->baseRead(Resource id #8751, true, NULL)
#2 /workerman/vendor/workerman/workerman/src/Events/Event.php(250): EventBase->loop()
#3 /workerman/vendor/workerman/workerman/src/Worker.php(1758): Workerman\Events\Event->run()
#4 /workerman/vendor/workerman/workerman/src/Worker.php(1554): Workerman\Worker::forkOneWorkerForLinux(Object(Workerman\Worker))
#5 /workerman/vendor/workerman/workerman/src/Worker.php(1534): Workerman\Worker::forkWorkersForLinux()
#6 /workerman/vendor/workerman/workerman/src/Worker.php(1903): Workerman\Worker::forkWorkers()
#7 /workerman/vendor/workerman/workerman/src/Worker.php(1838): Workerman\Worker::monitorWorkersForLinux()
#8 /workerman/vendor/workerman/workerman/src/Worker.php(605): Workerman\Worker::monitorWorkers()
#9 /workerman/server.php(143): Workerman\Worker::runAll()
#10 {main}
worker[none:8716] exit with status 64000
worker[none:8717] exit with status 64000
worker[none:8718] exit with status 64000
worker[none:8719] exit with status 64000
TypeError: Unsupported operand types: int + string in /workerman/server.php:76
Stack trace:
#0 /workerman/vendor/workerman/workerman/src/Connection/TcpConnection.php(792): {closure:/workerman/server.php:66}(Object(Workerman\Connection\TcpConnection), Object(Workerman\Protocols\Http\Request))
#1 [internal function]: Workerman\Connection\TcpConnection->baseRead(Resource id #8750, true, NULL)
#2 /workerman/vendor/workerman/workerman/src/Events/Event.php(250): EventBase->loop()
#3 /workerman/vendor/workerman/workerman/src/Worker.php(1758): Workerman\Events\Event->run()
#4 /workerman/vendor/workerman/workerman/src/Worker.php(1554): Workerman\Worker::forkOneWorkerForLinux(Object(Workerman\Worker))
#5 /workerman/vendor/workerman/workerman/src/Worker.php(1534): Workerman\Worker::forkWorkersForLinux()
#6 /workerman/vendor/workerman/workerman/src/Worker.php(1903): Workerman\Worker::forkWorkers()
#7 /workerman/vendor/workerman/workerman/src/Worker.php(1838): Workerman\Worker::monitorWorkersForLinux()
#8 /workerman/vendor/workerman/workerman/src/Worker.php(605): Workerman\Worker::monitorWorkers()
#9 /workerman/server.php(143): Workerman\Worker::runAll()
#10 {main}
TypeError: Unsupported operand types: int + string in /workerman/server.php:76
Stack trace:
#0 /workerman/vendor/workerman/workerman/src/Connection/TcpConnection.php(792): {closure:/workerman/server.php:66}(Object(Workerman\Connection\TcpConnection), Object(Workerman\Protocols\Http\Request))
#1 [internal function]: Workerman\Connection\TcpConnection->baseRead(Resource id #8749, true, NULL)
#2 /workerman/vendor/workerman/workerman/src/Events/Event.php(250): EventBase->loop()
#3 /workerman/vendor/workerman/workerman/src/Worker.php(1758): Workerman\Events\Event->run()
#4 /workerman/vendor/workerman/workerman/src/Worker.php(1554): Workerman\Worker::forkOneWorkerForLinux(Object(Workerman\Worker))
#5 /workerman/vendor/workerman/workerman/src/Worker.php(1534): Workerman\Worker::forkWorkersForLinux()
#6 /workerman/vendor/workerman/workerman/src/Worker.php(1903): Workerman\Worker::forkWorkers()
#7 /workerman/vendor/workerman/workerman/src/Worker.php(1838): Workerman\Worker::monitorWorkersForLinux()
#8 /workerman/vendor/workerman/workerman/src/Worker.php(605): Workerman\Worker::monitorWorkers()
#9 /workerman/server.php(143): Workerman\Worker::runAll()
#10 {main}
worker[none:8627] exit with status 64000
TypeError: Unsupported operand types: int + string in /workerman/server.php:76
Stack trace:
#0 /workerman/vendor/workerman/workerman/src/Connection/TcpConnection.php(792): {closure:/workerman/server.php:66}(Object(Workerman\Connection\TcpConnection), Object(Workerman\Protocols\Http\Request))
#1 [internal function]: Workerman\Connection\TcpConnection->baseRead(Resource id #8762, true, NULL)
#2 /workerman/vendor/workerman/workerman/src/Events/Event.php(250): EventBase->loop()
#3 /workerman/vendor/workerman/workerman/src/Worker.php(1758): Workerman\Events\Event->run()
#4 /workerman/vendor/workerman/workerman/src/Worker.php(1554): Workerman\Worker::forkOneWorkerForLinux(Object(Workerman\Worker))
#5 /workerman/vendor/workerman/workerman/src/Worker.php(1534): Workerman\Worker::forkWorkersForLinux()
#6 /workerman/vendor/workerman/workerman/src/Worker.php(1903): Workerman\Worker::forkWorkers()
#7 /workerman/vendor/workerman/workerman/src/Worker.php(1838): Workerman\Worker::monitorWorkersForLinux()
#8 /workerman/vendor/workerman/workerman/src/Worker.php(605): Workerman\Worker::monitorWorkers()
#9 /workerman/server.php(143): Workerman\Worker::runAll()
#10 {main}
TypeError: Unsupported operand types: int + string in /workerman/server.php:76
Stack trace:
#0 /workerman/vendor/workerman/workerman/src/Connection/TcpConnection.php(792): {closure:/workerman/server.php:66}(Object(Workerman\Connection\TcpConnection), Object(Workerman\Protocols\Http\Request))
#1 [internal function]: Workerman\Connection\TcpConnection->baseRead(Resource id #8758, true, NULL)
#2 /workerman/vendor/workerman/workerman/src/Events/Event.php(250): EventBase->loop()
#3 /workerman/vendor/workerman/workerman/src/Worker.php(1758): Workerman\Events\Event->run()
#4 /workerman/vendor/workerman/workerman/src/Worker.php(1554): Workerman\Worker::forkOneWorkerForLinux(Object(Workerman\Worker))
#5 /workerman/vendor/workerman/workerman/src/Worker.php(1534): Workerman\Worker::forkWorkersForLinux()
#6 /workerman/vendor/workerman/workerman/src/Worker.php(1903): Workerman\Worker::forkWorkers()
#7 /workerman/vendor/workerman/workerman/src/Worker.php(1838): Workerman\Worker::monitorWorkersForLinux()
#8 /workerman/vendor/workerman/workerman/src/Worker.php(605): Workerman\Worker::monitorWorkers()
#9 /workerman/server.php(143): Workerman\Worker::runAll()
#10 {main}
worker[none:8720] exit with status 64000
TypeError: Unsupported operand types: int + string in /workerman/server.php:76
Stack trace:
#0 /workerman/vendor/workerman/workerman/src/Connection/TcpConnection.php(792): {closure:/workerman/server.php:66}(Object(Workerman\Connection\TcpConnection), Object(Workerman\Protocols\Http\Request))
#1 [internal function]: Workerman\Connection\TcpConnection->baseRead(Resource id #8756, true, NULL)
#2 /workerman/vendor/workerman/workerman/src/Events/Event.php(250): EventBase->loop()
#3 /workerman/vendor/workerman/workerman/src/Worker.php(1758): Workerman\Events\Event->run()
#4 /workerman/vendor/workerman/workerman/src/Worker.php(1554): Workerman\Worker::forkOneWorkerForLinux(Object(Workerman\Worker))
#5 /workerman/vendor/workerman/workerman/src/Worker.php(1534): Workerman\Worker::forkWorkersForLinux()
#6 /workerman/vendor/workerman/workerman/src/Worker.php(1903): Workerman\Worker::forkWorkers()
#7 /workerman/vendor/workerman/workerman/src/Worker.php(1838): Workerman\Worker::monitorWorkersForLinux()
#8 /workerman/vendor/workerman/workerman/src/Worker.php(605): Workerman\Worker::monitorWorkers()
#9 /workerman/server.php(143): Workerman\Worker::runAll()
#10 {main}
TypeError: Unsupported operand types: int + string in /workerman/server.php:76
Stack trace:
#0 /workerman/vendor/workerman/workerman/src/Connection/TcpConnection.php(792): {closure:/workerman/server.php:66}(Object(Workerman\Connection\TcpConnection), Object(Workerman\Protocols\Http\Request))
#1 [internal function]: Workerman\Connection\TcpConnection->baseRead(Resource id #8750, true, NULL)
#2 /workerman/vendor/workerman/workerman/src/Events/Event.php(250): EventBase->loop()
#3 /workerman/vendor/workerman/workerman/src/Worker.php(1758): Workerman\Events\Event->run()
#4 /workerman/vendor/workerman/workerman/src/Worker.php(1554): Workerman\Worker::forkOneWorkerForLinux(Object(Workerman\Worker))
#5 /workerman/vendor/workerman/workerman/src/Worker.php(1534): Workerman\Worker::forkWorkersForLinux()
#6 /workerman/vendor/workerman/workerman/src/Worker.php(1903): Workerman\Worker::forkWorkers()
#7 /workerman/vendor/workerman/workerman/src/Worker.php(1838): Workerman\Worker::monitorWorkersForLinux()
#8 /workerman/vendor/workerman/workerman/src/Worker.php(605): Workerman\Worker::monitorWorkers()
#9 /workerman/server.php(143): Workerman\Worker::runAll()
#10 {main}
worker[none:8721] exit with status 64000
TypeError: Unsupported operand types: int + string in /workerman/server.php:76
Stack trace:
#0 /workerman/vendor/workerman/workerman/src/Connection/TcpConnection.php(792): {closure:/workerman/server.php:66}(Object(Workerman\Connection\TcpConnection), Object(Workerman\Protocols\Http\Request))
#1 [internal function]: Workerman\Connection\TcpConnection->baseRead(Resource id #8749, true, NULL)
#2 /workerman/vendor/workerman/workerman/src/Events/Event.php(250): EventBase->loop()
#3 /workerman/vendor/workerman/workerman/src/Worker.php(1758): Workerman\Events\Event->run()
#4 /workerman/vendor/workerman/workerman/src/Worker.php(1554): Workerman\Worker::forkOneWorkerForLinux(Object(Workerman\Worker))
#5 /workerman/vendor/workerman/workerman/src/Worker.php(1534): Workerman\Worker::forkWorkersForLinux()
#6 /workerman/vendor/workerman/workerman/src/Worker.php(1903): Workerman\Worker::forkWorkers()
#7 /workerman/vendor/workerman/workerman/src/Worker.php(1838): Workerman\Worker::monitorWorkersForLinux()
#8 /workerman/vendor/workerman/workerman/src/Worker.php(605): Workerman\Worker::monitorWorkers()
#9 /workerman/server.php(143): Workerman\Worker::runAll()
#10 {main}
worker[none:8722] exit with status 64000
TypeError: Unsupported operand types: int + string in /workerman/server.php:76
Stack trace:
#0 /workerman/vendor/workerman/workerman/src/Connection/TcpConnection.php(792): {closure:/workerman/server.php:66}(Object(Workerman\Connection\TcpConnection), Object(Workerman\Protocols\Http\Request))
#1 [internal function]: Workerman\Connection\TcpConnection->baseRead(Resource id #8756, true, NULL)
#2 /workerman/vendor/workerman/workerman/src/Events/Event.php(250): EventBase->loop()
#3 /workerman/vendor/workerman/workerman/src/Worker.php(1758): Workerman\Events\Event->run()
#4 /workerman/vendor/workerman/workerman/src/Worker.php(1554): Workerman\Worker::forkOneWorkerForLinux(Object(Workerman\Worker))
#5 /workerman/vendor/workerman/workerman/src/Worker.php(1534): Workerman\Worker::forkWorkersForLinux()
#6 /workerman/vendor/workerman/workerman/src/Worker.php(1903): Workerman\Worker::forkWorkers()
#7 /workerman/vendor/workerman/workerman/src/Worker.php(1838): Workerman\Worker::monitorWorkersForLinux()
#8 /workerman/vendor/workerman/workerman/src/Worker.php(605): Workerman\Worker::monitorWorkers()
#9 /workerman/server.php(143): Workerman\Worker::runAll()
#10 {main}
worker[none:8723] exit with status 64000
TypeError: Unsupported operand types: int + string in /workerman/server.php:76
Stack trace:
#0 /workerman/vendor/workerman/workerman/src/Connection/TcpConnection.php(792): {closure:/workerman/server.php:66}(Object(Workerman\Connection\TcpConnection), Object(Workerman\Protocols\Http\Request))
#1 [internal function]: Workerman\Connection\TcpConnection->baseRead(Resource id #8758, true, NULL)
#2 /workerman/vendor/workerman/workerman/src/Events/Event.php(250): EventBase->loop()
#3 /workerman/vendor/workerman/workerman/src/Worker.php(1758): Workerman\Events\Event->run()
#4 /workerman/vendor/workerman/workerman/src/Worker.php(1554): Workerman\Worker::forkOneWorkerForLinux(Object(Workerman\Worker))
#5 /workerman/vendor/workerman/workerman/src/Worker.php(1534): Workerman\Worker::forkWorkersForLinux()
#6 /workerman/vendor/workerman/workerman/src/Worker.php(1903): Workerman\Worker::forkWorkers()
#7 /workerman/vendor/workerman/workerman/src/Worker.php(1838): Workerman\Worker::monitorWorkersForLinux()
#8 /workerman/vendor/workerman/workerman/src/Worker.php(605): Workerman\Worker::monitorWorkers()
#9 /workerman/server.php(143): Workerman\Worker::runAll()
#10 {main}
worker[none:8724] exit with status 64000
worker[none:8725] exit with status 64000
TypeError: Unsupported operand types: int + string in /workerman/server.php:76
Stack trace:
#0 /workerman/vendor/workerman/workerman/src/Connection/TcpConnection.php(792): {closure:/workerman/server.php:66}(Object(Workerman\Connection\TcpConnection), Object(Workerman\Protocols\Http\Request))
#1 [internal function]: Workerman\Connection\TcpConnection->baseRead(Resource id #8755, true, NULL)
#2 /workerman/vendor/workerman/workerman/src/Events/Event.php(250): EventBase->loop()
#3 /workerman/vendor/workerman/workerman/src/Worker.php(1758): Workerman\Events\Event->run()
#4 /workerman/vendor/workerman/workerman/src/Worker.php(1554): Workerman\Worker::forkOneWorkerForLinux(Object(Workerman\Worker))
#5 /workerman/vendor/workerman/workerman/src/Worker.php(1534): Workerman\Worker::forkWorkersForLinux()
#6 /workerman/vendor/workerman/workerman/src/Worker.php(1903): Workerman\Worker::forkWorkers()
#7 /workerman/vendor/workerman/workerman/src/Worker.php(1838): Workerman\Worker::monitorWorkersForLinux()
#8 /workerman/vendor/workerman/workerman/src/Worker.php(605): Workerman\Worker::monitorWorkers()
#9 /workerman/server.php(143): Workerman\Worker::runAll()
#10 {main}
worker[none:8726] exit with status 64000
TypeError: Unsupported operand types: int + string in /workerman/server.php:76
Stack trace:
#0 /workerman/vendor/workerman/workerman/src/Connection/TcpConnection.php(792): {closure:/workerman/server.php:66}(Object(Workerman\Connection\TcpConnection), Object(Workerman\Protocols\Http\Request))
#1 [internal function]: Workerman\Connection\TcpConnection->baseRead(Resource id #8768, true, NULL)
#2 /workerman/vendor/workerman/workerman/src/Events/Event.php(250): EventBase->loop()
#3 /workerman/vendor/workerman/workerman/src/Worker.php(1758): Workerman\Events\Event->run()
#4 /workerman/vendor/workerman/workerman/src/Worker.php(1554): Workerman\Worker::forkOneWorkerForLinux(Object(Workerman\Worker))
#5 /workerman/vendor/workerman/workerman/src/Worker.php(1534): Workerman\Worker::forkWorkersForLinux()
#6 /workerman/vendor/workerman/workerman/src/Worker.php(1903): Workerman\Worker::forkWorkers()
#7 /workerman/vendor/workerman/workerman/src/Worker.php(1838): Workerman\Worker::monitorWorkersForLinux()
#8 /workerman/vendor/workerman/workerman/src/Worker.php(605): Workerman\Worker::monitorWorkers()
#9 /workerman/server.php(143): Workerman\Worker::runAll()
#10 {main}
TypeError: Unsupported operand types: int + string in /workerman/server.php:76
Stack trace:
#0 /workerman/vendor/workerman/workerman/src/Connection/TcpConnection.php(792): {closure:/workerman/server.php:66}(Object(Workerman\Connection\TcpConnection), Object(Workerman\Protocols\Http\Request))
#1 [internal function]: Workerman\Connection\TcpConnection->baseRead(Resource id #8764, true, NULL)
#2 /workerman/vendor/workerman/workerman/src/Events/Event.php(250): EventBase->loop()
#3 /workerman/vendor/workerman/workerman/src/Worker.php(1758): Workerman\Events\Event->run()
#4 /workerman/vendor/workerman/workerman/src/Worker.php(1554): Workerman\Worker::forkOneWorkerForLinux(Object(Workerman\Worker))
#5 /workerman/vendor/workerman/workerman/src/Worker.php(1534): Workerman\Worker::forkWorkersForLinux()
#6 /workerman/vendor/workerman/workerman/src/Worker.php(1903): Workerman\Worker::forkWorkers()
#7 /workerman/vendor/workerman/workerman/src/Worker.php(1838): Workerman\Worker::monitorWorkersForLinux()
#8 /workerman/vendor/workerman/workerman/src/Worker.php(605): Workerman\Worker::monitorWorkers()
#9 /workerman/server.php(143): Workerman\Worker::runAll()
#10 {main}
worker[none:8727] exit with status 64000
TypeError: Unsupported operand types: int + string in /workerman/server.php:76
Stack trace:
#0 /workerman/vendor/workerman/workerman/src/Connection/TcpConnection.php(792): {closure:/workerman/server.php:66}(Object(Workerman\Connection\TcpConnection), Object(Workerman\Protocols\Http\Request))
#1 [internal function]: Workerman\Connection\TcpConnection->baseRead(Resource id #8756, true, NULL)
#2 /workerman/vendor/workerman/workerman/src/Events/Event.php(250): EventBase->loop()
#3 /workerman/vendor/workerman/workerman/src/Worker.php(1758): Workerman\Events\Event->run()
#4 /workerman/vendor/workerman/workerman/src/Worker.php(1554): Workerman\Worker::forkOneWorkerForLinux(Object(Workerman\Worker))
#5 /workerman/vendor/workerman/workerman/src/Worker.php(1534): Workerman\Worker::forkWorkersForLinux()
#6 /workerman/vendor/workerman/workerman/src/Worker.php(1903): Workerman\Worker::forkWorkers()
#7 /workerman/vendor/workerman/workerman/src/Worker.php(1838): Workerman\Worker::monitorWorkersForLinux()
#8 /workerman/vendor/workerman/workerman/src/Worker.php(605): Workerman\Worker::monitorWorkers()
#9 /workerman/server.php(143): Workerman\Worker::runAll()
#10 {main}
worker[none:8728] exit with status 64000
TypeError: Unsupported operand types: int + string in /workerman/server.php:76
Stack trace:
#0 /workerman/vendor/workerman/workerman/src/Connection/TcpConnection.php(792): {closure:/workerman/server.php:66}(Object(Workerman\Connection\TcpConnection), Object(Workerman\Protocols\Http\Request))
#1 [internal function]: Workerman\Connection\TcpConnection->baseRead(Resource id #8770, true, NULL)
#2 /workerman/vendor/workerman/workerman/src/Events/Event.php(250): EventBase->loop()
#3 /workerman/vendor/workerman/workerman/src/Worker.php(1758): Workerman\Events\Event->run()
#4 /workerman/vendor/workerman/workerman/src/Worker.php(1554): Workerman\Worker::forkOneWorkerForLinux(Object(Workerman\Worker))
#5 /workerman/vendor/workerman/workerman/src/Worker.php(1534): Workerman\Worker::forkWorkersForLinux()
#6 /workerman/vendor/workerman/workerman/src/Worker.php(1903): Workerman\Worker::forkWorkers()
#7 /workerman/vendor/workerman/workerman/src/Worker.php(1838): Workerman\Worker::monitorWorkersForLinux()
#8 /workerman/vendor/workerman/workerman/src/Worker.php(605): Workerman\Worker::monitorWorkers()
#9 /workerman/server.php(143): Workerman\Worker::runAll()
#10 {main}
worker[none:8729] exit with status 64000
worker[none:8730] exit with status 64000
worker[none:8731] exit with status 64000
TypeError: Unsupported operand types: int + string in /workerman/server.php:76
Stack trace:
#0 /workerman/vendor/workerman/workerman/src/Connection/TcpConnection.php(792): {closure:/workerman/server.php:66}(Object(Workerman\Connection\TcpConnection), Object(Workerman\Protocols\Http\Request))
#1 [internal function]: Workerman\Connection\TcpConnection->baseRead(Resource id #8759, true, NULL)
#2 /workerman/vendor/workerman/workerman/src/Events/Event.php(250): EventBase->loop()
#3 /workerman/vendor/workerman/workerman/src/Worker.php(1758): Workerman\Events\Event->run()
#4 /workerman/vendor/workerman/workerman/src/Worker.php(1554): Workerman\Worker::forkOneWorkerForLinux(Object(Workerman\Worker))
#5 /workerman/vendor/workerman/workerman/src/Worker.php(1534): Workerman\Worker::forkWorkersForLinux()
#6 /workerman/vendor/workerman/workerman/src/Worker.php(1903): Workerman\Worker::forkWorkers()
#7 /workerman/vendor/workerman/workerman/src/Worker.php(1838): Workerman\Worker::monitorWorkersForLinux()
#8 /workerman/vendor/workerman/workerman/src/Worker.php(605): Workerman\Worker::monitorWorkers()
#9 /workerman/server.php(143): Workerman\Worker::runAll()
#10 {main}
worker[none:8732] exit with status 64000
TypeError: Unsupported operand types: int + string in /workerman/server.php:76
Stack trace:
#0 /workerman/vendor/workerman/workerman/src/Connection/TcpConnection.php(792): {closure:/workerman/server.php:66}(Object(Workerman\Connection\TcpConnection), Object(Workerman\Protocols\Http\Request))
#1 [internal function]: Workerman\Connection\TcpConnection->baseRead(Resource id #8762, true, NULL)
#2 /workerman/vendor/workerman/workerman/src/Events/Event.php(250): EventBase->loop()
#3 /workerman/vendor/workerman/workerman/src/Worker.php(1758): Workerman\Events\Event->run()
#4 /workerman/vendor/workerman/workerman/src/Worker.php(1554): Workerman\Worker::forkOneWorkerForLinux(Object(Workerman\Worker))
#5 /workerman/vendor/workerman/workerman/src/Worker.php(1534): Workerman\Worker::forkWorkersForLinux()
#6 /workerman/vendor/workerman/workerman/src/Worker.php(1903): Workerman\Worker::forkWorkers()
#7 /workerman/vendor/workerman/workerman/src/Worker.php(1838): Workerman\Worker::monitorWorkersForLinux()
#8 /workerman/vendor/workerman/workerman/src/Worker.php(605): Workerman\Worker::monitorWorkers()
#9 /workerman/server.php(143): Workerman\Worker::runAll()
#10 {main}
worker[none:8733] exit with status 64000
TypeError: Unsupported operand types: int + string in /workerman/server.php:76
Stack trace:
#0 /workerman/vendor/workerman/workerman/src/Connection/TcpConnection.php(792): {closure:/workerman/server.php:66}(Object(Workerman\Connection\TcpConnection), Object(Workerman\Protocols\Http\Request))
#1 [internal function]: Workerman\Connection\TcpConnection->baseRead(Resource id #8781, true, NULL)
#2 /workerman/vendor/workerman/workerman/src/Events/Event.php(250): EventBase->loop()
#3 /workerman/vendor/workerman/workerman/src/Worker.php(1758): Workerman\Events\Event->run()
#4 /workerman/vendor/workerman/workerman/src/Worker.php(1554): Workerman\Worker::forkOneWorkerForLinux(Object(Workerman\Worker))
#5 /workerman/vendor/workerman/workerman/src/Worker.php(1534): Workerman\Worker::forkWorkersForLinux()
#6 /workerman/vendor/workerman/workerman/src/Worker.php(1903): Workerman\Worker::forkWorkers()
#7 /workerman/vendor/workerman/workerman/src/Worker.php(1838): Workerman\Worker::monitorWorkersForLinux()
#8 /workerman/vendor/workerman/workerman/src/Worker.php(605): Workerman\Worker::monitorWorkers()
#9 /workerman/server.php(143): Workerman\Worker::runAll()
#10 {main}
worker[none:8734] exit with status 64000
worker[none:8735] exit with status 64000
TypeError: Unsupported operand types: int + string in /workerman/server.php:76
Stack trace:
#0 /workerman/vendor/workerman/workerman/src/Connection/TcpConnection.php(792): {closure:/workerman/server.php:66}(Object(Workerman\Connection\TcpConnection), Object(Workerman\Protocols\Http\Request))
#1 [internal function]: Workerman\Connection\TcpConnection->baseRead(Resource id #8768, true, NULL)
#2 /workerman/vendor/workerman/workerman/src/Events/Event.php(250): EventBase->loop()
#3 /workerman/vendor/workerman/workerman/src/Worker.php(1758): Workerman\Events\Event->run()
#4 /workerman/vendor/workerman/workerman/src/Worker.php(1554): Workerman\Worker::forkOneWorkerForLinux(Object(Workerman\Worker))
#5 /workerman/vendor/workerman/workerman/src/Worker.php(1534): Workerman\Worker::forkWorkersForLinux()
#6 /workerman/vendor/workerman/workerman/src/Worker.php(1903): Workerman\Worker::forkWorkers()
#7 /workerman/vendor/workerman/workerman/src/Worker.php(1838): Workerman\Worker::monitorWorkersForLinux()
#8 /workerman/vendor/workerman/workerman/src/Worker.php(605): Workerman\Worker::monitorWorkers()
#9 /workerman/server.php(143): Workerman\Worker::runAll()
#10 {main}
TypeError: Unsupported operand types: int + string in /workerman/server.php:76
Stack trace:
#0 /workerman/vendor/workerman/workerman/src/Connection/TcpConnection.php(792): {closure:/workerman/server.php:66}(Object(Workerman\Connection\TcpConnection), Object(Workerman\Protocols\Http\Request))
#1 [internal function]: Workerman\Connection\TcpConnection->baseRead(Resource id #8768, true, NULL)
#2 /workerman/vendor/workerman/workerman/src/Events/Event.php(250): EventBase->loop()
#3 /workerman/vendor/workerman/workerman/src/Worker.php(1758): Workerman\Events\Event->run()
#4 /workerman/vendor/workerman/workerman/src/Worker.php(1554): Workerman\Worker::forkOneWorkerForLinux(Object(Workerman\Worker))
#5 /workerman/vendor/workerman/workerman/src/Worker.php(1534): Workerman\Worker::forkWorkersForLinux()
#6 /workerman/vendor/workerman/workerman/src/Worker.php(1903): Workerman\Worker::forkWorkers()
#7 /workerman/vendor/workerman/workerman/src/Worker.php(1838): Workerman\Worker::monitorWorkersForLinux()
#8 /workerman/vendor/workerman/workerman/src/Worker.php(605): Workerman\Worker::monitorWorkers()
#9 /workerman/server.php(143): Workerman\Worker::runAll()
#10 {main}
TypeError: Unsupported operand types: int + string in /workerman/server.php:76
Stack trace:
#0 /workerman/vendor/workerman/workerman/src/Connection/TcpConnection.php(792): {closure:/workerman/server.php:66}(Object(Workerman\Connection\TcpConnection), Object(Workerman\Protocols\Http\Request))
#1 [internal function]: Workerman\Connection\TcpConnection->baseRead(Resource id #8766, true, NULL)
#2 /workerman/vendor/workerman/workerman/src/Events/Event.php(250): EventBase->loop()
#3 /workerman/vendor/workerman/workerman/src/Worker.php(1758): Workerman\Events\Event->run()
#4 /workerman/vendor/workerman/workerman/src/Worker.php(1554): Workerman\Worker::forkOneWorkerForLinux(Object(Workerman\Worker))
#5 /workerman/vendor/workerman/workerman/src/Worker.php(1534): Workerman\Worker::forkWorkersForLinux()
#6 /workerman/vendor/workerman/workerman/src/Worker.php(1903): Workerman\Worker::forkWorkers()
#7 /workerman/vendor/workerman/workerman/src/Worker.php(1838): Workerman\Worker::monitorWorkersForLinux()
#8 /workerman/vendor/workerman/workerman/src/Worker.php(605): Workerman\Worker::monitorWorkers()
#9 /workerman/server.php(143): Workerman\Worker::runAll()
#10 {main}
TypeError: Unsupported operand types: int + string in /workerman/server.php:76
Stack trace:
#0 /workerman/vendor/workerman/workerman/src/Connection/TcpConnection.php(792): {closure:/workerman/server.php:66}(Object(Workerman\Connection\TcpConnection), Object(Workerman\Protocols\Http\Request))
#1 [internal function]: Workerman\Connection\TcpConnection->baseRead(Resource id #8774, true, NULL)
#2 /workerman/vendor/workerman/workerman/src/Events/Event.php(250): EventBase->loop()
#3 /workerman/vendor/workerman/workerman/src/Worker.php(1758): Workerman\Events\Event->run()
#4 /workerman/vendor/workerman/workerman/src/Worker.php(1554): Workerman\Worker::forkOneWorkerForLinux(Object(Workerman\Worker))
#5 /workerman/vendor/workerman/workerman/src/Worker.php(1534): Workerman\Worker::forkWorkersForLinux()
#6 /workerman/vendor/workerman/workerman/src/Worker.php(1903): Workerman\Worker::forkWorkers()
#7 /workerman/vendor/workerman/workerman/src/Worker.php(1838): Workerman\Worker::monitorWorkersForLinux()
#8 /workerman/vendor/workerman/workerman/src/Worker.php(605): Workerman\Worker::monitorWorkers()
#9 /workerman/server.php(143): Workerman\Worker::runAll()
#10 {main}
worker[none:8736] exit with status 64000
TypeError: Unsupported operand types: int + string in /workerman/server.php:76
Stack trace:
#0 /workerman/vendor/workerman/workerman/src/Connection/TcpConnection.php(792): {closure:/workerman/server.php:66}(Object(Workerman\Connection\TcpConnection), Object(Workerman\Protocols\Http\Request))
#1 [internal function]: Workerman\Connection\TcpConnection->baseRead(Resource id #8791, true, NULL)
#2 /workerman/vendor/workerman/workerman/src/Events/Event.php(250): EventBase->loop()
#3 /workerman/vendor/workerman/workerman/src/Worker.php(1758): Workerman\Events\Event->run()
#4 /workerman/vendor/workerman/workerman/src/Worker.php(1554): Workerman\Worker::forkOneWorkerForLinux(Object(Workerman\Worker))
#5 /workerman/vendor/workerman/workerman/src/Worker.php(1534): Workerman\Worker::forkWorkersForLinux()
#6 /workerman/vendor/workerman/workerman/src/Worker.php(1903): Workerman\Worker::forkWorkers()
#7 /workerman/vendor/workerman/workerman/src/Worker.php(1838): Workerman\Worker::monitorWorkersForLinux()
#8 /workerman/vendor/workerman/workerman/src/Worker.php(605): Workerman\Worker::monitorWorkers()
#9 /workerman/server.php(143): Workerman\Worker::runAll()
#10 {main}
worker[none:8737] exit with status 64000
TypeError: Unsupported operand types: int + string in /workerman/server.php:76
Stack trace:
#0 /workerman/vendor/workerman/workerman/src/Connection/TcpConnection.php(792): {closure:/workerman/server.php:66}(Object(Workerman\Connection\TcpConnection), Object(Workerman\Protocols\Http\Request))
#1 [internal function]: Workerman\Connection\TcpConnection->baseRead(Resource id #8771, true, NULL)
#2 /workerman/vendor/workerman/workerman/src/Events/Event.php(250): EventBase->loop()
#3 /workerman/vendor/workerman/workerman/src/Worker.php(1758): Workerman\Events\Event->run()
#4 /workerman/vendor/workerman/workerman/src/Worker.php(1554): Workerman\Worker::forkOneWorkerForLinux(Object(Workerman\Worker))
#5 /workerman/vendor/workerman/workerman/src/Worker.php(1534): Workerman\Worker::forkWorkersForLinux()
#6 /workerman/vendor/workerman/workerman/src/Worker.php(1903): Workerman\Worker::forkWorkers()
#7 /workerman/vendor/workerman/workerman/src/Worker.php(1838): Workerman\Worker::monitorWorkersForLinux()
#8 /workerman/vendor/workerman/workerman/src/Worker.php(605): Workerman\Worker::monitorWorkers()
#9 /workerman/server.php(143): Workerman\Worker::runAll()
#10 {main}
worker[none:8738] exit with status 64000
worker[none:8739] exit with status 64000
TypeError: Unsupported operand types: int + string in /workerman/server.php:76
Stack trace:
#0 /workerman/vendor/workerman/workerman/src/Connection/TcpConnection.php(792): {closure:/workerman/server.php:66}(Object(Workerman\Connection\TcpConnection), Object(Workerman\Protocols\Http\Request))
#1 [internal function]: Workerman\Connection\TcpConnection->baseRead(Resource id #8772, true, NULL)
#2 /workerman/vendor/workerman/workerman/src/Events/Event.php(250): EventBase->loop()
#3 /workerman/vendor/workerman/workerman/src/Worker.php(1758): Workerman\Events\Event->run()
#4 /workerman/vendor/workerman/workerman/src/Worker.php(1554): Workerman\Worker::forkOneWorkerForLinux(Object(Workerman\Worker))
#5 /workerman/vendor/workerman/workerman/src/Worker.php(1534): Workerman\Worker::forkWorkersForLinux()
#6 /workerman/vendor/workerman/workerman/src/Worker.php(1903): Workerman\Worker::forkWorkers()
#7 /workerman/vendor/workerman/workerman/src/Worker.php(1838): Workerman\Worker::monitorWorkersForLinux()
#8 /workerman/vendor/workerman/workerman/src/Worker.php(605): Workerman\Worker::monitorWorkers()
#9 /workerman/server.php(143): Workerman\Worker::runAll()
#10 {main}
TypeError: Unsupported operand types: int + string in /workerman/server.php:76
Stack trace:
#0 /workerman/vendor/workerman/workerman/src/Connection/TcpConnection.php(792): {closure:/workerman/server.php:66}(Object(Workerman\Connection\TcpConnection), Object(Workerman\Protocols\Http\Request))
#1 [internal function]: Workerman\Connection\TcpConnection->baseRead(Resource id #8778, true, NULL)
#2 /workerman/vendor/workerman/workerman/src/Events/Event.php(250): EventBase->loop()
#3 /workerman/vendor/workerman/workerman/src/Worker.php(1758): Workerman\Events\Event->run()
#4 /workerman/vendor/workerman/workerman/src/Worker.php(1554): Workerman\Worker::forkOneWorkerForLinux(Object(Workerman\Worker))
#5 /workerman/vendor/workerman/workerman/src/Worker.php(1534): Workerman\Worker::forkWorkersForLinux()
#6 /workerman/vendor/workerman/workerman/src/Worker.php(1903): Workerman\Worker::forkWorkers()
#7 /workerman/vendor/workerman/workerman/src/Worker.php(1838): Workerman\Worker::monitorWorkersForLinux()
#8 /workerman/vendor/workerman/workerman/src/Worker.php(605): Workerman\Worker::monitorWorkers()
#9 /workerman/server.php(143): Workerman\Worker::runAll()
#10 {main}
worker[none:8740] exit with status 64000
worker[none:8741] exit with status 64000
worker[none:8742] exit with status 64000
TypeError: Unsupported operand types: int + string in /workerman/server.php:76
Stack trace:
#0 /workerman/vendor/workerman/workerman/src/Connection/TcpConnection.php(792): {closure:/workerman/server.php:66}(Object(Workerman\Connection\TcpConnection), Object(Workerman\Protocols\Http\Request))
#1 [internal function]: Workerman\Connection\TcpConnection->baseRead(Resource id #8775, true, NULL)
#2 /workerman/vendor/workerman/workerman/src/Events/Event.php(250): EventBase->loop()
#3 /workerman/vendor/workerman/workerman/src/Worker.php(1758): Workerman\Events\Event->run()
#4 /workerman/vendor/workerman/workerman/src/Worker.php(1554): Workerman\Worker::forkOneWorkerForLinux(Object(Workerman\Worker))
#5 /workerman/vendor/workerman/workerman/src/Worker.php(1534): Workerman\Worker::forkWorkersForLinux()
#6 /workerman/vendor/workerman/workerman/src/Worker.php(1903): Workerman\Worker::forkWorkers()
#7 /workerman/vendor/workerman/workerman/src/Worker.php(1838): Workerman\Worker::monitorWorkersForLinux()
#8 /workerman/vendor/workerman/workerman/src/Worker.php(605): Workerman\Worker::monitorWorkers()
#9 /workerman/server.php(143): Workerman\Worker::runAll()
#10 {main}
TypeError: Unsupported operand types: int + string in /workerman/server.php:76
Stack trace:
#0 /workerman/vendor/workerman/workerman/src/Connection/TcpConnection.php(792): {closure:/workerman/server.php:66}(Object(Workerman\Connection\TcpConnection), Object(Workerman\Protocols\Http\Request))
#1 [internal function]: Workerman\Connection\TcpConnection->baseRead(Resource id #8771, true, NULL)
#2 /workerman/vendor/workerman/workerman/src/Events/Event.php(250): EventBase->loop()
#3 /workerman/vendor/workerman/workerman/src/Worker.php(1758): Workerman\Events\Event->run()
#4 /workerman/vendor/workerman/workerman/src/Worker.php(1554): Workerman\Worker::forkOneWorkerForLinux(Object(Workerman\Worker))
#5 /workerman/vendor/workerman/workerman/src/Worker.php(1534): Workerman\Worker::forkWorkersForLinux()
#6 /workerman/vendor/workerman/workerman/src/Worker.php(1903): Workerman\Worker::forkWorkers()
#7 /workerman/vendor/workerman/workerman/src/Worker.php(1838): Workerman\Worker::monitorWorkersForLinux()
#8 /workerman/vendor/workerman/workerman/src/Worker.php(605): Workerman\Worker::monitorWorkers()
#9 /workerman/server.php(143): Workerman\Worker::runAll()
#10 {main}
worker[none:8743] exit with status 64000
worker[none:8744] exit with status 64000
TypeError: Unsupported operand types: int + string in /workerman/server.php:76
Stack trace:
#0 /workerman/vendor/workerman/workerman/src/Connection/TcpConnection.php(792): {closure:/workerman/server.php:66}(Object(Workerman\Connection\TcpConnection), Object(Workerman\Protocols\Http\Request))
#1 [internal function]: Workerman\Connection\TcpConnection->baseRead(Resource id #8776, true, NULL)
#2 /workerman/vendor/workerman/workerman/src/Events/Event.php(250): EventBase->loop()
#3 /workerman/vendor/workerman/workerman/src/Worker.php(1758): Workerman\Events\Event->run()
#4 /workerman/vendor/workerman/workerman/src/Worker.php(1554): Workerman\Worker::forkOneWorkerForLinux(Object(Workerman\Worker))
#5 /workerman/vendor/workerman/workerman/src/Worker.php(1534): Workerman\Worker::forkWorkersForLinux()
#6 /workerman/vendor/workerman/workerman/src/Worker.php(1903): Workerman\Worker::forkWorkers()
#7 /workerman/vendor/workerman/workerman/src/Worker.php(1838): Workerman\Worker::monitorWorkersForLinux()
#8 /workerman/vendor/workerman/workerman/src/Worker.php(605): Workerman\Worker::monitorWorkers()
#9 /workerman/server.php(143): Workerman\Worker::runAll()
#10 {main}
worker[none:8659] exit with status 64000
TypeError: Unsupported operand types: int + string in /workerman/server.php:76
Stack trace:
#0 /workerman/vendor/workerman/workerman/src/Connection/TcpConnection.php(792): {closure:/workerman/server.php:66}(Object(Workerman\Connection\TcpConnection), Object(Workerman\Protocols\Http\Request))
#1 [internal function]: Workerman\Connection\TcpConnection->baseRead(Resource id #8777, true, NULL)
#2 /workerman/vendor/workerman/workerman/src/Events/Event.php(250): EventBase->loop()
#3 /workerman/vendor/workerman/workerman/src/Worker.php(1758): Workerman\Events\Event->run()
#4 /workerman/vendor/workerman/workerman/src/Worker.php(1554): Workerman\Worker::forkOneWorkerForLinux(Object(Workerman\Worker))
#5 /workerman/vendor/workerman/workerman/src/Worker.php(1534): Workerman\Worker::forkWorkersForLinux()
#6 /workerman/vendor/workerman/workerman/src/Worker.php(1903): Workerman\Worker::forkWorkers()
#7 /workerman/vendor/workerman/workerman/src/Worker.php(1838): Workerman\Worker::monitorWorkersForLinux()
#8 /workerman/vendor/workerman/workerman/src/Worker.php(605): Workerman\Worker::monitorWorkers()
#9 /workerman/server.php(143): Workerman\Worker::runAll()
#10 {main}
worker[none:8745] exit with status 64000
TypeError: Unsupported operand types: int + string in /workerman/server.php:76
Stack trace:
#0 /workerman/vendor/workerman/workerman/src/Connection/TcpConnection.php(792): {closure:/workerman/server.php:66}(Object(Workerman\Connection\TcpConnection), Object(Workerman\Protocols\Http\Request))
#1 [internal function]: Workerman\Connection\TcpConnection->baseRead(Resource id #8776, true, NULL)
#2 /workerman/vendor/workerman/workerman/src/Events/Event.php(250): EventBase->loop()
#3 /workerman/vendor/workerman/workerman/src/Worker.php(1758): Workerman\Events\Event->run()
#4 /workerman/vendor/workerman/workerman/src/Worker.php(1554): Workerman\Worker::forkOneWorkerForLinux(Object(Workerman\Worker))
#5 /workerman/vendor/workerman/workerman/src/Worker.php(1534): Workerman\Worker::forkWorkersForLinux()
#6 /workerman/vendor/workerman/workerman/src/Worker.php(1903): Workerman\Worker::forkWorkers()
#7 /workerman/vendor/workerman/workerman/src/Worker.php(1838): Workerman\Worker::monitorWorkersForLinux()
#8 /workerman/vendor/workerman/workerman/src/Worker.php(605): Workerman\Worker::monitorWorkers()
#9 /workerman/server.php(143): Workerman\Worker::runAll()
#10 {main}
worker[none:8746] exit with status 64000
TypeError: Unsupported operand types: int + string in /workerman/server.php:76
Stack trace:
#0 /workerman/vendor/workerman/workerman/src/Connection/TcpConnection.php(792): {closure:/workerman/server.php:66}(Object(Workerman\Connection\TcpConnection), Object(Workerman\Protocols\Http\Request))
#1 [internal function]: Workerman\Connection\TcpConnection->baseRead(Resource id #8818, true, NULL)
#2 /workerman/vendor/workerman/workerman/src/Events/Event.php(250): EventBase->loop()
#3 /workerman/vendor/workerman/workerman/src/Worker.php(1758): Workerman\Events\Event->run()
#4 /workerman/vendor/workerman/workerman/src/Worker.php(1554): Workerman\Worker::forkOneWorkerForLinux(Object(Workerman\Worker))
#5 /workerman/vendor/workerman/workerman/src/Worker.php(1534): Workerman\Worker::forkWorkersForLinux()
#6 /workerman/vendor/workerman/workerman/src/Worker.php(1903): Workerman\Worker::forkWorkers()
#7 /workerman/vendor/workerman/workerman/src/Worker.php(1838): Workerman\Worker::monitorWorkersForLinux()
#8 /workerman/vendor/workerman/workerman/src/Worker.php(605): Workerman\Worker::monitorWorkers()
#9 /workerman/server.php(143): Workerman\Worker::runAll()
#10 {main}
worker[none:8747] exit with status 64000
TypeError: Unsupported operand types: int + string in /workerman/server.php:76
Stack trace:
#0 /workerman/vendor/workerman/workerman/src/Connection/TcpConnection.php(792): {closure:/workerman/server.php:66}(Object(Workerman\Connection\TcpConnection), Object(Workerman\Protocols\Http\Request))
#1 [internal function]: Workerman\Connection\TcpConnection->baseRead(Resource id #8791, true, NULL)
#2 /workerman/vendor/workerman/workerman/src/Events/Event.php(250): EventBase->loop()
#3 /workerman/vendor/workerman/workerman/src/Worker.php(1758): Workerman\Events\Event->run()
#4 /workerman/vendor/workerman/workerman/src/Worker.php(1554): Workerman\Worker::forkOneWorkerForLinux(Object(Workerman\Worker))
#5 /workerman/vendor/workerman/workerman/src/Worker.php(1534): Workerman\Worker::forkWorkersForLinux()
#6 /workerman/vendor/workerman/workerman/src/Worker.php(1903): Workerman\Worker::forkWorkers()
#7 /workerman/vendor/workerman/workerman/src/Worker.php(1838): Workerman\Worker::monitorWorkersForLinux()
#8 /workerman/vendor/workerman/workerman/src/Worker.php(605): Workerman\Worker::monitorWorkers()
#9 /workerman/server.php(143): Workerman\Worker::runAll()
#10 {main}
worker[none:8748] exit with status 64000
TypeError: Unsupported operand types: int + string in /workerman/server.php:76
Stack trace:
#0 /workerman/vendor/workerman/workerman/src/Connection/TcpConnection.php(792): {closure:/workerman/server.php:66}(Object(Workerman\Connection\TcpConnection), Object(Workerman\Protocols\Http\Request))
#1 [internal function]: Workerman\Connection\TcpConnection->baseRead(Resource id #8783, true, NULL)
#2 /workerman/vendor/workerman/workerman/src/Events/Event.php(250): EventBase->loop()
#3 /workerman/vendor/workerman/workerman/src/Worker.php(1758): Workerman\Events\Event->run()
#4 /workerman/vendor/workerman/workerman/src/Worker.php(1554): Workerman\Worker::forkOneWorkerForLinux(Object(Workerman\Worker))
#5 /workerman/vendor/workerman/workerman/src/Worker.php(1534): Workerman\Worker::forkWorkersForLinux()
#6 /workerman/vendor/workerman/workerman/src/Worker.php(1903): Workerman\Worker::forkWorkers()
#7 /workerman/vendor/workerman/workerman/src/Worker.php(1838): Workerman\Worker::monitorWorkersForLinux()
#8 /workerman/vendor/workerman/workerman/src/Worker.php(605): Workerman\Worker::monitorWorkers()
#9 /workerman/server.php(143): Workerman\Worker::runAll()
#10 {main}
worker[none:8749] exit with status 64000
worker[none:8750] exit with status 64000
TypeError: Unsupported operand types: int + string in /workerman/server.php:76
Stack trace:
#0 /workerman/vendor/workerman/workerman/src/Connection/TcpConnection.php(792): {closure:/workerman/server.php:66}(Object(Workerman\Connection\TcpConnection), Object(Workerman\Protocols\Http\Request))
#1 [internal function]: Workerman\Connection\TcpConnection->baseRead(Resource id #8777, true, NULL)
#2 /workerman/vendor/workerman/workerman/src/Events/Event.php(250): EventBase->loop()
#3 /workerman/vendor/workerman/workerman/src/Worker.php(1758): Workerman\Events\Event->run()
#4 /workerman/vendor/workerman/workerman/src/Worker.php(1554): Workerman\Worker::forkOneWorkerForLinux(Object(Workerman\Worker))
#5 /workerman/vendor/workerman/workerman/src/Worker.php(1534): Workerman\Worker::forkWorkersForLinux()
#6 /workerman/vendor/workerman/workerman/src/Worker.php(1903): Workerman\Worker::forkWorkers()
#7 /workerman/vendor/workerman/workerman/src/Worker.php(1838): Workerman\Worker::monitorWorkersForLinux()
#8 /workerman/vendor/workerman/workerman/src/Worker.php(605): Workerman\Worker::monitorWorkers()
#9 /workerman/server.php(143): Workerman\Worker::runAll()
#10 {main}
worker[none:8751] exit with status 64000
TypeError: Unsupported operand types: int + string in /workerman/server.php:76
Stack trace:
#0 /workerman/vendor/workerman/workerman/src/Connection/TcpConnection.php(792): {closure:/workerman/server.php:66}(Object(Workerman\Connection\TcpConnection), Object(Workerman\Protocols\Http\Request))
#1 [internal function]: Workerman\Connection\TcpConnection->baseRead(Resource id #8786, true, NULL)
#2 /workerman/vendor/workerman/workerman/src/Events/Event.php(250): EventBase->loop()
#3 /workerman/vendor/workerman/workerman/src/Worker.php(1758): Workerman\Events\Event->run()
#4 /workerman/vendor/workerman/workerman/src/Worker.php(1554): Workerman\Worker::forkOneWorkerForLinux(Object(Workerman\Worker))
#5 /workerman/vendor/workerman/workerman/src/Worker.php(1534): Workerman\Worker::forkWorkersForLinux()
#6 /workerman/vendor/workerman/workerman/src/Worker.php(1903): Workerman\Worker::forkWorkers()
#7 /workerman/vendor/workerman/workerman/src/Worker.php(1838): Workerman\Worker::monitorWorkersForLinux()
#8 /workerman/vendor/workerman/workerman/src/Worker.php(605): Workerman\Worker::monitorWorkers()
#9 /workerman/server.php(143): Workerman\Worker::runAll()
#10 {main}
TypeError: Unsupported operand types: int + string in /workerman/server.php:76
Stack trace:
#0 /workerman/vendor/workerman/workerman/src/Connection/TcpConnection.php(792): {closure:/workerman/server.php:66}(Object(Workerman\Connection\TcpConnection), Object(Workerman\Protocols\Http\Request))
#1 [internal function]: Workerman\Connection\TcpConnection->baseRead(Resource id #8785, true, NULL)
#2 /workerman/vendor/workerman/workerman/src/Events/Event.php(250): EventBase->loop()
#3 /workerman/vendor/workerman/workerman/src/Worker.php(1758): Workerman\Events\Event->run()
#4 /workerman/vendor/workerman/workerman/src/Worker.php(1554): Workerman\Worker::forkOneWorkerForLinux(Object(Workerman\Worker))
#5 /workerman/vendor/workerman/workerman/src/Worker.php(1534): Workerman\Worker::forkWorkersForLinux()
#6 /workerman/vendor/workerman/workerman/src/Worker.php(1903): Workerman\Worker::forkWorkers()
#7 /workerman/vendor/workerman/workerman/src/Worker.php(1838): Workerman\Worker::monitorWorkersForLinux()
#8 /workerman/vendor/workerman/workerman/src/Worker.php(605): Workerman\Worker::monitorWorkers()
#9 /workerman/server.php(143): Workerman\Worker::runAll()
#10 {main}
worker[none:8752] exit with status 64000
TypeError: Unsupported operand types: int + string in /workerman/server.php:76
Stack trace:
#0 /workerman/vendor/workerman/workerman/src/Connection/TcpConnection.php(792): {closure:/workerman/server.php:66}(Object(Workerman\Connection\TcpConnection), Object(Workerman\Protocols\Http\Request))
#1 [internal function]: Workerman\Connection\TcpConnection->baseRead(Resource id #8806, true, NULL)
#2 /workerman/vendor/workerman/workerman/src/Events/Event.php(250): EventBase->loop()
#3 /workerman/vendor/workerman/workerman/src/Worker.php(1758): Workerman\Events\Event->run()
#4 /workerman/vendor/workerman/workerman/src/Worker.php(1554): Workerman\Worker::forkOneWorkerForLinux(Object(Workerman\Worker))
#5 /workerman/vendor/workerman/workerman/src/Worker.php(1534): Workerman\Worker::forkWorkersForLinux()
#6 /workerman/vendor/workerman/workerman/src/Worker.php(1903): Workerman\Worker::forkWorkers()
#7 /workerman/vendor/workerman/workerman/src/Worker.php(1838): Workerman\Worker::monitorWorkersForLinux()
#8 /workerman/vendor/workerman/workerman/src/Worker.php(605): Workerman\Worker::monitorWorkers()
#9 /workerman/server.php(143): Workerman\Worker::runAll()
#10 {main}
TypeError: Unsupported operand types: int + string in /workerman/server.php:76
Stack trace:
#0 /workerman/vendor/workerman/workerman/src/Connection/TcpConnection.php(792): {closure:/workerman/server.php:66}(Object(Workerman\Connection\TcpConnection), Object(Workerman\Protocols\Http\Request))
#1 [internal function]: Workerman\Connection\TcpConnection->baseRead(Resource id #8791, true, NULL)
#2 /workerman/vendor/workerman/workerman/src/Events/Event.php(250): EventBase->loop()
#3 /workerman/vendor/workerman/workerman/src/Worker.php(1758): Workerman\Events\Event->run()
#4 /workerman/vendor/workerman/workerman/src/Worker.php(1554): Workerman\Worker::forkOneWorkerForLinux(Object(Workerman\Worker))
#5 /workerman/vendor/workerman/workerman/src/Worker.php(1534): Workerman\Worker::forkWorkersForLinux()
#6 /workerman/vendor/workerman/workerman/src/Worker.php(1903): Workerman\Worker::forkWorkers()
#7 /workerman/vendor/workerman/workerman/src/Worker.php(1838): Workerman\Worker::monitorWorkersForLinux()
#8 /workerman/vendor/workerman/workerman/src/Worker.php(605): Workerman\Worker::monitorWorkers()
#9 /workerman/server.php(143): Workerman\Worker::runAll()
#10 {main}
worker[none:8753] exit with status 64000
worker[none:8754] exit with status 64000
worker[none:8755] exit with status 64000
TypeError: Unsupported operand types: int + string in /workerman/server.php:76
Stack trace:
#0 /workerman/vendor/workerman/workerman/src/Connection/TcpConnection.php(792): {closure:/workerman/server.php:66}(Object(Workerman\Connection\TcpConnection), Object(Workerman\Protocols\Http\Request))
#1 [internal function]: Workerman\Connection\TcpConnection->baseRead(Resource id #8828, true, NULL)
#2 /workerman/vendor/workerman/workerman/src/Events/Event.php(250): EventBase->loop()
#3 /workerman/vendor/workerman/workerman/src/Worker.php(1758): Workerman\Events\Event->run()
#4 /workerman/vendor/workerman/workerman/src/Worker.php(1554): Workerman\Worker::forkOneWorkerForLinux(Object(Workerman\Worker))
#5 /workerman/vendor/workerman/workerman/src/Worker.php(1534): Workerman\Worker::forkWorkersForLinux()
#6 /workerman/vendor/workerman/workerman/src/Worker.php(1903): Workerman\Worker::forkWorkers()
#7 /workerman/vendor/workerman/workerman/src/Worker.php(1838): Workerman\Worker::monitorWorkersForLinux()
#8 /workerman/vendor/workerman/workerman/src/Worker.php(605): Workerman\Worker::monitorWorkers()
#9 /workerman/server.php(143): Workerman\Worker::runAll()
#10 {main}
TypeError: Unsupported operand types: int + string in /workerman/server.php:76
Stack trace:
#0 /workerman/vendor/workerman/workerman/src/Connection/TcpConnection.php(792): {closure:/workerman/server.php:66}(Object(Workerman\Connection\TcpConnection), Object(Workerman\Protocols\Http\Request))
#1 [internal function]: Workerman\Connection\TcpConnection->baseRead(Resource id #8792, true, NULL)
#2 /workerman/vendor/workerman/workerman/src/Events/Event.php(250): EventBase->loop()
#3 /workerman/vendor/workerman/workerman/src/Worker.php(1758): Workerman\Events\Event->run()
#4 /workerman/vendor/workerman/workerman/src/Worker.php(1554): Workerman\Worker::forkOneWorkerForLinux(Object(Workerman\Worker))
#5 /workerman/vendor/workerman/workerman/src/Worker.php(1534): Workerman\Worker::forkWorkersForLinux()
#6 /workerman/vendor/workerman/workerman/src/Worker.php(1903): Workerman\Worker::forkWorkers()
#7 /workerman/vendor/workerman/workerman/src/Worker.php(1838): Workerman\Worker::monitorWorkersForLinux()
#8 /workerman/vendor/workerman/workerman/src/Worker.php(605): Workerman\Worker::monitorWorkers()
#9 /workerman/server.php(143): Workerman\Worker::runAll()
#10 {main}
worker[none:8756] exit with status 64000
TypeError: Unsupported operand types: int + string in /workerman/server.php:76
Stack trace:
#0 /workerman/vendor/workerman/workerman/src/Connection/TcpConnection.php(792): {closure:/workerman/server.php:66}(Object(Workerman\Connection\TcpConnection), Object(Workerman\Protocols\Http\Request))
#1 [internal function]: Workerman\Connection\TcpConnection->baseRead(Resource id #8791, true, NULL)
#2 /workerman/vendor/workerman/workerman/src/Events/Event.php(250): EventBase->loop()
#3 /workerman/vendor/workerman/workerman/src/Worker.php(1758): Workerman\Events\Event->run()
#4 /workerman/vendor/workerman/workerman/src/Worker.php(1554): Workerman\Worker::forkOneWorkerForLinux(Object(Workerman\Worker))
#5 /workerman/vendor/workerman/workerman/src/Worker.php(1534): Workerman\Worker::forkWorkersForLinux()
#6 /workerman/vendor/workerman/workerman/src/Worker.php(1903): Workerman\Worker::forkWorkers()
#7 /workerman/vendor/workerman/workerman/src/Worker.php(1838): Workerman\Worker::monitorWorkersForLinux()
#8 /workerman/vendor/workerman/workerman/src/Worker.php(605): Workerman\Worker::monitorWorkers()
#9 /workerman/server.php(143): Workerman\Worker::runAll()
#10 {main}
TypeError: Unsupported operand types: int + string in /workerman/server.php:76
Stack trace:
#0 /workerman/vendor/workerman/workerman/src/Connection/TcpConnection.php(792): {closure:/workerman/server.php:66}(Object(Workerman\Connection\TcpConnection), Object(Workerman\Protocols\Http\Request))
#1 [internal function]: Workerman\Connection\TcpConnection->baseRead(Resource id #8782, true, NULL)
#2 /workerman/vendor/workerman/workerman/src/Events/Event.php(250): EventBase->loop()
#3 /workerman/vendor/workerman/workerman/src/Worker.php(1758): Workerman\Events\Event->run()
#4 /workerman/vendor/workerman/workerman/src/Worker.php(1554): Workerman\Worker::forkOneWorkerForLinux(Object(Workerman\Worker))
#5 /workerman/vendor/workerman/workerman/src/Worker.php(1534): Workerman\Worker::forkWorkersForLinux()
#6 /workerman/vendor/workerman/workerman/src/Worker.php(1903): Workerman\Worker::forkWorkers()
#7 /workerman/vendor/workerman/workerman/src/Worker.php(1838): Workerman\Worker::monitorWorkersForLinux()
#8 /workerman/vendor/workerman/workerman/src/Worker.php(605): Workerman\Worker::monitorWorkers()
#9 /workerman/server.php(143): Workerman\Worker::runAll()
#10 {main}
TypeError: Unsupported operand types: int + string in /workerman/server.php:76
Stack trace:
#0 /workerman/vendor/workerman/workerman/src/Connection/TcpConnection.php(792): {closure:/workerman/server.php:66}(Object(Workerman\Connection\TcpConnection), Object(Workerman\Protocols\Http\Request))
#1 [internal function]: Workerman\Connection\TcpConnection->baseRead(Resource id #8789, true, NULL)
#2 /workerman/vendor/workerman/workerman/src/Events/Event.php(250): EventBase->loop()
#3 /workerman/vendor/workerman/workerman/src/Worker.php(1758): Workerman\Events\Event->run()
#4 /workerman/vendor/workerman/workerman/src/Worker.php(1554): Workerman\Worker::forkOneWorkerForLinux(Object(Workerman\Worker))
#5 /workerman/vendor/workerman/workerman/src/Worker.php(1534): Workerman\Worker::forkWorkersForLinux()
#6 /workerman/vendor/workerman/workerman/src/Worker.php(1903): Workerman\Worker::forkWorkers()
#7 /workerman/vendor/workerman/workerman/src/Worker.php(1838): Workerman\Worker::monitorWorkersForLinux()
#8 /workerman/vendor/workerman/workerman/src/Worker.php(605): Workerman\Worker::monitorWorkers()
#9 /workerman/server.php(143): Workerman\Worker::runAll()
#10 {main}
worker[none:8757] exit with status 64000
TypeError: Unsupported operand types: int + string in /workerman/server.php:76
Stack trace:
#0 /workerman/vendor/workerman/workerman/src/Connection/TcpConnection.php(792): {closure:/workerman/server.php:66}(Object(Workerman\Connection\TcpConnection), Object(Workerman\Protocols\Http\Request))
#1 [internal function]: Workerman\Connection\TcpConnection->baseRead(Resource id #8803, true, NULL)
#2 /workerman/vendor/workerman/workerman/src/Events/Event.php(250): EventBase->loop()
#3 /workerman/vendor/workerman/workerman/src/Worker.php(1758): Workerman\Events\Event->run()
#4 /workerman/vendor/workerman/workerman/src/Worker.php(1554): Workerman\Worker::forkOneWorkerForLinux(Object(Workerman\Worker))
#5 /workerman/vendor/workerman/workerman/src/Worker.php(1534): Workerman\Worker::forkWorkersForLinux()
#6 /workerman/vendor/workerman/workerman/src/Worker.php(1903): Workerman\Worker::forkWorkers()
#7 /workerman/vendor/workerman/workerman/src/Worker.php(1838): Workerman\Worker::monitorWorkersForLinux()
#8 /workerman/vendor/workerman/workerman/src/Worker.php(605): Workerman\Worker::monitorWorkers()
#9 /workerman/server.php(143): Workerman\Worker::runAll()
#10 {main}
worker[none:8758] exit with status 64000
worker[none:8759] exit with status 64000
worker[none:8760] exit with status 64000
TypeError: Unsupported operand types: int + string in /workerman/server.php:76
Stack trace:
#0 /workerman/vendor/workerman/workerman/src/Connection/TcpConnection.php(792): {closure:/workerman/server.php:66}(Object(Workerman\Connection\TcpConnection), Object(Workerman\Protocols\Http\Request))
#1 [internal function]: Workerman\Connection\TcpConnection->baseRead(Resource id #8789, true, NULL)
#2 /workerman/vendor/workerman/workerman/src/Events/Event.php(250): EventBase->loop()
#3 /workerman/vendor/workerman/workerman/src/Worker.php(1758): Workerman\Events\Event->run()
#4 /workerman/vendor/workerman/workerman/src/Worker.php(1554): Workerman\Worker::forkOneWorkerForLinux(Object(Workerman\Worker))
#5 /workerman/vendor/workerman/workerman/src/Worker.php(1534): Workerman\Worker::forkWorkersForLinux()
#6 /workerman/vendor/workerman/workerman/src/Worker.php(1903): Workerman\Worker::forkWorkers()
#7 /workerman/vendor/workerman/workerman/src/Worker.php(1838): Workerman\Worker::monitorWorkersForLinux()
#8 /workerman/vendor/workerman/workerman/src/Worker.php(605): Workerman\Worker::monitorWorkers()
#9 /workerman/server.php(143): Workerman\Worker::runAll()
#10 {main}
worker[none:8761] exit with status 64000
TypeError: Unsupported operand types: int + string in /workerman/server.php:76
Stack trace:
#0 /workerman/vendor/workerman/workerman/src/Connection/TcpConnection.php(792): {closure:/workerman/server.php:66}(Object(Workerman\Connection\TcpConnection), Object(Workerman\Protocols\Http\Request))
#1 [internal function]: Workerman\Connection\TcpConnection->baseRead(Resource id #8791, true, NULL)
#2 /workerman/vendor/workerman/workerman/src/Events/Event.php(250): EventBase->loop()
#3 /workerman/vendor/workerman/workerman/src/Worker.php(1758): Workerman\Events\Event->run()
#4 /workerman/vendor/workerman/workerman/src/Worker.php(1554): Workerman\Worker::forkOneWorkerForLinux(Object(Workerman\Worker))
#5 /workerman/vendor/workerman/workerman/src/Worker.php(1534): Workerman\Worker::forkWorkersForLinux()
#6 /workerman/vendor/workerman/workerman/src/Worker.php(1903): Workerman\Worker::forkWorkers()
#7 /workerman/vendor/workerman/workerman/src/Worker.php(1838): Workerman\Worker::monitorWorkersForLinux()
#8 /workerman/vendor/workerman/workerman/src/Worker.php(605): Workerman\Worker::monitorWorkers()
#9 /workerman/server.php(143): Workerman\Worker::runAll()
#10 {main}
worker[none:8762] exit with status 64000
worker[none:8763] exit with status 64000
TypeError: Unsupported operand types: int + string in /workerman/server.php:76
Stack trace:
#0 /workerman/vendor/workerman/workerman/src/Connection/TcpConnection.php(792): {closure:/workerman/server.php:66}(Object(Workerman\Connection\TcpConnection), Object(Workerman\Protocols\Http\Request))
#1 [internal function]: Workerman\Connection\TcpConnection->baseRead(Resource id #8789, true, NULL)
#2 /workerman/vendor/workerman/workerman/src/Events/Event.php(250): EventBase->loop()
#3 /workerman/vendor/workerman/workerman/src/Worker.php(1758): Workerman\Events\Event->run()
#4 /workerman/vendor/workerman/workerman/src/Worker.php(1554): Workerman\Worker::forkOneWorkerForLinux(Object(Workerman\Worker))
#5 /workerman/vendor/workerman/workerman/src/Worker.php(1534): Workerman\Worker::forkWorkersForLinux()
#6 /workerman/vendor/workerman/workerman/src/Worker.php(1903): Workerman\Worker::forkWorkers()
#7 /workerman/vendor/workerman/workerman/src/Worker.php(1838): Workerman\Worker::monitorWorkersForLinux()
#8 /workerman/vendor/workerman/workerman/src/Worker.php(605): Workerman\Worker::monitorWorkers()
#9 /workerman/server.php(143): Workerman\Worker::runAll()
#10 {main}
worker[none:8764] exit with status 64000
TypeError: Unsupported operand types: int + string in /workerman/server.php:76
Stack trace:
#0 /workerman/vendor/workerman/workerman/src/Connection/TcpConnection.php(792): {closure:/workerman/server.php:66}(Object(Workerman\Connection\TcpConnection), Object(Workerman\Protocols\Http\Request))
#1 [internal function]: Workerman\Connection\TcpConnection->baseRead(Resource id #8799, true, NULL)
#2 /workerman/vendor/workerman/workerman/src/Events/Event.php(250): EventBase->loop()
#3 /workerman/vendor/workerman/workerman/src/Worker.php(1758): Workerman\Events\Event->run()
#4 /workerman/vendor/workerman/workerman/src/Worker.php(1554): Workerman\Worker::forkOneWorkerForLinux(Object(Workerman\Worker))
#5 /workerman/vendor/workerman/workerman/src/Worker.php(1534): Workerman\Worker::forkWorkersForLinux()
#6 /workerman/vendor/workerman/workerman/src/Worker.php(1903): Workerman\Worker::forkWorkers()
#7 /workerman/vendor/workerman/workerman/src/Worker.php(1838): Workerman\Worker::monitorWorkersForLinux()
#8 /workerman/vendor/workerman/workerman/src/Worker.php(605): Workerman\Worker::monitorWorkers()
#9 /workerman/server.php(143): Workerman\Worker::runAll()
#10 {main}
TypeError: Unsupported operand types: int + string in /workerman/server.php:76
Stack trace:
#0 /workerman/vendor/workerman/workerman/src/Connection/TcpConnection.php(792): {closure:/workerman/server.php:66}(Object(Workerman\Connection\TcpConnection), Object(Workerman\Protocols\Http\Request))
#1 [internal function]: Workerman\Connection\TcpConnection->baseRead(Resource id #8801, true, NULL)
#2 /workerman/vendor/workerman/workerman/src/Events/Event.php(250): EventBase->loop()
#3 /workerman/vendor/workerman/workerman/src/Worker.php(1758): Workerman\Events\Event->run()
#4 /workerman/vendor/workerman/workerman/src/Worker.php(1554): Workerman\Worker::forkOneWorkerForLinux(Object(Workerman\Worker))
#5 /workerman/vendor/workerman/workerman/src/Worker.php(1534): Workerman\Worker::forkWorkersForLinux()
#6 /workerman/vendor/workerman/workerman/src/Worker.php(1903): Workerman\Worker::forkWorkers()
#7 /workerman/vendor/workerman/workerman/src/Worker.php(1838): Workerman\Worker::monitorWorkersForLinux()
#8 /workerman/vendor/workerman/workerman/src/Worker.php(605): Workerman\Worker::monitorWorkers()
#9 /workerman/server.php(143): Workerman\Worker::runAll()
#10 {main}
worker[none:8765] exit with status 64000
TypeError: Unsupported operand types: int + string in /workerman/server.php:76
Stack trace:
#0 /workerman/vendor/workerman/workerman/src/Connection/TcpConnection.php(792): {closure:/workerman/server.php:66}(Object(Workerman\Connection\TcpConnection), Object(Workerman\Protocols\Http\Request))
#1 [internal function]: Workerman\Connection\TcpConnection->baseRead(Resource id #8793, true, NULL)
#2 /workerman/vendor/workerman/workerman/src/Events/Event.php(250): EventBase->loop()
#3 /workerman/vendor/workerman/workerman/src/Worker.php(1758): Workerman\Events\Event->run()
#4 /workerman/vendor/workerman/workerman/src/Worker.php(1554): Workerman\Worker::forkOneWorkerForLinux(Object(Workerman\Worker))
#5 /workerman/vendor/workerman/workerman/src/Worker.php(1534): Workerman\Worker::forkWorkersForLinux()
#6 /workerman/vendor/workerman/workerman/src/Worker.php(1903): Workerman\Worker::forkWorkers()
#7 /workerman/vendor/workerman/workerman/src/Worker.php(1838): Workerman\Worker::monitorWorkersForLinux()
#8 /workerman/vendor/workerman/workerman/src/Worker.php(605): Workerman\Worker::monitorWorkers()
#9 /workerman/server.php(143): Workerman\Worker::runAll()
#10 {main}
TypeError: Unsupported operand types: int + string in /workerman/server.php:76
Stack trace:
#0 /workerman/vendor/workerman/workerman/src/Connection/TcpConnection.php(792): {closure:/workerman/server.php:66}(Object(Workerman\Connection\TcpConnection), Object(Workerman\Protocols\Http\Request))
#1 [internal function]: Workerman\Connection\TcpConnection->baseRead(Resource id #8800, true, NULL)
#2 /workerman/vendor/workerman/workerman/src/Events/Event.php(250): EventBase->loop()
#3 /workerman/vendor/workerman/workerman/src/Worker.php(1758): Workerman\Events\Event->run()
#4 /workerman/vendor/workerman/workerman/src/Worker.php(1554): Workerman\Worker::forkOneWorkerForLinux(Object(Workerman\Worker))
#5 /workerman/vendor/workerman/workerman/src/Worker.php(1534): Workerman\Worker::forkWorkersForLinux()
#6 /workerman/vendor/workerman/workerman/src/Worker.php(1903): Workerman\Worker::forkWorkers()
#7 /workerman/vendor/workerman/workerman/src/Worker.php(1838): Workerman\Worker::monitorWorkersForLinux()
#8 /workerman/vendor/workerman/workerman/src/Worker.php(605): Workerman\Worker::monitorWorkers()
#9 /workerman/server.php(143): Workerman\Worker::runAll()
#10 {main}
worker[none:8766] exit with status 64000
worker[none:8767] exit with status 64000
worker[none:8768] exit with status 64000
TypeError: Unsupported operand types: int + string in /workerman/server.php:76
Stack trace:
#0 /workerman/vendor/workerman/workerman/src/Connection/TcpConnection.php(792): {closure:/workerman/server.php:66}(Object(Workerman\Connection\TcpConnection), Object(Workerman\Protocols\Http\Request))
#1 [internal function]: Workerman\Connection\TcpConnection->baseRead(Resource id #8800, true, NULL)
#2 /workerman/vendor/workerman/workerman/src/Events/Event.php(250): EventBase->loop()
#3 /workerman/vendor/workerman/workerman/src/Worker.php(1758): Workerman\Events\Event->run()
#4 /workerman/vendor/workerman/workerman/src/Worker.php(1554): Workerman\Worker::forkOneWorkerForLinux(Object(Workerman\Worker))
#5 /workerman/vendor/workerman/workerman/src/Worker.php(1534): Workerman\Worker::forkWorkersForLinux()
#6 /workerman/vendor/workerman/workerman/src/Worker.php(1903): Workerman\Worker::forkWorkers()
#7 /workerman/vendor/workerman/workerman/src/Worker.php(1838): Workerman\Worker::monitorWorkersForLinux()
#8 /workerman/vendor/workerman/workerman/src/Worker.php(605): Workerman\Worker::monitorWorkers()
#9 /workerman/server.php(143): Workerman\Worker::runAll()
#10 {main}
worker[none:8769] exit with status 64000
TypeError: Unsupported operand types: int + string in /workerman/server.php:76
Stack trace:
#0 /workerman/vendor/workerman/workerman/src/Connection/TcpConnection.php(792): {closure:/workerman/server.php:66}(Object(Workerman\Connection\TcpConnection), Object(Workerman\Protocols\Http\Request))
#1 [internal function]: Workerman\Connection\TcpConnection->baseRead(Resource id #8811, true, NULL)
#2 /workerman/vendor/workerman/workerman/src/Events/Event.php(250): EventBase->loop()
#3 /workerman/vendor/workerman/workerman/src/Worker.php(1758): Workerman\Events\Event->run()
#4 /workerman/vendor/workerman/workerman/src/Worker.php(1554): Workerman\Worker::forkOneWorkerForLinux(Object(Workerman\Worker))
#5 /workerman/vendor/workerman/workerman/src/Worker.php(1534): Workerman\Worker::forkWorkersForLinux()
#6 /workerman/vendor/workerman/workerman/src/Worker.php(1903): Workerman\Worker::forkWorkers()
#7 /workerman/vendor/workerman/workerman/src/Worker.php(1838): Workerman\Worker::monitorWorkersForLinux()
#8 /workerman/vendor/workerman/workerman/src/Worker.php(605): Workerman\Worker::monitorWorkers()
#9 /workerman/server.php(143): Workerman\Worker::runAll()
#10 {main}
TypeError: Unsupported operand types: int + string in /workerman/server.php:76
Stack trace:
#0 /workerman/vendor/workerman/workerman/src/Connection/TcpConnection.php(792): {closure:/workerman/server.php:66}(Object(Workerman\Connection\TcpConnection), Object(Workerman\Protocols\Http\Request))
#1 [internal function]: Workerman\Connection\TcpConnection->baseRead(Resource id #8806, true, NULL)
#2 /workerman/vendor/workerman/workerman/src/Events/Event.php(250): EventBase->loop()
#3 /workerman/vendor/workerman/workerman/src/Worker.php(1758): Workerman\Events\Event->run()
#4 /workerman/vendor/workerman/workerman/src/Worker.php(1554): Workerman\Worker::forkOneWorkerForLinux(Object(Workerman\Worker))
#5 /workerman/vendor/workerman/workerman/src/Worker.php(1534): Workerman\Worker::forkWorkersForLinux()
#6 /workerman/vendor/workerman/workerman/src/Worker.php(1903): Workerman\Worker::forkWorkers()
#7 /workerman/vendor/workerman/workerman/src/Worker.php(1838): Workerman\Worker::monitorWorkersForLinux()
#8 /workerman/vendor/workerman/workerman/src/Worker.php(605): Workerman\Worker::monitorWorkers()
#9 /workerman/server.php(143): Workerman\Worker::runAll()
#10 {main}
TypeError: Unsupported operand types: int + string in /workerman/server.php:76
Stack trace:
#0 /workerman/vendor/workerman/workerman/src/Connection/TcpConnection.php(792): {closure:/workerman/server.php:66}(Object(Workerman\Connection\TcpConnection), Object(Workerman\Protocols\Http\Request))
#1 [internal function]: Workerman\Connection\TcpConnection->baseRead(Resource id #8797, true, NULL)
#2 /workerman/vendor/workerman/workerman/src/Events/Event.php(250): EventBase->loop()
#3 /workerman/vendor/workerman/workerman/src/Worker.php(1758): Workerman\Events\Event->run()
#4 /workerman/vendor/workerman/workerman/src/Worker.php(1554): Workerman\Worker::forkOneWorkerForLinux(Object(Workerman\Worker))
#5 /workerman/vendor/workerman/workerman/src/Worker.php(1534): Workerman\Worker::forkWorkersForLinux()
#6 /workerman/vendor/workerman/workerman/src/Worker.php(1903): Workerman\Worker::forkWorkers()
#7 /workerman/vendor/workerman/workerman/src/Worker.php(1838): Workerman\Worker::monitorWorkersForLinux()
#8 /workerman/vendor/workerman/workerman/src/Worker.php(605): Workerman\Worker::monitorWorkers()
#9 /workerman/server.php(143): Workerman\Worker::runAll()
#10 {main}
TypeError: Unsupported operand types: int + string in /workerman/server.php:76
Stack trace:
#0 /workerman/vendor/workerman/workerman/src/Connection/TcpConnection.php(792): {closure:/workerman/server.php:66}(Object(Workerman\Connection\TcpConnection), Object(Workerman\Protocols\Http\Request))
#1 [internal function]: Workerman\Connection\TcpConnection->baseRead(Resource id #8799, true, NULL)
#2 /workerman/vendor/workerman/workerman/src/Events/Event.php(250): EventBase->loop()
#3 /workerman/vendor/workerman/workerman/src/Worker.php(1758): Workerman\Events\Event->run()
#4 /workerman/vendor/workerman/workerman/src/Worker.php(1554): Workerman\Worker::forkOneWorkerForLinux(Object(Workerman\Worker))
#5 /workerman/vendor/workerman/workerman/src/Worker.php(1534): Workerman\Worker::forkWorkersForLinux()
#6 /workerman/vendor/workerman/workerman/src/Worker.php(1903): Workerman\Worker::forkWorkers()
#7 /workerman/vendor/workerman/workerman/src/Worker.php(1838): Workerman\Worker::monitorWorkersForLinux()
#8 /workerman/vendor/workerman/workerman/src/Worker.php(605): Workerman\Worker::monitorWorkers()
#9 /workerman/server.php(143): Workerman\Worker::runAll()
#10 {main}
worker[none:8770] exit with status 64000
worker[none:8771] exit with status 64000
TypeError: Unsupported operand types: int + string in /workerman/server.php:76
Stack trace:
#0 /workerman/vendor/workerman/workerman/src/Connection/TcpConnection.php(792): {closure:/workerman/server.php:66}(Object(Workerman\Connection\TcpConnection), Object(Workerman\Protocols\Http\Request))
#1 [internal function]: Workerman\Connection\TcpConnection->baseRead(Resource id #8806, true, NULL)
#2 /workerman/vendor/workerman/workerman/src/Events/Event.php(250): EventBase->loop()
#3 /workerman/vendor/workerman/workerman/src/Worker.php(1758): Workerman\Events\Event->run()
#4 /workerman/vendor/workerman/workerman/src/Worker.php(1554): Workerman\Worker::forkOneWorkerForLinux(Object(Workerman\Worker))
#5 /workerman/vendor/workerman/workerman/src/Worker.php(1534): Workerman\Worker::forkWorkersForLinux()
#6 /workerman/vendor/workerman/workerman/src/Worker.php(1903): Workerman\Worker::forkWorkers()
#7 /workerman/vendor/workerman/workerman/src/Worker.php(1838): Workerman\Worker::monitorWorkersForLinux()
#8 /workerman/vendor/workerman/workerman/src/Worker.php(605): Workerman\Worker::monitorWorkers()
#9 /workerman/server.php(143): Workerman\Worker::runAll()
#10 {main}
worker[none:8772] exit with status 64000
worker[none:8773] exit with status 64000
TypeError: Unsupported operand types: int + string in /workerman/server.php:76
Stack trace:
#0 /workerman/vendor/workerman/workerman/src/Connection/TcpConnection.php(792): {closure:/workerman/server.php:66}(Object(Workerman\Connection\TcpConnection), Object(Workerman\Protocols\Http\Request))
#1 [internal function]: Workerman\Connection\TcpConnection->baseRead(Resource id #8801, true, NULL)
#2 /workerman/vendor/workerman/workerman/src/Events/Event.php(250): EventBase->loop()
#3 /workerman/vendor/workerman/workerman/src/Worker.php(1758): Workerman\Events\Event->run()
#4 /workerman/vendor/workerman/workerman/src/Worker.php(1554): Workerman\Worker::forkOneWorkerForLinux(Object(Workerman\Worker))
#5 /workerman/vendor/workerman/workerman/src/Worker.php(1534): Workerman\Worker::forkWorkersForLinux()
#6 /workerman/vendor/workerman/workerman/src/Worker.php(1903): Workerman\Worker::forkWorkers()
#7 /workerman/vendor/workerman/workerman/src/Worker.php(1838): Workerman\Worker::monitorWorkersForLinux()
#8 /workerman/vendor/workerman/workerman/src/Worker.php(605): Workerman\Worker::monitorWorkers()
#9 /workerman/server.php(143): Workerman\Worker::runAll()
#10 {main}
TypeError: Unsupported operand types: int + string in /workerman/server.php:76
Stack trace:
#0 /workerman/vendor/workerman/workerman/src/Connection/TcpConnection.php(792): {closure:/workerman/server.php:66}(Object(Workerman\Connection\TcpConnection), Object(Workerman\Protocols\Http\Request))
#1 [internal function]: Workerman\Connection\TcpConnection->baseRead(Resource id #8811, true, NULL)
#2 /workerman/vendor/workerman/workerman/src/Events/Event.php(250): EventBase->loop()
#3 /workerman/vendor/workerman/workerman/src/Worker.php(1758): Workerman\Events\Event->run()
#4 /workerman/vendor/workerman/workerman/src/Worker.php(1554): Workerman\Worker::forkOneWorkerForLinux(Object(Workerman\Worker))
#5 /workerman/vendor/workerman/workerman/src/Worker.php(1534): Workerman\Worker::forkWorkersForLinux()
#6 /workerman/vendor/workerman/workerman/src/Worker.php(1903): Workerman\Worker::forkWorkers()
#7 /workerman/vendor/workerman/workerman/src/Worker.php(1838): Workerman\Worker::monitorWorkersForLinux()
#8 /workerman/vendor/workerman/workerman/src/Worker.php(605): Workerman\Worker::monitorWorkers()
#9 /workerman/server.php(143): Workerman\Worker::runAll()
#10 {main}
worker[none:8774] exit with status 64000
worker[none:8775] exit with status 64000
TypeError: Unsupported operand types: int + string in /workerman/server.php:76
Stack trace:
#0 /workerman/vendor/workerman/workerman/src/Connection/TcpConnection.php(792): {closure:/workerman/server.php:66}(Object(Workerman\Connection\TcpConnection), Object(Workerman\Protocols\Http\Request))
#1 [internal function]: Workerman\Connection\TcpConnection->baseRead(Resource id #8819, true, NULL)
#2 /workerman/vendor/workerman/workerman/src/Events/Event.php(250): EventBase->loop()
#3 /workerman/vendor/workerman/workerman/src/Worker.php(1758): Workerman\Events\Event->run()
#4 /workerman/vendor/workerman/workerman/src/Worker.php(1554): Workerman\Worker::forkOneWorkerForLinux(Object(Workerman\Worker))
#5 /workerman/vendor/workerman/workerman/src/Worker.php(1534): Workerman\Worker::forkWorkersForLinux()
#6 /workerman/vendor/workerman/workerman/src/Worker.php(1903): Workerman\Worker::forkWorkers()
#7 /workerman/vendor/workerman/workerman/src/Worker.php(1838): Workerman\Worker::monitorWorkersForLinux()
#8 /workerman/vendor/workerman/workerman/src/Worker.php(605): Workerman\Worker::monitorWorkers()
#9 /workerman/server.php(143): Workerman\Worker::runAll()
#10 {main}
worker[none:8776] exit with status 64000
TypeError: Unsupported operand types: int + string in /workerman/server.php:76
Stack trace:
#0 /workerman/vendor/workerman/workerman/src/Connection/TcpConnection.php(792): {closure:/workerman/server.php:66}(Object(Workerman\Connection\TcpConnection), Object(Workerman\Protocols\Http\Request))
#1 [internal function]: Workerman\Connection\TcpConnection->baseRead(Resource id #8820, true, NULL)
#2 /workerman/vendor/workerman/workerman/src/Events/Event.php(250): EventBase->loop()
#3 /workerman/vendor/workerman/workerman/src/Worker.php(1758): Workerman\Events\Event->run()
#4 /workerman/vendor/workerman/workerman/src/Worker.php(1554): Workerman\Worker::forkOneWorkerForLinux(Object(Workerman\Worker))
#5 /workerman/vendor/workerman/workerman/src/Worker.php(1534): Workerman\Worker::forkWorkersForLinux()
#6 /workerman/vendor/workerman/workerman/src/Worker.php(1903): Workerman\Worker::forkWorkers()
#7 /workerman/vendor/workerman/workerman/src/Worker.php(1838): Workerman\Worker::monitorWorkersForLinux()
#8 /workerman/vendor/workerman/workerman/src/Worker.php(605): Workerman\Worker::monitorWorkers()
#9 /workerman/server.php(143): Workerman\Worker::runAll()
#10 {main}
worker[none:8777] exit with status 64000
TypeError: Unsupported operand types: int + string in /workerman/server.php:76
Stack trace:
#0 /workerman/vendor/workerman/workerman/src/Connection/TcpConnection.php(792): {closure:/workerman/server.php:66}(Object(Workerman\Connection\TcpConnection), Object(Workerman\Protocols\Http\Request))
#1 [internal function]: Workerman\Connection\TcpConnection->baseRead(Resource id #8810, true, NULL)
#2 /workerman/vendor/workerman/workerman/src/Events/Event.php(250): EventBase->loop()
#3 /workerman/vendor/workerman/workerman/src/Worker.php(1758): Workerman\Events\Event->run()
#4 /workerman/vendor/workerman/workerman/src/Worker.php(1554): Workerman\Worker::forkOneWorkerForLinux(Object(Workerman\Worker))
#5 /workerman/vendor/workerman/workerman/src/Worker.php(1534): Workerman\Worker::forkWorkersForLinux()
#6 /workerman/vendor/workerman/workerman/src/Worker.php(1903): Workerman\Worker::forkWorkers()
#7 /workerman/vendor/workerman/workerman/src/Worker.php(1838): Workerman\Worker::monitorWorkersForLinux()
#8 /workerman/vendor/workerman/workerman/src/Worker.php(605): Workerman\Worker::monitorWorkers()
#9 /workerman/server.php(143): Workerman\Worker::runAll()
#10 {main}
TypeError: Unsupported operand types: int + string in /workerman/server.php:76
Stack trace:
#0 /workerman/vendor/workerman/workerman/src/Connection/TcpConnection.php(792): {closure:/workerman/server.php:66}(Object(Workerman\Connection\TcpConnection), Object(Workerman\Protocols\Http\Request))
#1 [internal function]: Workerman\Connection\TcpConnection->baseRead(Resource id #8818, true, NULL)
#2 /workerman/vendor/workerman/workerman/src/Events/Event.php(250): EventBase->loop()
#3 /workerman/vendor/workerman/workerman/src/Worker.php(1758): Workerman\Events\Event->run()
#4 /workerman/vendor/workerman/workerman/src/Worker.php(1554): Workerman\Worker::forkOneWorkerForLinux(Object(Workerman\Worker))
#5 /workerman/vendor/workerman/workerman/src/Worker.php(1534): Workerman\Worker::forkWorkersForLinux()
#6 /workerman/vendor/workerman/workerman/src/Worker.php(1903): Workerman\Worker::forkWorkers()
#7 /workerman/vendor/workerman/workerman/src/Worker.php(1838): Workerman\Worker::monitorWorkersForLinux()
#8 /workerman/vendor/workerman/workerman/src/Worker.php(605): Workerman\Worker::monitorWorkers()
#9 /workerman/server.php(143): Workerman\Worker::runAll()
#10 {main}
TypeError: Unsupported operand types: int + string in /workerman/server.php:76
Stack trace:
#0 /workerman/vendor/workerman/workerman/src/Connection/TcpConnection.php(792): {closure:/workerman/server.php:66}(Object(Workerman\Connection\TcpConnection), Object(Workerman\Protocols\Http\Request))
#1 [internal function]: Workerman\Connection\TcpConnection->baseRead(Resource id #8806, true, NULL)
#2 /workerman/vendor/workerman/workerman/src/Events/Event.php(250): EventBase->loop()
#3 /workerman/vendor/workerman/workerman/src/Worker.php(1758): Workerman\Events\Event->run()
#4 /workerman/vendor/workerman/workerman/src/Worker.php(1554): Workerman\Worker::forkOneWorkerForLinux(Object(Workerman\Worker))
#5 /workerman/vendor/workerman/workerman/src/Worker.php(1534): Workerman\Worker::forkWorkersForLinux()
#6 /workerman/vendor/workerman/workerman/src/Worker.php(1903): Workerman\Worker::forkWorkers()
#7 /workerman/vendor/workerman/workerman/src/Worker.php(1838): Workerman\Worker::monitorWorkersForLinux()
#8 /workerman/vendor/workerman/workerman/src/Worker.php(605): Workerman\Worker::monitorWorkers()
#9 /workerman/server.php(143): Workerman\Worker::runAll()
#10 {main}
worker[none:8778] exit with status 64000
TypeError: Unsupported operand types: int + string in /workerman/server.php:76
Stack trace:
#0 /workerman/vendor/workerman/workerman/src/Connection/TcpConnection.php(792): {closure:/workerman/server.php:66}(Object(Workerman\Connection\TcpConnection), Object(Workerman\Protocols\Http\Request))
#1 [internal function]: Workerman\Connection\TcpConnection->baseRead(Resource id #8806, true, NULL)
#2 /workerman/vendor/workerman/workerman/src/Events/Event.php(250): EventBase->loop()
#3 /workerman/vendor/workerman/workerman/src/Worker.php(1758): Workerman\Events\Event->run()
#4 /workerman/vendor/workerman/workerman/src/Worker.php(1554): Workerman\Worker::forkOneWorkerForLinux(Object(Workerman\Worker))
#5 /workerman/vendor/workerman/workerman/src/Worker.php(1534): Workerman\Worker::forkWorkersForLinux()
#6 /workerman/vendor/workerman/workerman/src/Worker.php(1903): Workerman\Worker::forkWorkers()
#7 /workerman/vendor/workerman/workerman/src/Worker.php(1838): Workerman\Worker::monitorWorkersForLinux()
#8 /workerman/vendor/workerman/workerman/src/Worker.php(605): Workerman\Worker::monitorWorkers()
#9 /workerman/server.php(143): Workerman\Worker::runAll()
#10 {main}
worker[none:8779] exit with status 64000
worker[none:8780] exit with status 64000
worker[none:8781] exit with status 64000
TypeError: Unsupported operand types: int + string in /workerman/server.php:76
Stack trace:
#0 /workerman/vendor/workerman/workerman/src/Connection/TcpConnection.php(792): {closure:/workerman/server.php:66}(Object(Workerman\Connection\TcpConnection), Object(Workerman\Protocols\Http\Request))
#1 [internal function]: Workerman\Connection\TcpConnection->baseRead(Resource id #8811, true, NULL)
#2 /workerman/vendor/workerman/workerman/src/Events/Event.php(250): EventBase->loop()
#3 /workerman/vendor/workerman/workerman/src/Worker.php(1758): Workerman\Events\Event->run()
#4 /workerman/vendor/workerman/workerman/src/Worker.php(1554): Workerman\Worker::forkOneWorkerForLinux(Object(Workerman\Worker))
#5 /workerman/vendor/workerman/workerman/src/Worker.php(1534): Workerman\Worker::forkWorkersForLinux()
#6 /workerman/vendor/workerman/workerman/src/Worker.php(1903): Workerman\Worker::forkWorkers()
#7 /workerman/vendor/workerman/workerman/src/Worker.php(1838): Workerman\Worker::monitorWorkersForLinux()
#8 /workerman/vendor/workerman/workerman/src/Worker.php(605): Workerman\Worker::monitorWorkers()
#9 /workerman/server.php(143): Workerman\Worker::runAll()
#10 {main}
TypeError: Unsupported operand types: int + string in /workerman/server.php:76
Stack trace:
#0 /workerman/vendor/workerman/workerman/src/Connection/TcpConnection.php(792): {closure:/workerman/server.php:66}(Object(Workerman\Connection\TcpConnection), Object(Workerman\Protocols\Http\Request))
#1 [internal function]: Workerman\Connection\TcpConnection->baseRead(Resource id #8814, true, NULL)
#2 /workerman/vendor/workerman/workerman/src/Events/Event.php(250): EventBase->loop()
#3 /workerman/vendor/workerman/workerman/src/Worker.php(1758): Workerman\Events\Event->run()
#4 /workerman/vendor/workerman/workerman/src/Worker.php(1554): Workerman\Worker::forkOneWorkerForLinux(Object(Workerman\Worker))
#5 /workerman/vendor/workerman/workerman/src/Worker.php(1534): Workerman\Worker::forkWorkersForLinux()
#6 /workerman/vendor/workerman/workerman/src/Worker.php(1903): Workerman\Worker::forkWorkers()
#7 /workerman/vendor/workerman/workerman/src/Worker.php(1838): Workerman\Worker::monitorWorkersForLinux()
#8 /workerman/vendor/workerman/workerman/src/Worker.php(605): Workerman\Worker::monitorWorkers()
#9 /workerman/server.php(143): Workerman\Worker::runAll()
#10 {main}
TypeError: Unsupported operand types: int + string in /workerman/server.php:76
Stack trace:
#0 /workerman/vendor/workerman/workerman/src/Connection/TcpConnection.php(792): {closure:/workerman/server.php:66}(Object(Workerman\Connection\TcpConnection), Object(Workerman\Protocols\Http\Request))
#1 [internal function]: Workerman\Connection\TcpConnection->baseRead(Resource id #8824, true, NULL)
#2 /workerman/vendor/workerman/workerman/src/Events/Event.php(250): EventBase->loop()
#3 /workerman/vendor/workerman/workerman/src/Worker.php(1758): Workerman\Events\Event->run()
#4 /workerman/vendor/workerman/workerman/src/Worker.php(1554): Workerman\Worker::forkOneWorkerForLinux(Object(Workerman\Worker))
#5 /workerman/vendor/workerman/workerman/src/Worker.php(1534): Workerman\Worker::forkWorkersForLinux()
#6 /workerman/vendor/workerman/workerman/src/Worker.php(1903): Workerman\Worker::forkWorkers()
#7 /workerman/vendor/workerman/workerman/src/Worker.php(1838): Workerman\Worker::monitorWorkersForLinux()
#8 /workerman/vendor/workerman/workerman/src/Worker.php(605): Workerman\Worker::monitorWorkers()
#9 /workerman/server.php(143): Workerman\Worker::runAll()
#10 {main}
worker[none:8782] exit with status 64000
TypeError: Unsupported operand types: int + string in /workerman/server.php:76
Stack trace:
#0 /workerman/vendor/workerman/workerman/src/Connection/TcpConnection.php(792): {closure:/workerman/server.php:66}(Object(Workerman\Connection\TcpConnection), Object(Workerman\Protocols\Http\Request))
#1 [internal function]: Workerman\Connection\TcpConnection->baseRead(Resource id #8811, true, NULL)
#2 /workerman/vendor/workerman/workerman/src/Events/Event.php(250): EventBase->loop()
#3 /workerman/vendor/workerman/workerman/src/Worker.php(1758): Workerman\Events\Event->run()
#4 /workerman/vendor/workerman/workerman/src/Worker.php(1554): Workerman\Worker::forkOneWorkerForLinux(Object(Workerman\Worker))
#5 /workerman/vendor/workerman/workerman/src/Worker.php(1534): Workerman\Worker::forkWorkersForLinux()
#6 /workerman/vendor/workerman/workerman/src/Worker.php(1903): Workerman\Worker::forkWorkers()
#7 /workerman/vendor/workerman/workerman/src/Worker.php(1838): Workerman\Worker::monitorWorkersForLinux()
#8 /workerman/vendor/workerman/workerman/src/Worker.php(605): Workerman\Worker::monitorWorkers()
#9 /workerman/server.php(143): Workerman\Worker::runAll()
#10 {main}
TypeError: Unsupported operand types: int + string in /workerman/server.php:76
Stack trace:
#0 /workerman/vendor/workerman/workerman/src/Connection/TcpConnection.php(792): {closure:/workerman/server.php:66}(Object(Workerman\Connection\TcpConnection), Object(Workerman\Protocols\Http\Request))
#1 [internal function]: Workerman\Connection\TcpConnection->baseRead(Resource id #8813, true, NULL)
#2 /workerman/vendor/workerman/workerman/src/Events/Event.php(250): EventBase->loop()
#3 /workerman/vendor/workerman/workerman/src/Worker.php(1758): Workerman\Events\Event->run()
#4 /workerman/vendor/workerman/workerman/src/Worker.php(1554): Workerman\Worker::forkOneWorkerForLinux(Object(Workerman\Worker))
#5 /workerman/vendor/workerman/workerman/src/Worker.php(1534): Workerman\Worker::forkWorkersForLinux()
#6 /workerman/vendor/workerman/workerman/src/Worker.php(1903): Workerman\Worker::forkWorkers()
#7 /workerman/vendor/workerman/workerman/src/Worker.php(1838): Workerman\Worker::monitorWorkersForLinux()
#8 /workerman/vendor/workerman/workerman/src/Worker.php(605): Workerman\Worker::monitorWorkers()
#9 /workerman/server.php(143): Workerman\Worker::runAll()
#10 {main}
worker[none:8783] exit with status 64000
worker[none:8784] exit with status 64000
worker[none:8785] exit with status 64000
worker[none:8786] exit with status 64000
TypeError: Unsupported operand types: int + string in /workerman/server.php:76
Stack trace:
#0 /workerman/vendor/workerman/workerman/src/Connection/TcpConnection.php(792): {closure:/workerman/server.php:66}(Object(Workerman\Connection\TcpConnection), Object(Workerman\Protocols\Http\Request))
#1 [internal function]: Workerman\Connection\TcpConnection->baseRead(Resource id #8832, true, NULL)
#2 /workerman/vendor/workerman/workerman/src/Events/Event.php(250): EventBase->loop()
#3 /workerman/vendor/workerman/workerman/src/Worker.php(1758): Workerman\Events\Event->run()
#4 /workerman/vendor/workerman/workerman/src/Worker.php(1554): Workerman\Worker::forkOneWorkerForLinux(Object(Workerman\Worker))
#5 /workerman/vendor/workerman/workerman/src/Worker.php(1534): Workerman\Worker::forkWorkersForLinux()
#6 /workerman/vendor/workerman/workerman/src/Worker.php(1903): Workerman\Worker::forkWorkers()
#7 /workerman/vendor/workerman/workerman/src/Worker.php(1838): Workerman\Worker::monitorWorkersForLinux()
#8 /workerman/vendor/workerman/workerman/src/Worker.php(605): Workerman\Worker::monitorWorkers()
#9 /workerman/server.php(143): Workerman\Worker::runAll()
#10 {main}
worker[none:8787] exit with status 64000
TypeError: Unsupported operand types: int + string in /workerman/server.php:76
Stack trace:
#0 /workerman/vendor/workerman/workerman/src/Connection/TcpConnection.php(792): {closure:/workerman/server.php:66}(Object(Workerman\Connection\TcpConnection), Object(Workerman\Protocols\Http\Request))
#1 [internal function]: Workerman\Connection\TcpConnection->baseRead(Resource id #8823, true, NULL)
#2 /workerman/vendor/workerman/workerman/src/Events/Event.php(250): EventBase->loop()
#3 /workerman/vendor/workerman/workerman/src/Worker.php(1758): Workerman\Events\Event->run()
#4 /workerman/vendor/workerman/workerman/src/Worker.php(1554): Workerman\Worker::forkOneWorkerForLinux(Object(Workerman\Worker))
#5 /workerman/vendor/workerman/workerman/src/Worker.php(1534): Workerman\Worker::forkWorkersForLinux()
#6 /workerman/vendor/workerman/workerman/src/Worker.php(1903): Workerman\Worker::forkWorkers()
#7 /workerman/vendor/workerman/workerman/src/Worker.php(1838): Workerman\Worker::monitorWorkersForLinux()
#8 /workerman/vendor/workerman/workerman/src/Worker.php(605): Workerman\Worker::monitorWorkers()
#9 /workerman/server.php(143): Workerman\Worker::runAll()
#10 {main}
TypeError: Unsupported operand types: int + string in /workerman/server.php:76
Stack trace:
#0 /workerman/vendor/workerman/workerman/src/Connection/TcpConnection.php(792): {closure:/workerman/server.php:66}(Object(Workerman\Connection\TcpConnection), Object(Workerman\Protocols\Http\Request))
#1 [internal function]: Workerman\Connection\TcpConnection->baseRead(Resource id #8820, true, NULL)
#2 /workerman/vendor/workerman/workerman/src/Events/Event.php(250): EventBase->loop()
#3 /workerman/vendor/workerman/workerman/src/Worker.php(1758): Workerman\Events\Event->run()
#4 /workerman/vendor/workerman/workerman/src/Worker.php(1554): Workerman\Worker::forkOneWorkerForLinux(Object(Workerman\Worker))
#5 /workerman/vendor/workerman/workerman/src/Worker.php(1534): Workerman\Worker::forkWorkersForLinux()
#6 /workerman/vendor/workerman/workerman/src/Worker.php(1903): Workerman\Worker::forkWorkers()
#7 /workerman/vendor/workerman/workerman/src/Worker.php(1838): Workerman\Worker::monitorWorkersForLinux()
#8 /workerman/vendor/workerman/workerman/src/Worker.php(605): Workerman\Worker::monitorWorkers()
#9 /workerman/server.php(143): Workerman\Worker::runAll()
#10 {main}
TypeError: Unsupported operand types: int + string in /workerman/server.php:76
Stack trace:
#0 /workerman/vendor/workerman/workerman/src/Connection/TcpConnection.php(792): {closure:/workerman/server.php:66}(Object(Workerman\Connection\TcpConnection), Object(Workerman\Protocols\Http\Request))
#1 [internal function]: Workerman\Connection\TcpConnection->baseRead(Resource id #8816, true, NULL)
#2 /workerman/vendor/workerman/workerman/src/Events/Event.php(250): EventBase->loop()
#3 /workerman/vendor/workerman/workerman/src/Worker.php(1758): Workerman\Events\Event->run()
#4 /workerman/vendor/workerman/workerman/src/Worker.php(1554): Workerman\Worker::forkOneWorkerForLinux(Object(Workerman\Worker))
#5 /workerman/vendor/workerman/workerman/src/Worker.php(1534): Workerman\Worker::forkWorkersForLinux()
#6 /workerman/vendor/workerman/workerman/src/Worker.php(1903): Workerman\Worker::forkWorkers()
#7 /workerman/vendor/workerman/workerman/src/Worker.php(1838): Workerman\Worker::monitorWorkersForLinux()
#8 /workerman/vendor/workerman/workerman/src/Worker.php(605): Workerman\Worker::monitorWorkers()
#9 /workerman/server.php(143): Workerman\Worker::runAll()
#10 {main}
worker[none:8788] exit with status 64000
TypeError: Unsupported operand types: int + string in /workerman/server.php:76
Stack trace:
#0 /workerman/vendor/workerman/workerman/src/Connection/TcpConnection.php(792): {closure:/workerman/server.php:66}(Object(Workerman\Connection\TcpConnection), Object(Workerman\Protocols\Http\Request))
#1 [internal function]: Workerman\Connection\TcpConnection->baseRead(Resource id #8816, true, NULL)
#2 /workerman/vendor/workerman/workerman/src/Events/Event.php(250): EventBase->loop()
#3 /workerman/vendor/workerman/workerman/src/Worker.php(1758): Workerman\Events\Event->run()
#4 /workerman/vendor/workerman/workerman/src/Worker.php(1554): Workerman\Worker::forkOneWorkerForLinux(Object(Workerman\Worker))
#5 /workerman/vendor/workerman/workerman/src/Worker.php(1534): Workerman\Worker::forkWorkersForLinux()
#6 /workerman/vendor/workerman/workerman/src/Worker.php(1903): Workerman\Worker::forkWorkers()
#7 /workerman/vendor/workerman/workerman/src/Worker.php(1838): Workerman\Worker::monitorWorkersForLinux()
#8 /workerman/vendor/workerman/workerman/src/Worker.php(605): Workerman\Worker::monitorWorkers()
#9 /workerman/server.php(143): Workerman\Worker::runAll()
#10 {main}
worker[none:8789] exit with status 64000
worker[none:8790] exit with status 64000
worker[none:8791] exit with status 64000
TypeError: Unsupported operand types: int + string in /workerman/server.php:76
Stack trace:
#0 /workerman/vendor/workerman/workerman/src/Connection/TcpConnection.php(792): {closure:/workerman/server.php:66}(Object(Workerman\Connection\TcpConnection), Object(Workerman\Protocols\Http\Request))
#1 [internal function]: Workerman\Connection\TcpConnection->baseRead(Resource id #8821, true, NULL)
#2 /workerman/vendor/workerman/workerman/src/Events/Event.php(250): EventBase->loop()
#3 /workerman/vendor/workerman/workerman/src/Worker.php(1758): Workerman\Events\Event->run()
#4 /workerman/vendor/workerman/workerman/src/Worker.php(1554): Workerman\Worker::forkOneWorkerForLinux(Object(Workerman\Worker))
#5 /workerman/vendor/workerman/workerman/src/Worker.php(1534): Workerman\Worker::forkWorkersForLinux()
#6 /workerman/vendor/workerman/workerman/src/Worker.php(1903): Workerman\Worker::forkWorkers()
#7 /workerman/vendor/workerman/workerman/src/Worker.php(1838): Workerman\Worker::monitorWorkersForLinux()
#8 /workerman/vendor/workerman/workerman/src/Worker.php(605): Workerman\Worker::monitorWorkers()
#9 /workerman/server.php(143): Workerman\Worker::runAll()
#10 {main}
TypeError: Unsupported operand types: int + string in /workerman/server.php:76
Stack trace:
#0 /workerman/vendor/workerman/workerman/src/Connection/TcpConnection.php(792): {closure:/workerman/server.php:66}(Object(Workerman\Connection\TcpConnection), Object(Workerman\Protocols\Http\Request))
#1 [internal function]: Workerman\Connection\TcpConnection->baseRead(Resource id #8821, true, NULL)
#2 /workerman/vendor/workerman/workerman/src/Events/Event.php(250): EventBase->loop()
#3 /workerman/vendor/workerman/workerman/src/Worker.php(1758): Workerman\Events\Event->run()
#4 /workerman/vendor/workerman/workerman/src/Worker.php(1554): Workerman\Worker::forkOneWorkerForLinux(Object(Workerman\Worker))
#5 /workerman/vendor/workerman/workerman/src/Worker.php(1534): Workerman\Worker::forkWorkersForLinux()
#6 /workerman/vendor/workerman/workerman/src/Worker.php(1903): Workerman\Worker::forkWorkers()
#7 /workerman/vendor/workerman/workerman/src/Worker.php(1838): Workerman\Worker::monitorWorkersForLinux()
#8 /workerman/vendor/workerman/workerman/src/Worker.php(605): Workerman\Worker::monitorWorkers()
#9 /workerman/server.php(143): Workerman\Worker::runAll()
#10 {main}
worker[none:8792] exit with status 64000
TypeError: Unsupported operand types: int + string in /workerman/server.php:76
Stack trace:
#0 /workerman/vendor/workerman/workerman/src/Connection/TcpConnection.php(792): {closure:/workerman/server.php:66}(Object(Workerman\Connection\TcpConnection), Object(Workerman\Protocols\Http\Request))
#1 [internal function]: Workerman\Connection\TcpConnection->baseRead(Resource id #8827, true, NULL)
#2 /workerman/vendor/workerman/workerman/src/Events/Event.php(250): EventBase->loop()
#3 /workerman/vendor/workerman/workerman/src/Worker.php(1758): Workerman\Events\Event->run()
#4 /workerman/vendor/workerman/workerman/src/Worker.php(1554): Workerman\Worker::forkOneWorkerForLinux(Object(Workerman\Worker))
#5 /workerman/vendor/workerman/workerman/src/Worker.php(1534): Workerman\Worker::forkWorkersForLinux()
#6 /workerman/vendor/workerman/workerman/src/Worker.php(1903): Workerman\Worker::forkWorkers()
#7 /workerman/vendor/workerman/workerman/src/Worker.php(1838): Workerman\Worker::monitorWorkersForLinux()
#8 /workerman/vendor/workerman/workerman/src/Worker.php(605): Workerman\Worker::monitorWorkers()
#9 /workerman/server.php(143): Workerman\Worker::runAll()
#10 {main}
TypeError: Unsupported operand types: int + string in /workerman/server.php:76
Stack trace:
#0 /workerman/vendor/workerman/workerman/src/Connection/TcpConnection.php(792): {closure:/workerman/server.php:66}(Object(Workerman\Connection\TcpConnection), Object(Workerman\Protocols\Http\Request))
#1 [internal function]: Workerman\Connection\TcpConnection->baseRead(Resource id #8844, true, NULL)
#2 /workerman/vendor/workerman/workerman/src/Events/Event.php(250): EventBase->loop()
#3 /workerman/vendor/workerman/workerman/src/Worker.php(1758): Workerman\Events\Event->run()
#4 /workerman/vendor/workerman/workerman/src/Worker.php(1554): Workerman\Worker::forkOneWorkerForLinux(Object(Workerman\Worker))
#5 /workerman/vendor/workerman/workerman/src/Worker.php(1534): Workerman\Worker::forkWorkersForLinux()
#6 /workerman/vendor/workerman/workerman/src/Worker.php(1903): Workerman\Worker::forkWorkers()
#7 /workerman/vendor/workerman/workerman/src/Worker.php(1838): Workerman\Worker::monitorWorkersForLinux()
#8 /workerman/vendor/workerman/workerman/src/Worker.php(605): Workerman\Worker::monitorWorkers()
#9 /workerman/server.php(143): Workerman\Worker::runAll()
#10 {main}
worker[none:8793] exit with status 64000
worker[none:8794] exit with status 64000
TypeError: Unsupported operand types: int + string in /workerman/server.php:76
Stack trace:
#0 /workerman/vendor/workerman/workerman/src/Connection/TcpConnection.php(792): {closure:/workerman/server.php:66}(Object(Workerman\Connection\TcpConnection), Object(Workerman\Protocols\Http\Request))
#1 [internal function]: Workerman\Connection\TcpConnection->baseRead(Resource id #8826, true, NULL)
#2 /workerman/vendor/workerman/workerman/src/Events/Event.php(250): EventBase->loop()
#3 /workerman/vendor/workerman/workerman/src/Worker.php(1758): Workerman\Events\Event->run()
#4 /workerman/vendor/workerman/workerman/src/Worker.php(1554): Workerman\Worker::forkOneWorkerForLinux(Object(Workerman\Worker))
#5 /workerman/vendor/workerman/workerman/src/Worker.php(1534): Workerman\Worker::forkWorkersForLinux()
#6 /workerman/vendor/workerman/workerman/src/Worker.php(1903): Workerman\Worker::forkWorkers()
#7 /workerman/vendor/workerman/workerman/src/Worker.php(1838): Workerman\Worker::monitorWorkersForLinux()
#8 /workerman/vendor/workerman/workerman/src/Worker.php(605): Workerman\Worker::monitorWorkers()
#9 /workerman/server.php(143): Workerman\Worker::runAll()
#10 {main}
worker[none:8795] exit with status 64000
TypeError: Unsupported operand types: int + string in /workerman/server.php:76
Stack trace:
#0 /workerman/vendor/workerman/workerman/src/Connection/TcpConnection.php(792): {closure:/workerman/server.php:66}(Object(Workerman\Connection\TcpConnection), Object(Workerman\Protocols\Http\Request))
#1 [internal function]: Workerman\Connection\TcpConnection->baseRead(Resource id #8837, true, NULL)
#2 /workerman/vendor/workerman/workerman/src/Events/Event.php(250): EventBase->loop()
#3 /workerman/vendor/workerman/workerman/src/Worker.php(1758): Workerman\Events\Event->run()
#4 /workerman/vendor/workerman/workerman/src/Worker.php(1554): Workerman\Worker::forkOneWorkerForLinux(Object(Workerman\Worker))
#5 /workerman/vendor/workerman/workerman/src/Worker.php(1534): Workerman\Worker::forkWorkersForLinux()
#6 /workerman/vendor/workerman/workerman/src/Worker.php(1903): Workerman\Worker::forkWorkers()
#7 /workerman/vendor/workerman/workerman/src/Worker.php(1838): Workerman\Worker::monitorWorkersForLinux()
#8 /workerman/vendor/workerman/workerman/src/Worker.php(605): Workerman\Worker::monitorWorkers()
#9 /workerman/server.php(143): Workerman\Worker::runAll()
#10 {main}
worker[none:8796] exit with status 64000
worker[none:8797] exit with status 64000
TypeError: Unsupported operand types: int + string in /workerman/server.php:76
Stack trace:
#0 /workerman/vendor/workerman/workerman/src/Connection/TcpConnection.php(792): {closure:/workerman/server.php:66}(Object(Workerman\Connection\TcpConnection), Object(Workerman\Protocols\Http\Request))
#1 [internal function]: Workerman\Connection\TcpConnection->baseRead(Resource id #8827, true, NULL)
#2 /workerman/vendor/workerman/workerman/src/Events/Event.php(250): EventBase->loop()
#3 /workerman/vendor/workerman/workerman/src/Worker.php(1758): Workerman\Events\Event->run()
#4 /workerman/vendor/workerman/workerman/src/Worker.php(1554): Workerman\Worker::forkOneWorkerForLinux(Object(Workerman\Worker))
#5 /workerman/vendor/workerman/workerman/src/Worker.php(1534): Workerman\Worker::forkWorkersForLinux()
#6 /workerman/vendor/workerman/workerman/src/Worker.php(1903): Workerman\Worker::forkWorkers()
#7 /workerman/vendor/workerman/workerman/src/Worker.php(1838): Workerman\Worker::monitorWorkersForLinux()
#8 /workerman/vendor/workerman/workerman/src/Worker.php(605): Workerman\Worker::monitorWorkers()
#9 /workerman/server.php(143): Workerman\Worker::runAll()
#10 {main}
TypeError: Unsupported operand types: int + string in /workerman/server.php:76
Stack trace:
#0 /workerman/vendor/workerman/workerman/src/Connection/TcpConnection.php(792): {closure:/workerman/server.php:66}(Object(Workerman\Connection\TcpConnection), Object(Workerman\Protocols\Http\Request))
#1 [internal function]: Workerman\Connection\TcpConnection->baseRead(Resource id #8829, true, NULL)
#2 /workerman/vendor/workerman/workerman/src/Events/Event.php(250): EventBase->loop()
#3 /workerman/vendor/workerman/workerman/src/Worker.php(1758): Workerman\Events\Event->run()
#4 /workerman/vendor/workerman/workerman/src/Worker.php(1554): Workerman\Worker::forkOneWorkerForLinux(Object(Workerman\Worker))
#5 /workerman/vendor/workerman/workerman/src/Worker.php(1534): Workerman\Worker::forkWorkersForLinux()
#6 /workerman/vendor/workerman/workerman/src/Worker.php(1903): Workerman\Worker::forkWorkers()
#7 /workerman/vendor/workerman/workerman/src/Worker.php(1838): Workerman\Worker::monitorWorkersForLinux()
#8 /workerman/vendor/workerman/workerman/src/Worker.php(605): Workerman\Worker::monitorWorkers()
#9 /workerman/server.php(143): Workerman\Worker::runAll()
#10 {main}
worker[none:8798] exit with status 64000
TypeError: Unsupported operand types: int + string in /workerman/server.php:76
Stack trace:
#0 /workerman/vendor/workerman/workerman/src/Connection/TcpConnection.php(792): {closure:/workerman/server.php:66}(Object(Workerman\Connection\TcpConnection), Object(Workerman\Protocols\Http\Request))
#1 [internal function]: Workerman\Connection\TcpConnection->baseRead(Resource id #8835, true, NULL)
#2 /workerman/vendor/workerman/workerman/src/Events/Event.php(250): EventBase->loop()
#3 /workerman/vendor/workerman/workerman/src/Worker.php(1758): Workerman\Events\Event->run()
#4 /workerman/vendor/workerman/workerman/src/Worker.php(1554): Workerman\Worker::forkOneWorkerForLinux(Object(Workerman\Worker))
#5 /workerman/vendor/workerman/workerman/src/Worker.php(1534): Workerman\Worker::forkWorkersForLinux()
#6 /workerman/vendor/workerman/workerman/src/Worker.php(1903): Workerman\Worker::forkWorkers()
#7 /workerman/vendor/workerman/workerman/src/Worker.php(1838): Workerman\Worker::monitorWorkersForLinux()
#8 /workerman/vendor/workerman/workerman/src/Worker.php(605): Workerman\Worker::monitorWorkers()
#9 /workerman/server.php(143): Workerman\Worker::runAll()
#10 {main}
worker[none:8799] exit with status 64000
worker[none:8800] exit with status 64000
TypeError: Unsupported operand types: int + string in /workerman/server.php:76
Stack trace:
#0 /workerman/vendor/workerman/workerman/src/Connection/TcpConnection.php(792): {closure:/workerman/server.php:66}(Object(Workerman\Connection\TcpConnection), Object(Workerman\Protocols\Http\Request))
#1 [internal function]: Workerman\Connection\TcpConnection->baseRead(Resource id #8833, true, NULL)
#2 /workerman/vendor/workerman/workerman/src/Events/Event.php(250): EventBase->loop()
#3 /workerman/vendor/workerman/workerman/src/Worker.php(1758): Workerman\Events\Event->run()
#4 /workerman/vendor/workerman/workerman/src/Worker.php(1554): Workerman\Worker::forkOneWorkerForLinux(Object(Workerman\Worker))
#5 /workerman/vendor/workerman/workerman/src/Worker.php(1534): Workerman\Worker::forkWorkersForLinux()
#6 /workerman/vendor/workerman/workerman/src/Worker.php(1903): Workerman\Worker::forkWorkers()
#7 /workerman/vendor/workerman/workerman/src/Worker.php(1838): Workerman\Worker::monitorWorkersForLinux()
#8 /workerman/vendor/workerman/workerman/src/Worker.php(605): Workerman\Worker::monitorWorkers()
#9 /workerman/server.php(143): Workerman\Worker::runAll()
#10 {main}
TypeError: Unsupported operand types: int + string in /workerman/server.php:76
Stack trace:
#0 /workerman/vendor/workerman/workerman/src/Connection/TcpConnection.php(792): {closure:/workerman/server.php:66}(Object(Workerman\Connection\TcpConnection), Object(Workerman\Protocols\Http\Request))
#1 [internal function]: Workerman\Connection\TcpConnection->baseRead(Resource id #8846, true, NULL)
#2 /workerman/vendor/workerman/workerman/src/Events/Event.php(250): EventBase->loop()
#3 /workerman/vendor/workerman/workerman/src/Worker.php(1758): Workerman\Events\Event->run()
#4 /workerman/vendor/workerman/workerman/src/Worker.php(1554): Workerman\Worker::forkOneWorkerForLinux(Object(Workerman\Worker))
#5 /workerman/vendor/workerman/workerman/src/Worker.php(1534): Workerman\Worker::forkWorkersForLinux()
#6 /workerman/vendor/workerman/workerman/src/Worker.php(1903): Workerman\Worker::forkWorkers()
#7 /workerman/vendor/workerman/workerman/src/Worker.php(1838): Workerman\Worker::monitorWorkersForLinux()
#8 /workerman/vendor/workerman/workerman/src/Worker.php(605): Workerman\Worker::monitorWorkers()
#9 /workerman/server.php(143): Workerman\Worker::runAll()
#10 {main}
worker[none:8801] exit with status 64000
TypeError: Unsupported operand types: int + string in /workerman/server.php:76
Stack trace:
#0 /workerman/vendor/workerman/workerman/src/Connection/TcpConnection.php(792): {closure:/workerman/server.php:66}(Object(Workerman\Connection\TcpConnection), Object(Workerman\Protocols\Http\Request))
#1 [internal function]: Workerman\Connection\TcpConnection->baseRead(Resource id #8836, true, NULL)
#2 /workerman/vendor/workerman/workerman/src/Events/Event.php(250): EventBase->loop()
#3 /workerman/vendor/workerman/workerman/src/Worker.php(1758): Workerman\Events\Event->run()
#4 /workerman/vendor/workerman/workerman/src/Worker.php(1554): Workerman\Worker::forkOneWorkerForLinux(Object(Workerman\Worker))
#5 /workerman/vendor/workerman/workerman/src/Worker.php(1534): Workerman\Worker::forkWorkersForLinux()
#6 /workerman/vendor/workerman/workerman/src/Worker.php(1903): Workerman\Worker::forkWorkers()
#7 /workerman/vendor/workerman/workerman/src/Worker.php(1838): Workerman\Worker::monitorWorkersForLinux()
#8 /workerman/vendor/workerman/workerman/src/Worker.php(605): Workerman\Worker::monitorWorkers()
#9 /workerman/server.php(143): Workerman\Worker::runAll()
#10 {main}
worker[none:8802] exit with status 64000
TypeError: Unsupported operand types: int + string in /workerman/server.php:76
Stack trace:
#0 /workerman/vendor/workerman/workerman/src/Connection/TcpConnection.php(792): {closure:/workerman/server.php:66}(Object(Workerman\Connection\TcpConnection), Object(Workerman\Protocols\Http\Request))
#1 [internal function]: Workerman\Connection\TcpConnection->baseRead(Resource id #8845, true, NULL)
#2 /workerman/vendor/workerman/workerman/src/Events/Event.php(250): EventBase->loop()
#3 /workerman/vendor/workerman/workerman/src/Worker.php(1758): Workerman\Events\Event->run()
#4 /workerman/vendor/workerman/workerman/src/Worker.php(1554): Workerman\Worker::forkOneWorkerForLinux(Object(Workerman\Worker))
#5 /workerman/vendor/workerman/workerman/src/Worker.php(1534): Workerman\Worker::forkWorkersForLinux()
#6 /workerman/vendor/workerman/workerman/src/Worker.php(1903): Workerman\Worker::forkWorkers()
#7 /workerman/vendor/workerman/workerman/src/Worker.php(1838): Workerman\Worker::monitorWorkersForLinux()
#8 /workerman/vendor/workerman/workerman/src/Worker.php(605): Workerman\Worker::monitorWorkers()
#9 /workerman/server.php(143): Workerman\Worker::runAll()
#10 {main}
worker[none:8803] exit with status 64000
TypeError: Unsupported operand types: int + string in /workerman/server.php:76
Stack trace:
#0 /workerman/vendor/workerman/workerman/src/Connection/TcpConnection.php(792): {closure:/workerman/server.php:66}(Object(Workerman\Connection\TcpConnection), Object(Workerman\Protocols\Http\Request))
#1 [internal function]: Workerman\Connection\TcpConnection->baseRead(Resource id #8832, true, NULL)
#2 /workerman/vendor/workerman/workerman/src/Events/Event.php(250): EventBase->loop()
#3 /workerman/vendor/workerman/workerman/src/Worker.php(1758): Workerman\Events\Event->run()
#4 /workerman/vendor/workerman/workerman/src/Worker.php(1554): Workerman\Worker::forkOneWorkerForLinux(Object(Workerman\Worker))
#5 /workerman/vendor/workerman/workerman/src/Worker.php(1534): Workerman\Worker::forkWorkersForLinux()
#6 /workerman/vendor/workerman/workerman/src/Worker.php(1903): Workerman\Worker::forkWorkers()
#7 /workerman/vendor/workerman/workerman/src/Worker.php(1838): Workerman\Worker::monitorWorkersForLinux()
#8 /workerman/vendor/workerman/workerman/src/Worker.php(605): Workerman\Worker::monitorWorkers()
#9 /workerman/server.php(143): Workerman\Worker::runAll()
#10 {main}
worker[none:8804] exit with status 64000
TypeError: Unsupported operand types: int + string in /workerman/server.php:76
Stack trace:
#0 /workerman/vendor/workerman/workerman/src/Connection/TcpConnection.php(792): {closure:/workerman/server.php:66}(Object(Workerman\Connection\TcpConnection), Object(Workerman\Protocols\Http\Request))
#1 [internal function]: Workerman\Connection\TcpConnection->baseRead(Resource id #8832, true, NULL)
#2 /workerman/vendor/workerman/workerman/src/Events/Event.php(250): EventBase->loop()
#3 /workerman/vendor/workerman/workerman/src/Worker.php(1758): Workerman\Events\Event->run()
#4 /workerman/vendor/workerman/workerman/src/Worker.php(1554): Workerman\Worker::forkOneWorkerForLinux(Object(Workerman\Worker))
#5 /workerman/vendor/workerman/workerman/src/Worker.php(1534): Workerman\Worker::forkWorkersForLinux()
#6 /workerman/vendor/workerman/workerman/src/Worker.php(1903): Workerman\Worker::forkWorkers()
#7 /workerman/vendor/workerman/workerman/src/Worker.php(1838): Workerman\Worker::monitorWorkersForLinux()
#8 /workerman/vendor/workerman/workerman/src/Worker.php(605): Workerman\Worker::monitorWorkers()
#9 /workerman/server.php(143): Workerman\Worker::runAll()
#10 {main}
worker[none:8805] exit with status 64000
TypeError: Unsupported operand types: int + string in /workerman/server.php:76
Stack trace:
#0 /workerman/vendor/workerman/workerman/src/Connection/TcpConnection.php(792): {closure:/workerman/server.php:66}(Object(Workerman\Connection\TcpConnection), Object(Workerman\Protocols\Http\Request))
#1 [internal function]: Workerman\Connection\TcpConnection->baseRead(Resource id #8840, true, NULL)
#2 /workerman/vendor/workerman/workerman/src/Events/Event.php(250): EventBase->loop()
#3 /workerman/vendor/workerman/workerman/src/Worker.php(1758): Workerman\Events\Event->run()
#4 /workerman/vendor/workerman/workerman/src/Worker.php(1554): Workerman\Worker::forkOneWorkerForLinux(Object(Workerman\Worker))
#5 /workerman/vendor/workerman/workerman/src/Worker.php(1534): Workerman\Worker::forkWorkersForLinux()
#6 /workerman/vendor/workerman/workerman/src/Worker.php(1903): Workerman\Worker::forkWorkers()
#7 /workerman/vendor/workerman/workerman/src/Worker.php(1838): Workerman\Worker::monitorWorkersForLinux()
#8 /workerman/vendor/workerman/workerman/src/Worker.php(605): Workerman\Worker::monitorWorkers()
#9 /workerman/server.php(143): Workerman\Worker::runAll()
#10 {main}
worker[none:8806] exit with status 64000
TypeError: Unsupported operand types: int + string in /workerman/server.php:76
Stack trace:
#0 /workerman/vendor/workerman/workerman/src/Connection/TcpConnection.php(792): {closure:/workerman/server.php:66}(Object(Workerman\Connection\TcpConnection), Object(Workerman\Protocols\Http\Request))
#1 [internal function]: Workerman\Connection\TcpConnection->baseRead(Resource id #8839, true, NULL)
#2 /workerman/vendor/workerman/workerman/src/Events/Event.php(250): EventBase->loop()
#3 /workerman/vendor/workerman/workerman/src/Worker.php(1758): Workerman\Events\Event->run()
#4 /workerman/vendor/workerman/workerman/src/Worker.php(1554): Workerman\Worker::forkOneWorkerForLinux(Object(Workerman\Worker))
#5 /workerman/vendor/workerman/workerman/src/Worker.php(1534): Workerman\Worker::forkWorkersForLinux()
#6 /workerman/vendor/workerman/workerman/src/Worker.php(1903): Workerman\Worker::forkWorkers()
#7 /workerman/vendor/workerman/workerman/src/Worker.php(1838): Workerman\Worker::monitorWorkersForLinux()
#8 /workerman/vendor/workerman/workerman/src/Worker.php(605): Workerman\Worker::monitorWorkers()
#9 /workerman/server.php(143): Workerman\Worker::runAll()
#10 {main}
worker[none:8807] exit with status 64000
TypeError: Unsupported operand types: int + string in /workerman/server.php:76
Stack trace:
#0 /workerman/vendor/workerman/workerman/src/Connection/TcpConnection.php(792): {closure:/workerman/server.php:66}(Object(Workerman\Connection\TcpConnection), Object(Workerman\Protocols\Http\Request))
#1 [internal function]: Workerman\Connection\TcpConnection->baseRead(Resource id #8837, true, NULL)
#2 /workerman/vendor/workerman/workerman/src/Events/Event.php(250): EventBase->loop()
#3 /workerman/vendor/workerman/workerman/src/Worker.php(1758): Workerman\Events\Event->run()
#4 /workerman/vendor/workerman/workerman/src/Worker.php(1554): Workerman\Worker::forkOneWorkerForLinux(Object(Workerman\Worker))
#5 /workerman/vendor/workerman/workerman/src/Worker.php(1534): Workerman\Worker::forkWorkersForLinux()
#6 /workerman/vendor/workerman/workerman/src/Worker.php(1903): Workerman\Worker::forkWorkers()
#7 /workerman/vendor/workerman/workerman/src/Worker.php(1838): Workerman\Worker::monitorWorkersForLinux()
#8 /workerman/vendor/workerman/workerman/src/Worker.php(605): Workerman\Worker::monitorWorkers()
#9 /workerman/server.php(143): Workerman\Worker::runAll()
#10 {main}
worker[none:8808] exit with status 64000
TypeError: Unsupported operand types: int + string in /workerman/server.php:76
Stack trace:
#0 /workerman/vendor/workerman/workerman/src/Connection/TcpConnection.php(792): {closure:/workerman/server.php:66}(Object(Workerman\Connection\TcpConnection), Object(Workerman\Protocols\Http\Request))
#1 [internal function]: Workerman\Connection\TcpConnection->baseRead(Resource id #8855, true, NULL)
#2 /workerman/vendor/workerman/workerman/src/Events/Event.php(250): EventBase->loop()
#3 /workerman/vendor/workerman/workerman/src/Worker.php(1758): Workerman\Events\Event->run()
#4 /workerman/vendor/workerman/workerman/src/Worker.php(1554): Workerman\Worker::forkOneWorkerForLinux(Object(Workerman\Worker))
#5 /workerman/vendor/workerman/workerman/src/Worker.php(1534): Workerman\Worker::forkWorkersForLinux()
#6 /workerman/vendor/workerman/workerman/src/Worker.php(1903): Workerman\Worker::forkWorkers()
#7 /workerman/vendor/workerman/workerman/src/Worker.php(1838): Workerman\Worker::monitorWorkersForLinux()
#8 /workerman/vendor/workerman/workerman/src/Worker.php(605): Workerman\Worker::monitorWorkers()
#9 /workerman/server.php(143): Workerman\Worker::runAll()
#10 {main}
TypeError: Unsupported operand types: int + string in /workerman/server.php:76
Stack trace:
#0 /workerman/vendor/workerman/workerman/src/Connection/TcpConnection.php(792): {closure:/workerman/server.php:66}(Object(Workerman\Connection\TcpConnection), Object(Workerman\Protocols\Http\Request))
#1 [internal function]: Workerman\Connection\TcpConnection->baseRead(Resource id #8840, true, NULL)
#2 /workerman/vendor/workerman/workerman/src/Events/Event.php(250): EventBase->loop()
#3 /workerman/vendor/workerman/workerman/src/Worker.php(1758): Workerman\Events\Event->run()
#4 /workerman/vendor/workerman/workerman/src/Worker.php(1554): Workerman\Worker::forkOneWorkerForLinux(Object(Workerman\Worker))
#5 /workerman/vendor/workerman/workerman/src/Worker.php(1534): Workerman\Worker::forkWorkersForLinux()
#6 /workerman/vendor/workerman/workerman/src/Worker.php(1903): Workerman\Worker::forkWorkers()
#7 /workerman/vendor/workerman/workerman/src/Worker.php(1838): Workerman\Worker::monitorWorkersForLinux()
#8 /workerman/vendor/workerman/workerman/src/Worker.php(605): Workerman\Worker::monitorWorkers()
#9 /workerman/server.php(143): Workerman\Worker::runAll()
#10 {main}
worker[none:8809] exit with status 64000
worker[none:8810] exit with status 64000
worker[none:8811] exit with status 64000
worker[none:8812] exit with status 64000
TypeError: Unsupported operand types: int + string in /workerman/server.php:76
Stack trace:
#0 /workerman/vendor/workerman/workerman/src/Connection/TcpConnection.php(792): {closure:/workerman/server.php:66}(Object(Workerman\Connection\TcpConnection), Object(Workerman\Protocols\Http\Request))
#1 [internal function]: Workerman\Connection\TcpConnection->baseRead(Resource id #8849, true, NULL)
#2 /workerman/vendor/workerman/workerman/src/Events/Event.php(250): EventBase->loop()
#3 /workerman/vendor/workerman/workerman/src/Worker.php(1758): Workerman\Events\Event->run()
#4 /workerman/vendor/workerman/workerman/src/Worker.php(1554): Workerman\Worker::forkOneWorkerForLinux(Object(Workerman\Worker))
#5 /workerman/vendor/workerman/workerman/src/Worker.php(1534): Workerman\Worker::forkWorkersForLinux()
#6 /workerman/vendor/workerman/workerman/src/Worker.php(1903): Workerman\Worker::forkWorkers()
#7 /workerman/vendor/workerman/workerman/src/Worker.php(1838): Workerman\Worker::monitorWorkersForLinux()
#8 /workerman/vendor/workerman/workerman/src/Worker.php(605): Workerman\Worker::monitorWorkers()
#9 /workerman/server.php(143): Workerman\Worker::runAll()
#10 {main}
TypeError: Unsupported operand types: int + string in /workerman/server.php:76
Stack trace:
#0 /workerman/vendor/workerman/workerman/src/Connection/TcpConnection.php(792): {closure:/workerman/server.php:66}(Object(Workerman\Connection\TcpConnection), Object(Workerman\Protocols\Http\Request))
#1 [internal function]: Workerman\Connection\TcpConnection->baseRead(Resource id #8846, true, NULL)
#2 /workerman/vendor/workerman/workerman/src/Events/Event.php(250): EventBase->loop()
#3 /workerman/vendor/workerman/workerman/src/Worker.php(1758): Workerman\Events\Event->run()
#4 /workerman/vendor/workerman/workerman/src/Worker.php(1554): Workerman\Worker::forkOneWorkerForLinux(Object(Workerman\Worker))
#5 /workerman/vendor/workerman/workerman/src/Worker.php(1534): Workerman\Worker::forkWorkersForLinux()
#6 /workerman/vendor/workerman/workerman/src/Worker.php(1903): Workerman\Worker::forkWorkers()
#7 /workerman/vendor/workerman/workerman/src/Worker.php(1838): Workerman\Worker::monitorWorkersForLinux()
#8 /workerman/vendor/workerman/workerman/src/Worker.php(605): Workerman\Worker::monitorWorkers()
#9 /workerman/server.php(143): Workerman\Worker::runAll()
#10 {main}
TypeError: Unsupported operand types: int + string in /workerman/server.php:76
Stack trace:
#0 /workerman/vendor/workerman/workerman/src/Connection/TcpConnection.php(792): {closure:/workerman/server.php:66}(Object(Workerman\Connection\TcpConnection), Object(Workerman\Protocols\Http\Request))
#1 [internal function]: Workerman\Connection\TcpConnection->baseRead(Resource id #8843, true, NULL)
#2 /workerman/vendor/workerman/workerman/src/Events/Event.php(250): EventBase->loop()
#3 /workerman/vendor/workerman/workerman/src/Worker.php(1758): Workerman\Events\Event->run()
#4 /workerman/vendor/workerman/workerman/src/Worker.php(1554): Workerman\Worker::forkOneWorkerForLinux(Object(Workerman\Worker))
#5 /workerman/vendor/workerman/workerman/src/Worker.php(1534): Workerman\Worker::forkWorkersForLinux()
#6 /workerman/vendor/workerman/workerman/src/Worker.php(1903): Workerman\Worker::forkWorkers()
#7 /workerman/vendor/workerman/workerman/src/Worker.php(1838): Workerman\Worker::monitorWorkersForLinux()
#8 /workerman/vendor/workerman/workerman/src/Worker.php(605): Workerman\Worker::monitorWorkers()
#9 /workerman/server.php(143): Workerman\Worker::runAll()
#10 {main}
worker[none:8813] exit with status 64000
TypeError: Unsupported operand types: int + string in /workerman/server.php:76
Stack trace:
#0 /workerman/vendor/workerman/workerman/src/Connection/TcpConnection.php(792): {closure:/workerman/server.php:66}(Object(Workerman\Connection\TcpConnection), Object(Workerman\Protocols\Http\Request))
#1 [internal function]: Workerman\Connection\TcpConnection->baseRead(Resource id #8847, true, NULL)
#2 /workerman/vendor/workerman/workerman/src/Events/Event.php(250): EventBase->loop()
#3 /workerman/vendor/workerman/workerman/src/Worker.php(1758): Workerman\Events\Event->run()
#4 /workerman/vendor/workerman/workerman/src/Worker.php(1554): Workerman\Worker::forkOneWorkerForLinux(Object(Workerman\Worker))
#5 /workerman/vendor/workerman/workerman/src/Worker.php(1534): Workerman\Worker::forkWorkersForLinux()
#6 /workerman/vendor/workerman/workerman/src/Worker.php(1903): Workerman\Worker::forkWorkers()
#7 /workerman/vendor/workerman/workerman/src/Worker.php(1838): Workerman\Worker::monitorWorkersForLinux()
#8 /workerman/vendor/workerman/workerman/src/Worker.php(605): Workerman\Worker::monitorWorkers()
#9 /workerman/server.php(143): Workerman\Worker::runAll()
#10 {main}
worker[none:8814] exit with status 64000
worker[none:8815] exit with status 64000
TypeError: Unsupported operand types: int + string in /workerman/server.php:76
Stack trace:
#0 /workerman/vendor/workerman/workerman/src/Connection/TcpConnection.php(792): {closure:/workerman/server.php:66}(Object(Workerman\Connection\TcpConnection), Object(Workerman\Protocols\Http\Request))
#1 [internal function]: Workerman\Connection\TcpConnection->baseRead(Resource id #8863, true, NULL)
#2 /workerman/vendor/workerman/workerman/src/Events/Event.php(250): EventBase->loop()
#3 /workerman/vendor/workerman/workerman/src/Worker.php(1758): Workerman\Events\Event->run()
#4 /workerman/vendor/workerman/workerman/src/Worker.php(1554): Workerman\Worker::forkOneWorkerForLinux(Object(Workerman\Worker))
#5 /workerman/vendor/workerman/workerman/src/Worker.php(1534): Workerman\Worker::forkWorkersForLinux()
#6 /workerman/vendor/workerman/workerman/src/Worker.php(1903): Workerman\Worker::forkWorkers()
#7 /workerman/vendor/workerman/workerman/src/Worker.php(1838): Workerman\Worker::monitorWorkersForLinux()
#8 /workerman/vendor/workerman/workerman/src/Worker.php(605): Workerman\Worker::monitorWorkers()
#9 /workerman/server.php(143): Workerman\Worker::runAll()
#10 {main}
worker[none:8816] exit with status 64000
TypeError: Unsupported operand types: int + string in /workerman/server.php:76
Stack trace:
#0 /workerman/vendor/workerman/workerman/src/Connection/TcpConnection.php(792): {closure:/workerman/server.php:66}(Object(Workerman\Connection\TcpConnection), Object(Workerman\Protocols\Http\Request))
#1 [internal function]: Workerman\Connection\TcpConnection->baseRead(Resource id #8853, true, NULL)
#2 /workerman/vendor/workerman/workerman/src/Events/Event.php(250): EventBase->loop()
#3 /workerman/vendor/workerman/workerman/src/Worker.php(1758): Workerman\Events\Event->run()
#4 /workerman/vendor/workerman/workerman/src/Worker.php(1554): Workerman\Worker::forkOneWorkerForLinux(Object(Workerman\Worker))
#5 /workerman/vendor/workerman/workerman/src/Worker.php(1534): Workerman\Worker::forkWorkersForLinux()
#6 /workerman/vendor/workerman/workerman/src/Worker.php(1903): Workerman\Worker::forkWorkers()
#7 /workerman/vendor/workerman/workerman/src/Worker.php(1838): Workerman\Worker::monitorWorkersForLinux()
#8 /workerman/vendor/workerman/workerman/src/Worker.php(605): Workerman\Worker::monitorWorkers()
#9 /workerman/server.php(143): Workerman\Worker::runAll()
#10 {main}
TypeError: Unsupported operand types: int + string in /workerman/server.php:76
Stack trace:
#0 /workerman/vendor/workerman/workerman/src/Connection/TcpConnection.php(792): {closure:/workerman/server.php:66}(Object(Workerman\Connection\TcpConnection), Object(Workerman\Protocols\Http\Request))
#1 [internal function]: Workerman\Connection\TcpConnection->baseRead(Resource id #8847, true, NULL)
#2 /workerman/vendor/workerman/workerman/src/Events/Event.php(250): EventBase->loop()
#3 /workerman/vendor/workerman/workerman/src/Worker.php(1758): Workerman\Events\Event->run()
#4 /workerman/vendor/workerman/workerman/src/Worker.php(1554): Workerman\Worker::forkOneWorkerForLinux(Object(Workerman\Worker))
#5 /workerman/vendor/workerman/workerman/src/Worker.php(1534): Workerman\Worker::forkWorkersForLinux()
#6 /workerman/vendor/workerman/workerman/src/Worker.php(1903): Workerman\Worker::forkWorkers()
#7 /workerman/vendor/workerman/workerman/src/Worker.php(1838): Workerman\Worker::monitorWorkersForLinux()
#8 /workerman/vendor/workerman/workerman/src/Worker.php(605): Workerman\Worker::monitorWorkers()
#9 /workerman/server.php(143): Workerman\Worker::runAll()
#10 {main}
worker[none:8817] exit with status 64000
worker[none:8818] exit with status 64000
TypeError: Unsupported operand types: int + string in /workerman/server.php:76
Stack trace:
#0 /workerman/vendor/workerman/workerman/src/Connection/TcpConnection.php(792): {closure:/workerman/server.php:66}(Object(Workerman\Connection\TcpConnection), Object(Workerman\Protocols\Http\Request))
#1 [internal function]: Workerman\Connection\TcpConnection->baseRead(Resource id #8854, true, NULL)
#2 /workerman/vendor/workerman/workerman/src/Events/Event.php(250): EventBase->loop()
#3 /workerman/vendor/workerman/workerman/src/Worker.php(1758): Workerman\Events\Event->run()
#4 /workerman/vendor/workerman/workerman/src/Worker.php(1554): Workerman\Worker::forkOneWorkerForLinux(Object(Workerman\Worker))
#5 /workerman/vendor/workerman/workerman/src/Worker.php(1534): Workerman\Worker::forkWorkersForLinux()
#6 /workerman/vendor/workerman/workerman/src/Worker.php(1903): Workerman\Worker::forkWorkers()
#7 /workerman/vendor/workerman/workerman/src/Worker.php(1838): Workerman\Worker::monitorWorkersForLinux()
#8 /workerman/vendor/workerman/workerman/src/Worker.php(605): Workerman\Worker::monitorWorkers()
#9 /workerman/server.php(143): Workerman\Worker::runAll()
#10 {main}
TypeError: Unsupported operand types: int + string in /workerman/server.php:76
Stack trace:
#0 /workerman/vendor/workerman/workerman/src/Connection/TcpConnection.php(792): {closure:/workerman/server.php:66}(Object(Workerman\Connection\TcpConnection), Object(Workerman\Protocols\Http\Request))
#1 [internal function]: Workerman\Connection\TcpConnection->baseRead(Resource id #8850, true, NULL)
#2 /workerman/vendor/workerman/workerman/src/Events/Event.php(250): EventBase->loop()
#3 /workerman/vendor/workerman/workerman/src/Worker.php(1758): Workerman\Events\Event->run()
#4 /workerman/vendor/workerman/workerman/src/Worker.php(1554): Workerman\Worker::forkOneWorkerForLinux(Object(Workerman\Worker))
#5 /workerman/vendor/workerman/workerman/src/Worker.php(1534): Workerman\Worker::forkWorkersForLinux()
#6 /workerman/vendor/workerman/workerman/src/Worker.php(1903): Workerman\Worker::forkWorkers()
#7 /workerman/vendor/workerman/workerman/src/Worker.php(1838): Workerman\Worker::monitorWorkersForLinux()
#8 /workerman/vendor/workerman/workerman/src/Worker.php(605): Workerman\Worker::monitorWorkers()
#9 /workerman/server.php(143): Workerman\Worker::runAll()
#10 {main}
worker[none:8819] exit with status 64000
TypeError: Unsupported operand types: int + string in /workerman/server.php:76
Stack trace:
#0 /workerman/vendor/workerman/workerman/src/Connection/TcpConnection.php(792): {closure:/workerman/server.php:66}(Object(Workerman\Connection\TcpConnection), Object(Workerman\Protocols\Http\Request))
#1 [internal function]: Workerman\Connection\TcpConnection->baseRead(Resource id #8857, true, NULL)
#2 /workerman/vendor/workerman/workerman/src/Events/Event.php(250): EventBase->loop()
#3 /workerman/vendor/workerman/workerman/src/Worker.php(1758): Workerman\Events\Event->run()
#4 /workerman/vendor/workerman/workerman/src/Worker.php(1554): Workerman\Worker::forkOneWorkerForLinux(Object(Workerman\Worker))
#5 /workerman/vendor/workerman/workerman/src/Worker.php(1534): Workerman\Worker::forkWorkersForLinux()
#6 /workerman/vendor/workerman/workerman/src/Worker.php(1903): Workerman\Worker::forkWorkers()
#7 /workerman/vendor/workerman/workerman/src/Worker.php(1838): Workerman\Worker::monitorWorkersForLinux()
#8 /workerman/vendor/workerman/workerman/src/Worker.php(605): Workerman\Worker::monitorWorkers()
#9 /workerman/server.php(143): Workerman\Worker::runAll()
#10 {main}
worker[none:8820] exit with status 64000
TypeError: Unsupported operand types: int + string in /workerman/server.php:76
Stack trace:
#0 /workerman/vendor/workerman/workerman/src/Connection/TcpConnection.php(792): {closure:/workerman/server.php:66}(Object(Workerman\Connection\TcpConnection), Object(Workerman\Protocols\Http\Request))
#1 [internal function]: Workerman\Connection\TcpConnection->baseRead(Resource id #8854, true, NULL)
#2 /workerman/vendor/workerman/workerman/src/Events/Event.php(250): EventBase->loop()
#3 /workerman/vendor/workerman/workerman/src/Worker.php(1758): Workerman\Events\Event->run()
#4 /workerman/vendor/workerman/workerman/src/Worker.php(1554): Workerman\Worker::forkOneWorkerForLinux(Object(Workerman\Worker))
#5 /workerman/vendor/workerman/workerman/src/Worker.php(1534): Workerman\Worker::forkWorkersForLinux()
#6 /workerman/vendor/workerman/workerman/src/Worker.php(1903): Workerman\Worker::forkWorkers()
#7 /workerman/vendor/workerman/workerman/src/Worker.php(1838): Workerman\Worker::monitorWorkersForLinux()
#8 /workerman/vendor/workerman/workerman/src/Worker.php(605): Workerman\Worker::monitorWorkers()
#9 /workerman/server.php(143): Workerman\Worker::runAll()
#10 {main}
worker[none:8821] exit with status 64000
TypeError: Unsupported operand types: int + string in /workerman/server.php:76
Stack trace:
#0 /workerman/vendor/workerman/workerman/src/Connection/TcpConnection.php(792): {closure:/workerman/server.php:66}(Object(Workerman\Connection\TcpConnection), Object(Workerman\Protocols\Http\Request))
#1 [internal function]: Workerman\Connection\TcpConnection->baseRead(Resource id #8850, true, NULL)
#2 /workerman/vendor/workerman/workerman/src/Events/Event.php(250): EventBase->loop()
#3 /workerman/vendor/workerman/workerman/src/Worker.php(1758): Workerman\Events\Event->run()
#4 /workerman/vendor/workerman/workerman/src/Worker.php(1554): Workerman\Worker::forkOneWorkerForLinux(Object(Workerman\Worker))
#5 /workerman/vendor/workerman/workerman/src/Worker.php(1534): Workerman\Worker::forkWorkersForLinux()
#6 /workerman/vendor/workerman/workerman/src/Worker.php(1903): Workerman\Worker::forkWorkers()
#7 /workerman/vendor/workerman/workerman/src/Worker.php(1838): Workerman\Worker::monitorWorkersForLinux()
#8 /workerman/vendor/workerman/workerman/src/Worker.php(605): Workerman\Worker::monitorWorkers()
#9 /workerman/server.php(143): Workerman\Worker::runAll()
#10 {main}
worker[none:8822] exit with status 64000
TypeError: Unsupported operand types: int + string in /workerman/server.php:76
Stack trace:
#0 /workerman/vendor/workerman/workerman/src/Connection/TcpConnection.php(792): {closure:/workerman/server.php:66}(Object(Workerman\Connection\TcpConnection), Object(Workerman\Protocols\Http\Request))
#1 [internal function]: Workerman\Connection\TcpConnection->baseRead(Resource id #8853, true, NULL)
#2 /workerman/vendor/workerman/workerman/src/Events/Event.php(250): EventBase->loop()
#3 /workerman/vendor/workerman/workerman/src/Worker.php(1758): Workerman\Events\Event->run()
#4 /workerman/vendor/workerman/workerman/src/Worker.php(1554): Workerman\Worker::forkOneWorkerForLinux(Object(Workerman\Worker))
#5 /workerman/vendor/workerman/workerman/src/Worker.php(1534): Workerman\Worker::forkWorkersForLinux()
#6 /workerman/vendor/workerman/workerman/src/Worker.php(1903): Workerman\Worker::forkWorkers()
#7 /workerman/vendor/workerman/workerman/src/Worker.php(1838): Workerman\Worker::monitorWorkersForLinux()
#8 /workerman/vendor/workerman/workerman/src/Worker.php(605): Workerman\Worker::monitorWorkers()
#9 /workerman/server.php(143): Workerman\Worker::runAll()
#10 {main}
TypeError: Unsupported operand types: int + string in /workerman/server.php:76
Stack trace:
#0 /workerman/vendor/workerman/workerman/src/Connection/TcpConnection.php(792): {closure:/workerman/server.php:66}(Object(Workerman\Connection\TcpConnection), Object(Workerman\Protocols\Http\Request))
#1 [internal function]: Workerman\Connection\TcpConnection->baseRead(Resource id #8864, true, NULL)
#2 /workerman/vendor/workerman/workerman/src/Events/Event.php(250): EventBase->loop()
#3 /workerman/vendor/workerman/workerman/src/Worker.php(1758): Workerman\Events\Event->run()
#4 /workerman/vendor/workerman/workerman/src/Worker.php(1554): Workerman\Worker::forkOneWorkerForLinux(Object(Workerman\Worker))
#5 /workerman/vendor/workerman/workerman/src/Worker.php(1534): Workerman\Worker::forkWorkersForLinux()
#6 /workerman/vendor/workerman/workerman/src/Worker.php(1903): Workerman\Worker::forkWorkers()
#7 /workerman/vendor/workerman/workerman/src/Worker.php(1838): Workerman\Worker::monitorWorkersForLinux()
#8 /workerman/vendor/workerman/workerman/src/Worker.php(605): Workerman\Worker::monitorWorkers()
#9 /workerman/server.php(143): Workerman\Worker::runAll()
#10 {main}
worker[none:8823] exit with status 64000
TypeError: Unsupported operand types: int + string in /workerman/server.php:76
Stack trace:
#0 /workerman/vendor/workerman/workerman/src/Connection/TcpConnection.php(792): {closure:/workerman/server.php:66}(Object(Workerman\Connection\TcpConnection), Object(Workerman\Protocols\Http\Request))
#1 [internal function]: Workerman\Connection\TcpConnection->baseRead(Resource id #8852, true, NULL)
#2 /workerman/vendor/workerman/workerman/src/Events/Event.php(250): EventBase->loop()
#3 /workerman/vendor/workerman/workerman/src/Worker.php(1758): Workerman\Events\Event->run()
#4 /workerman/vendor/workerman/workerman/src/Worker.php(1554): Workerman\Worker::forkOneWorkerForLinux(Object(Workerman\Worker))
#5 /workerman/vendor/workerman/workerman/src/Worker.php(1534): Workerman\Worker::forkWorkersForLinux()
#6 /workerman/vendor/workerman/workerman/src/Worker.php(1903): Workerman\Worker::forkWorkers()
#7 /workerman/vendor/workerman/workerman/src/Worker.php(1838): Workerman\Worker::monitorWorkersForLinux()
#8 /workerman/vendor/workerman/workerman/src/Worker.php(605): Workerman\Worker::monitorWorkers()
#9 /workerman/server.php(143): Workerman\Worker::runAll()
#10 {main}
worker[none:8824] exit with status 64000
TypeError: Unsupported operand types: int + string in /workerman/server.php:76
Stack trace:
#0 /workerman/vendor/workerman/workerman/src/Connection/TcpConnection.php(792): {closure:/workerman/server.php:66}(Object(Workerman\Connection\TcpConnection), Object(Workerman\Protocols\Http\Request))
#1 [internal function]: Workerman\Connection\TcpConnection->baseRead(Resource id #8853, true, NULL)
#2 /workerman/vendor/workerman/workerman/src/Events/Event.php(250): EventBase->loop()
#3 /workerman/vendor/workerman/workerman/src/Worker.php(1758): Workerman\Events\Event->run()
#4 /workerman/vendor/workerman/workerman/src/Worker.php(1554): Workerman\Worker::forkOneWorkerForLinux(Object(Workerman\Worker))
#5 /workerman/vendor/workerman/workerman/src/Worker.php(1534): Workerman\Worker::forkWorkersForLinux()
#6 /workerman/vendor/workerman/workerman/src/Worker.php(1903): Workerman\Worker::forkWorkers()
#7 /workerman/vendor/workerman/workerman/src/Worker.php(1838): Workerman\Worker::monitorWorkersForLinux()
#8 /workerman/vendor/workerman/workerman/src/Worker.php(605): Workerman\Worker::monitorWorkers()
#9 /workerman/server.php(143): Workerman\Worker::runAll()
#10 {main}
worker[none:8825] exit with status 64000
TypeError: Unsupported operand types: int + string in /workerman/server.php:76
Stack trace:
#0 /workerman/vendor/workerman/workerman/src/Connection/TcpConnection.php(792): {closure:/workerman/server.php:66}(Object(Workerman\Connection\TcpConnection), Object(Workerman\Protocols\Http\Request))
#1 [internal function]: Workerman\Connection\TcpConnection->baseRead(Resource id #8867, true, NULL)
#2 /workerman/vendor/workerman/workerman/src/Events/Event.php(250): EventBase->loop()
#3 /workerman/vendor/workerman/workerman/src/Worker.php(1758): Workerman\Events\Event->run()
#4 /workerman/vendor/workerman/workerman/src/Worker.php(1554): Workerman\Worker::forkOneWorkerForLinux(Object(Workerman\Worker))
#5 /workerman/vendor/workerman/workerman/src/Worker.php(1534): Workerman\Worker::forkWorkersForLinux()
#6 /workerman/vendor/workerman/workerman/src/Worker.php(1903): Workerman\Worker::forkWorkers()
#7 /workerman/vendor/workerman/workerman/src/Worker.php(1838): Workerman\Worker::monitorWorkersForLinux()
#8 /workerman/vendor/workerman/workerman/src/Worker.php(605): Workerman\Worker::monitorWorkers()
#9 /workerman/server.php(143): Workerman\Worker::runAll()
#10 {main}
worker[none:8826] exit with status 64000
TypeError: Unsupported operand types: int + string in /workerman/server.php:76
Stack trace:
#0 /workerman/vendor/workerman/workerman/src/Connection/TcpConnection.php(792): {closure:/workerman/server.php:66}(Object(Workerman\Connection\TcpConnection), Object(Workerman\Protocols\Http\Request))
#1 [internal function]: Workerman\Connection\TcpConnection->baseRead(Resource id #8859, true, NULL)
#2 /workerman/vendor/workerman/workerman/src/Events/Event.php(250): EventBase->loop()
#3 /workerman/vendor/workerman/workerman/src/Worker.php(1758): Workerman\Events\Event->run()
#4 /workerman/vendor/workerman/workerman/src/Worker.php(1554): Workerman\Worker::forkOneWorkerForLinux(Object(Workerman\Worker))
#5 /workerman/vendor/workerman/workerman/src/Worker.php(1534): Workerman\Worker::forkWorkersForLinux()
#6 /workerman/vendor/workerman/workerman/src/Worker.php(1903): Workerman\Worker::forkWorkers()
#7 /workerman/vendor/workerman/workerman/src/Worker.php(1838): Workerman\Worker::monitorWorkersForLinux()
#8 /workerman/vendor/workerman/workerman/src/Worker.php(605): Workerman\Worker::monitorWorkers()
#9 /workerman/server.php(143): Workerman\Worker::runAll()
#10 {main}
TypeError: Unsupported operand types: int + string in /workerman/server.php:76
Stack trace:
#0 /workerman/vendor/workerman/workerman/src/Connection/TcpConnection.php(792): {closure:/workerman/server.php:66}(Object(Workerman\Connection\TcpConnection), Object(Workerman\Protocols\Http\Request))
#1 [internal function]: Workerman\Connection\TcpConnection->baseRead(Resource id #8857, true, NULL)
#2 /workerman/vendor/workerman/workerman/src/Events/Event.php(250): EventBase->loop()
#3 /workerman/vendor/workerman/workerman/src/Worker.php(1758): Workerman\Events\Event->run()
#4 /workerman/vendor/workerman/workerman/src/Worker.php(1554): Workerman\Worker::forkOneWorkerForLinux(Object(Workerman\Worker))
#5 /workerman/vendor/workerman/workerman/src/Worker.php(1534): Workerman\Worker::forkWorkersForLinux()
#6 /workerman/vendor/workerman/workerman/src/Worker.php(1903): Workerman\Worker::forkWorkers()
#7 /workerman/vendor/workerman/workerman/src/Worker.php(1838): Workerman\Worker::monitorWorkersForLinux()
#8 /workerman/vendor/workerman/workerman/src/Worker.php(605): Workerman\Worker::monitorWorkers()
#9 /workerman/server.php(143): Workerman\Worker::runAll()
#10 {main}
TypeError: Unsupported operand types: int + string in /workerman/server.php:76
Stack trace:
#0 /workerman/vendor/workerman/workerman/src/Connection/TcpConnection.php(792): {closure:/workerman/server.php:66}(Object(Workerman\Connection\TcpConnection), Object(Workerman\Protocols\Http\Request))
#1 [internal function]: Workerman\Connection\TcpConnection->baseRead(Resource id #8846, true, NULL)
#2 /workerman/vendor/workerman/workerman/src/Events/Event.php(250): EventBase->loop()
#3 /workerman/vendor/workerman/workerman/src/Worker.php(1758): Workerman\Events\Event->run()
#4 /workerman/vendor/workerman/workerman/src/Worker.php(1554): Workerman\Worker::forkOneWorkerForLinux(Object(Workerman\Worker))
#5 /workerman/vendor/workerman/workerman/src/Worker.php(1534): Workerman\Worker::forkWorkersForLinux()
#6 /workerman/vendor/workerman/workerman/src/Worker.php(1903): Workerman\Worker::forkWorkers()
#7 /workerman/vendor/workerman/workerman/src/Worker.php(1838): Workerman\Worker::monitorWorkersForLinux()
#8 /workerman/vendor/workerman/workerman/src/Worker.php(605): Workerman\Worker::monitorWorkers()
#9 /workerman/server.php(143): Workerman\Worker::runAll()
#10 {main}
worker[none:8827] exit with status 64000
worker[none:8828] exit with status 64000
worker[none:8829] exit with status 64000
TypeError: Unsupported operand types: int + string in /workerman/server.php:76
Stack trace:
#0 /workerman/vendor/workerman/workerman/src/Connection/TcpConnection.php(792): {closure:/workerman/server.php:66}(Object(Workerman\Connection\TcpConnection), Object(Workerman\Protocols\Http\Request))
#1 [internal function]: Workerman\Connection\TcpConnection->baseRead(Resource id #8858, true, NULL)
#2 /workerman/vendor/workerman/workerman/src/Events/Event.php(250): EventBase->loop()
#3 /workerman/vendor/workerman/workerman/src/Worker.php(1758): Workerman\Events\Event->run()
#4 /workerman/vendor/workerman/workerman/src/Worker.php(1554): Workerman\Worker::forkOneWorkerForLinux(Object(Workerman\Worker))
#5 /workerman/vendor/workerman/workerman/src/Worker.php(1534): Workerman\Worker::forkWorkersForLinux()
#6 /workerman/vendor/workerman/workerman/src/Worker.php(1903): Workerman\Worker::forkWorkers()
#7 /workerman/vendor/workerman/workerman/src/Worker.php(1838): Workerman\Worker::monitorWorkersForLinux()
#8 /workerman/vendor/workerman/workerman/src/Worker.php(605): Workerman\Worker::monitorWorkers()
#9 /workerman/server.php(143): Workerman\Worker::runAll()
#10 {main}
TypeError: Unsupported operand types: int + string in /workerman/server.php:76
Stack trace:
#0 /workerman/vendor/workerman/workerman/src/Connection/TcpConnection.php(792): {closure:/workerman/server.php:66}(Object(Workerman\Connection\TcpConnection), Object(Workerman\Protocols\Http\Request))
#1 [internal function]: Workerman\Connection\TcpConnection->baseRead(Resource id #8871, true, NULL)
#2 /workerman/vendor/workerman/workerman/src/Events/Event.php(250): EventBase->loop()
#3 /workerman/vendor/workerman/workerman/src/Worker.php(1758): Workerman\Events\Event->run()
#4 /workerman/vendor/workerman/workerman/src/Worker.php(1554): Workerman\Worker::forkOneWorkerForLinux(Object(Workerman\Worker))
#5 /workerman/vendor/workerman/workerman/src/Worker.php(1534): Workerman\Worker::forkWorkersForLinux()
#6 /workerman/vendor/workerman/workerman/src/Worker.php(1903): Workerman\Worker::forkWorkers()
#7 /workerman/vendor/workerman/workerman/src/Worker.php(1838): Workerman\Worker::monitorWorkersForLinux()
#8 /workerman/vendor/workerman/workerman/src/Worker.php(605): Workerman\Worker::monitorWorkers()
#9 /workerman/server.php(143): Workerman\Worker::runAll()
#10 {main}
TypeError: Unsupported operand types: int + string in /workerman/server.php:76
Stack trace:
#0 /workerman/vendor/workerman/workerman/src/Connection/TcpConnection.php(792): {closure:/workerman/server.php:66}(Object(Workerman\Connection\TcpConnection), Object(Workerman\Protocols\Http\Request))
#1 [internal function]: Workerman\Connection\TcpConnection->baseRead(Resource id #8858, true, NULL)
#2 /workerman/vendor/workerman/workerman/src/Events/Event.php(250): EventBase->loop()
#3 /workerman/vendor/workerman/workerman/src/Worker.php(1758): Workerman\Events\Event->run()
#4 /workerman/vendor/workerman/workerman/src/Worker.php(1554): Workerman\Worker::forkOneWorkerForLinux(Object(Workerman\Worker))
#5 /workerman/vendor/workerman/workerman/src/Worker.php(1534): Workerman\Worker::forkWorkersForLinux()
#6 /workerman/vendor/workerman/workerman/src/Worker.php(1903): Workerman\Worker::forkWorkers()
#7 /workerman/vendor/workerman/workerman/src/Worker.php(1838): Workerman\Worker::monitorWorkersForLinux()
#8 /workerman/vendor/workerman/workerman/src/Worker.php(605): Workerman\Worker::monitorWorkers()
#9 /workerman/server.php(143): Workerman\Worker::runAll()
#10 {main}
worker[none:8830] exit with status 64000
worker[none:8831] exit with status 64000
worker[none:8832] exit with status 64000
worker[none:8833] exit with status 64000
TypeError: Unsupported operand types: int + string in /workerman/server.php:76
Stack trace:
#0 /workerman/vendor/workerman/workerman/src/Connection/TcpConnection.php(792): {closure:/workerman/server.php:66}(Object(Workerman\Connection\TcpConnection), Object(Workerman\Protocols\Http\Request))
#1 [internal function]: Workerman\Connection\TcpConnection->baseRead(Resource id #8868, true, NULL)
#2 /workerman/vendor/workerman/workerman/src/Events/Event.php(250): EventBase->loop()
#3 /workerman/vendor/workerman/workerman/src/Worker.php(1758): Workerman\Events\Event->run()
#4 /workerman/vendor/workerman/workerman/src/Worker.php(1554): Workerman\Worker::forkOneWorkerForLinux(Object(Workerman\Worker))
#5 /workerman/vendor/workerman/workerman/src/Worker.php(1534): Workerman\Worker::forkWorkersForLinux()
#6 /workerman/vendor/workerman/workerman/src/Worker.php(1903): Workerman\Worker::forkWorkers()
#7 /workerman/vendor/workerman/workerman/src/Worker.php(1838): Workerman\Worker::monitorWorkersForLinux()
#8 /workerman/vendor/workerman/workerman/src/Worker.php(605): Workerman\Worker::monitorWorkers()
#9 /workerman/server.php(143): Workerman\Worker::runAll()
#10 {main}
TypeError: Unsupported operand types: int + string in /workerman/server.php:76
Stack trace:
#0 /workerman/vendor/workerman/workerman/src/Connection/TcpConnection.php(792): {closure:/workerman/server.php:66}(Object(Workerman\Connection\TcpConnection), Object(Workerman\Protocols\Http\Request))
#1 [internal function]: Workerman\Connection\TcpConnection->baseRead(Resource id #8887, true, NULL)
#2 /workerman/vendor/workerman/workerman/src/Events/Event.php(250): EventBase->loop()
#3 /workerman/vendor/workerman/workerman/src/Worker.php(1758): Workerman\Events\Event->run()
#4 /workerman/vendor/workerman/workerman/src/Worker.php(1554): Workerman\Worker::forkOneWorkerForLinux(Object(Workerman\Worker))
#5 /workerman/vendor/workerman/workerman/src/Worker.php(1534): Workerman\Worker::forkWorkersForLinux()
#6 /workerman/vendor/workerman/workerman/src/Worker.php(1903): Workerman\Worker::forkWorkers()
#7 /workerman/vendor/workerman/workerman/src/Worker.php(1838): Workerman\Worker::monitorWorkersForLinux()
#8 /workerman/vendor/workerman/workerman/src/Worker.php(605): Workerman\Worker::monitorWorkers()
#9 /workerman/server.php(143): Workerman\Worker::runAll()
#10 {main}
TypeError: Unsupported operand types: int + string in /workerman/server.php:76
Stack trace:
#0 /workerman/vendor/workerman/workerman/src/Connection/TcpConnection.php(792): {closure:/workerman/server.php:66}(Object(Workerman\Connection\TcpConnection), Object(Workerman\Protocols\Http\Request))
#1 [internal function]: Workerman\Connection\TcpConnection->baseRead(Resource id #8878, true, NULL)
#2 /workerman/vendor/workerman/workerman/src/Events/Event.php(250): EventBase->loop()
#3 /workerman/vendor/workerman/workerman/src/Worker.php(1758): Workerman\Events\Event->run()
#4 /workerman/vendor/workerman/workerman/src/Worker.php(1554): Workerman\Worker::forkOneWorkerForLinux(Object(Workerman\Worker))
#5 /workerman/vendor/workerman/workerman/src/Worker.php(1534): Workerman\Worker::forkWorkersForLinux()
#6 /workerman/vendor/workerman/workerman/src/Worker.php(1903): Workerman\Worker::forkWorkers()
#7 /workerman/vendor/workerman/workerman/src/Worker.php(1838): Workerman\Worker::monitorWorkersForLinux()
#8 /workerman/vendor/workerman/workerman/src/Worker.php(605): Workerman\Worker::monitorWorkers()
#9 /workerman/server.php(143): Workerman\Worker::runAll()
#10 {main}
worker[none:8834] exit with status 64000
worker[none:8835] exit with status 64000
TypeError: Unsupported operand types: int + string in /workerman/server.php:76
Stack trace:
#0 /workerman/vendor/workerman/workerman/src/Connection/TcpConnection.php(792): {closure:/workerman/server.php:66}(Object(Workerman\Connection\TcpConnection), Object(Workerman\Protocols\Http\Request))
#1 [internal function]: Workerman\Connection\TcpConnection->baseRead(Resource id #8874, true, NULL)
#2 /workerman/vendor/workerman/workerman/src/Events/Event.php(250): EventBase->loop()
#3 /workerman/vendor/workerman/workerman/src/Worker.php(1758): Workerman\Events\Event->run()
#4 /workerman/vendor/workerman/workerman/src/Worker.php(1554): Workerman\Worker::forkOneWorkerForLinux(Object(Workerman\Worker))
#5 /workerman/vendor/workerman/workerman/src/Worker.php(1534): Workerman\Worker::forkWorkersForLinux()
#6 /workerman/vendor/workerman/workerman/src/Worker.php(1903): Workerman\Worker::forkWorkers()
#7 /workerman/vendor/workerman/workerman/src/Worker.php(1838): Workerman\Worker::monitorWorkersForLinux()
#8 /workerman/vendor/workerman/workerman/src/Worker.php(605): Workerman\Worker::monitorWorkers()
#9 /workerman/server.php(143): Workerman\Worker::runAll()
#10 {main}
worker[none:8836] exit with status 64000
TypeError: Unsupported operand types: int + string in /workerman/server.php:76
Stack trace:
#0 /workerman/vendor/workerman/workerman/src/Connection/TcpConnection.php(792): {closure:/workerman/server.php:66}(Object(Workerman\Connection\TcpConnection), Object(Workerman\Protocols\Http\Request))
#1 [internal function]: Workerman\Connection\TcpConnection->baseRead(Resource id #8873, true, NULL)
#2 /workerman/vendor/workerman/workerman/src/Events/Event.php(250): EventBase->loop()
#3 /workerman/vendor/workerman/workerman/src/Worker.php(1758): Workerman\Events\Event->run()
#4 /workerman/vendor/workerman/workerman/src/Worker.php(1554): Workerman\Worker::forkOneWorkerForLinux(Object(Workerman\Worker))
#5 /workerman/vendor/workerman/workerman/src/Worker.php(1534): Workerman\Worker::forkWorkersForLinux()
#6 /workerman/vendor/workerman/workerman/src/Worker.php(1903): Workerman\Worker::forkWorkers()
#7 /workerman/vendor/workerman/workerman/src/Worker.php(1838): Workerman\Worker::monitorWorkersForLinux()
#8 /workerman/vendor/workerman/workerman/src/Worker.php(605): Workerman\Worker::monitorWorkers()
#9 /workerman/server.php(143): Workerman\Worker::runAll()
#10 {main}
TypeError: Unsupported operand types: int + string in /workerman/server.php:76
Stack trace:
#0 /workerman/vendor/workerman/workerman/src/Connection/TcpConnection.php(792): {closure:/workerman/server.php:66}(Object(Workerman\Connection\TcpConnection), Object(Workerman\Protocols\Http\Request))
#1 [internal function]: Workerman\Connection\TcpConnection->baseRead(Resource id #8873, true, NULL)
#2 /workerman/vendor/workerman/workerman/src/Events/Event.php(250): EventBase->loop()
#3 /workerman/vendor/workerman/workerman/src/Worker.php(1758): Workerman\Events\Event->run()
#4 /workerman/vendor/workerman/workerman/src/Worker.php(1554): Workerman\Worker::forkOneWorkerForLinux(Object(Workerman\Worker))
#5 /workerman/vendor/workerman/workerman/src/Worker.php(1534): Workerman\Worker::forkWorkersForLinux()
#6 /workerman/vendor/workerman/workerman/src/Worker.php(1903): Workerman\Worker::forkWorkers()
#7 /workerman/vendor/workerman/workerman/src/Worker.php(1838): Workerman\Worker::monitorWorkersForLinux()
#8 /workerman/vendor/workerman/workerman/src/Worker.php(605): Workerman\Worker::monitorWorkers()
#9 /workerman/server.php(143): Workerman\Worker::runAll()
#10 {main}
worker[none:8837] exit with status 64000
TypeError: Unsupported operand types: int + string in /workerman/server.php:76
Stack trace:
#0 /workerman/vendor/workerman/workerman/src/Connection/TcpConnection.php(792): {closure:/workerman/server.php:66}(Object(Workerman\Connection\TcpConnection), Object(Workerman\Protocols\Http\Request))
#1 [internal function]: Workerman\Connection\TcpConnection->baseRead(Resource id #8868, true, NULL)
#2 /workerman/vendor/workerman/workerman/src/Events/Event.php(250): EventBase->loop()
#3 /workerman/vendor/workerman/workerman/src/Worker.php(1758): Workerman\Events\Event->run()
#4 /workerman/vendor/workerman/workerman/src/Worker.php(1554): Workerman\Worker::forkOneWorkerForLinux(Object(Workerman\Worker))
#5 /workerman/vendor/workerman/workerman/src/Worker.php(1534): Workerman\Worker::forkWorkersForLinux()
#6 /workerman/vendor/workerman/workerman/src/Worker.php(1903): Workerman\Worker::forkWorkers()
#7 /workerman/vendor/workerman/workerman/src/Worker.php(1838): Workerman\Worker::monitorWorkersForLinux()
#8 /workerman/vendor/workerman/workerman/src/Worker.php(605): Workerman\Worker::monitorWorkers()
#9 /workerman/server.php(143): Workerman\Worker::runAll()
#10 {main}
TypeError: Unsupported operand types: int + string in /workerman/server.php:76
Stack trace:
#0 /workerman/vendor/workerman/workerman/src/Connection/TcpConnection.php(792): {closure:/workerman/server.php:66}(Object(Workerman\Connection\TcpConnection), Object(Workerman\Protocols\Http\Request))
#1 [internal function]: Workerman\Connection\TcpConnection->baseRead(Resource id #8869, true, NULL)
#2 /workerman/vendor/workerman/workerman/src/Events/Event.php(250): EventBase->loop()
#3 /workerman/vendor/workerman/workerman/src/Worker.php(1758): Workerman\Events\Event->run()
#4 /workerman/vendor/workerman/workerman/src/Worker.php(1554): Workerman\Worker::forkOneWorkerForLinux(Object(Workerman\Worker))
#5 /workerman/vendor/workerman/workerman/src/Worker.php(1534): Workerman\Worker::forkWorkersForLinux()
#6 /workerman/vendor/workerman/workerman/src/Worker.php(1903): Workerman\Worker::forkWorkers()
#7 /workerman/vendor/workerman/workerman/src/Worker.php(1838): Workerman\Worker::monitorWorkersForLinux()
#8 /workerman/vendor/workerman/workerman/src/Worker.php(605): Workerman\Worker::monitorWorkers()
#9 /workerman/server.php(143): Workerman\Worker::runAll()
#10 {main}
worker[none:8838] exit with status 64000
TypeError: Unsupported operand types: int + string in /workerman/server.php:76
Stack trace:
#0 /workerman/vendor/workerman/workerman/src/Connection/TcpConnection.php(792): {closure:/workerman/server.php:66}(Object(Workerman\Connection\TcpConnection), Object(Workerman\Protocols\Http\Request))
#1 [internal function]: Workerman\Connection\TcpConnection->baseRead(Resource id #8875, true, NULL)
#2 /workerman/vendor/workerman/workerman/src/Events/Event.php(250): EventBase->loop()
#3 /workerman/vendor/workerman/workerman/src/Worker.php(1758): Workerman\Events\Event->run()
#4 /workerman/vendor/workerman/workerman/src/Worker.php(1554): Workerman\Worker::forkOneWorkerForLinux(Object(Workerman\Worker))
#5 /workerman/vendor/workerman/workerman/src/Worker.php(1534): Workerman\Worker::forkWorkersForLinux()
#6 /workerman/vendor/workerman/workerman/src/Worker.php(1903): Workerman\Worker::forkWorkers()
#7 /workerman/vendor/workerman/workerman/src/Worker.php(1838): Workerman\Worker::monitorWorkersForLinux()
#8 /workerman/vendor/workerman/workerman/src/Worker.php(605): Workerman\Worker::monitorWorkers()
#9 /workerman/server.php(143): Workerman\Worker::runAll()
#10 {main}
worker[none:8839] exit with status 64000
worker[none:8840] exit with status 64000
TypeError: Unsupported operand types: int + string in /workerman/server.php:76
Stack trace:
#0 /workerman/vendor/workerman/workerman/src/Connection/TcpConnection.php(792): {closure:/workerman/server.php:66}(Object(Workerman\Connection\TcpConnection), Object(Workerman\Protocols\Http\Request))
#1 [internal function]: Workerman\Connection\TcpConnection->baseRead(Resource id #8875, true, NULL)
#2 /workerman/vendor/workerman/workerman/src/Events/Event.php(250): EventBase->loop()
#3 /workerman/vendor/workerman/workerman/src/Worker.php(1758): Workerman\Events\Event->run()
#4 /workerman/vendor/workerman/workerman/src/Worker.php(1554): Workerman\Worker::forkOneWorkerForLinux(Object(Workerman\Worker))
#5 /workerman/vendor/workerman/workerman/src/Worker.php(1534): Workerman\Worker::forkWorkersForLinux()
#6 /workerman/vendor/workerman/workerman/src/Worker.php(1903): Workerman\Worker::forkWorkers()
#7 /workerman/vendor/workerman/workerman/src/Worker.php(1838): Workerman\Worker::monitorWorkersForLinux()
#8 /workerman/vendor/workerman/workerman/src/Worker.php(605): Workerman\Worker::monitorWorkers()
#9 /workerman/server.php(143): Workerman\Worker::runAll()
#10 {main}
worker[none:8841] exit with status 64000
worker[none:8842] exit with status 64000
worker[none:8843] exit with status 64000
TypeError: Unsupported operand types: int + string in /workerman/server.php:76
Stack trace:
#0 /workerman/vendor/workerman/workerman/src/Connection/TcpConnection.php(792): {closure:/workerman/server.php:66}(Object(Workerman\Connection\TcpConnection), Object(Workerman\Protocols\Http\Request))
#1 [internal function]: Workerman\Connection\TcpConnection->baseRead(Resource id #8890, true, NULL)
#2 /workerman/vendor/workerman/workerman/src/Events/Event.php(250): EventBase->loop()
#3 /workerman/vendor/workerman/workerman/src/Worker.php(1758): Workerman\Events\Event->run()
#4 /workerman/vendor/workerman/workerman/src/Worker.php(1554): Workerman\Worker::forkOneWorkerForLinux(Object(Workerman\Worker))
#5 /workerman/vendor/workerman/workerman/src/Worker.php(1534): Workerman\Worker::forkWorkersForLinux()
#6 /workerman/vendor/workerman/workerman/src/Worker.php(1903): Workerman\Worker::forkWorkers()
#7 /workerman/vendor/workerman/workerman/src/Worker.php(1838): Workerman\Worker::monitorWorkersForLinux()
#8 /workerman/vendor/workerman/workerman/src/Worker.php(605): Workerman\Worker::monitorWorkers()
#9 /workerman/server.php(143): Workerman\Worker::runAll()
#10 {main}
TypeError: Unsupported operand types: int + string in /workerman/server.php:76
Stack trace:
#0 /workerman/vendor/workerman/workerman/src/Connection/TcpConnection.php(792): {closure:/workerman/server.php:66}(Object(Workerman\Connection\TcpConnection), Object(Workerman\Protocols\Http\Request))
#1 [internal function]: Workerman\Connection\TcpConnection->baseRead(Resource id #8873, true, NULL)
#2 /workerman/vendor/workerman/workerman/src/Events/Event.php(250): EventBase->loop()
#3 /workerman/vendor/workerman/workerman/src/Worker.php(1758): Workerman\Events\Event->run()
#4 /workerman/vendor/workerman/workerman/src/Worker.php(1554): Workerman\Worker::forkOneWorkerForLinux(Object(Workerman\Worker))
#5 /workerman/vendor/workerman/workerman/src/Worker.php(1534): Workerman\Worker::forkWorkersForLinux()
#6 /workerman/vendor/workerman/workerman/src/Worker.php(1903): Workerman\Worker::forkWorkers()
#7 /workerman/vendor/workerman/workerman/src/Worker.php(1838): Workerman\Worker::monitorWorkersForLinux()
#8 /workerman/vendor/workerman/workerman/src/Worker.php(605): Workerman\Worker::monitorWorkers()
#9 /workerman/server.php(143): Workerman\Worker::runAll()
#10 {main}
worker[none:8844] exit with status 64000
TypeError: Unsupported operand types: int + string in /workerman/server.php:76
Stack trace:
#0 /workerman/vendor/workerman/workerman/src/Connection/TcpConnection.php(792): {closure:/workerman/server.php:66}(Object(Workerman\Connection\TcpConnection), Object(Workerman\Protocols\Http\Request))
#1 [internal function]: Workerman\Connection\TcpConnection->baseRead(Resource id #8875, true, NULL)
#2 /workerman/vendor/workerman/workerman/src/Events/Event.php(250): EventBase->loop()
#3 /workerman/vendor/workerman/workerman/src/Worker.php(1758): Workerman\Events\Event->run()
#4 /workerman/vendor/workerman/workerman/src/Worker.php(1554): Workerman\Worker::forkOneWorkerForLinux(Object(Workerman\Worker))
#5 /workerman/vendor/workerman/workerman/src/Worker.php(1534): Workerman\Worker::forkWorkersForLinux()
#6 /workerman/vendor/workerman/workerman/src/Worker.php(1903): Workerman\Worker::forkWorkers()
#7 /workerman/vendor/workerman/workerman/src/Worker.php(1838): Workerman\Worker::monitorWorkersForLinux()
#8 /workerman/vendor/workerman/workerman/src/Worker.php(605): Workerman\Worker::monitorWorkers()
#9 /workerman/server.php(143): Workerman\Worker::runAll()
#10 {main}
worker[none:8845] exit with status 64000
worker[none:8846] exit with status 64000
TypeError: Unsupported operand types: int + string in /workerman/server.php:76
Stack trace:
#0 /workerman/vendor/workerman/workerman/src/Connection/TcpConnection.php(792): {closure:/workerman/server.php:66}(Object(Workerman\Connection\TcpConnection), Object(Workerman\Protocols\Http\Request))
#1 [internal function]: Workerman\Connection\TcpConnection->baseRead(Resource id #8890, true, NULL)
#2 /workerman/vendor/workerman/workerman/src/Events/Event.php(250): EventBase->loop()
#3 /workerman/vendor/workerman/workerman/src/Worker.php(1758): Workerman\Events\Event->run()
#4 /workerman/vendor/workerman/workerman/src/Worker.php(1554): Workerman\Worker::forkOneWorkerForLinux(Object(Workerman\Worker))
#5 /workerman/vendor/workerman/workerman/src/Worker.php(1534): Workerman\Worker::forkWorkersForLinux()
#6 /workerman/vendor/workerman/workerman/src/Worker.php(1903): Workerman\Worker::forkWorkers()
#7 /workerman/vendor/workerman/workerman/src/Worker.php(1838): Workerman\Worker::monitorWorkersForLinux()
#8 /workerman/vendor/workerman/workerman/src/Worker.php(605): Workerman\Worker::monitorWorkers()
#9 /workerman/server.php(143): Workerman\Worker::runAll()
#10 {main}
worker[none:8848] exit with status 64000
TypeError: Unsupported operand types: int + string in /workerman/server.php:76
Stack trace:
#0 /workerman/vendor/workerman/workerman/src/Connection/TcpConnection.php(792): {closure:/workerman/server.php:66}(Object(Workerman\Connection\TcpConnection), Object(Workerman\Protocols\Http\Request))
#1 [internal function]: Workerman\Connection\TcpConnection->baseRead(Resource id #8875, true, NULL)
#2 /workerman/vendor/workerman/workerman/src/Events/Event.php(250): EventBase->loop()
#3 /workerman/vendor/workerman/workerman/src/Worker.php(1758): Workerman\Events\Event->run()
#4 /workerman/vendor/workerman/workerman/src/Worker.php(1554): Workerman\Worker::forkOneWorkerForLinux(Object(Workerman\Worker))
#5 /workerman/vendor/workerman/workerman/src/Worker.php(1534): Workerman\Worker::forkWorkersForLinux()
#6 /workerman/vendor/workerman/workerman/src/Worker.php(1903): Workerman\Worker::forkWorkers()
#7 /workerman/vendor/workerman/workerman/src/Worker.php(1838): Workerman\Worker::monitorWorkersForLinux()
#8 /workerman/vendor/workerman/workerman/src/Worker.php(605): Workerman\Worker::monitorWorkers()
#9 /workerman/server.php(143): Workerman\Worker::runAll()
#10 {main}
worker[none:8849] exit with status 64000
TypeError: Unsupported operand types: int + string in /workerman/server.php:76
Stack trace:
#0 /workerman/vendor/workerman/workerman/src/Connection/TcpConnection.php(792): {closure:/workerman/server.php:66}(Object(Workerman\Connection\TcpConnection), Object(Workerman\Protocols\Http\Request))
#1 [internal function]: Workerman\Connection\TcpConnection->baseRead(Resource id #8900, true, NULL)
#2 /workerman/vendor/workerman/workerman/src/Events/Event.php(250): EventBase->loop()
#3 /workerman/vendor/workerman/workerman/src/Worker.php(1758): Workerman\Events\Event->run()
#4 /workerman/vendor/workerman/workerman/src/Worker.php(1554): Workerman\Worker::forkOneWorkerForLinux(Object(Workerman\Worker))
#5 /workerman/vendor/workerman/workerman/src/Worker.php(1534): Workerman\Worker::forkWorkersForLinux()
#6 /workerman/vendor/workerman/workerman/src/Worker.php(1903): Workerman\Worker::forkWorkers()
#7 /workerman/vendor/workerman/workerman/src/Worker.php(1838): Workerman\Worker::monitorWorkersForLinux()
#8 /workerman/vendor/workerman/workerman/src/Worker.php(605): Workerman\Worker::monitorWorkers()
#9 /workerman/server.php(143): Workerman\Worker::runAll()
#10 {main}
TypeError: Unsupported operand types: int + string in /workerman/server.php:76
Stack trace:
#0 /workerman/vendor/workerman/workerman/src/Connection/TcpConnection.php(792): {closure:/workerman/server.php:66}(Object(Workerman\Connection\TcpConnection), Object(Workerman\Protocols\Http\Request))
#1 [internal function]: Workerman\Connection\TcpConnection->baseRead(Resource id #8877, true, NULL)
#2 /workerman/vendor/workerman/workerman/src/Events/Event.php(250): EventBase->loop()
#3 /workerman/vendor/workerman/workerman/src/Worker.php(1758): Workerman\Events\Event->run()
#4 /workerman/vendor/workerman/workerman/src/Worker.php(1554): Workerman\Worker::forkOneWorkerForLinux(Object(Workerman\Worker))
#5 /workerman/vendor/workerman/workerman/src/Worker.php(1534): Workerman\Worker::forkWorkersForLinux()
#6 /workerman/vendor/workerman/workerman/src/Worker.php(1903): Workerman\Worker::forkWorkers()
#7 /workerman/vendor/workerman/workerman/src/Worker.php(1838): Workerman\Worker::monitorWorkersForLinux()
#8 /workerman/vendor/workerman/workerman/src/Worker.php(605): Workerman\Worker::monitorWorkers()
#9 /workerman/server.php(143): Workerman\Worker::runAll()
#10 {main}
TypeError: Unsupported operand types: int + string in /workerman/server.php:76
Stack trace:
#0 /workerman/vendor/workerman/workerman/src/Connection/TcpConnection.php(792): {closure:/workerman/server.php:66}(Object(Workerman\Connection\TcpConnection), Object(Workerman\Protocols\Http\Request))
#1 [internal function]: Workerman\Connection\TcpConnection->baseRead(Resource id #8893, true, NULL)
#2 /workerman/vendor/workerman/workerman/src/Events/Event.php(250): EventBase->loop()
#3 /workerman/vendor/workerman/workerman/src/Worker.php(1758): Workerman\Events\Event->run()
#4 /workerman/vendor/workerman/workerman/src/Worker.php(1554): Workerman\Worker::forkOneWorkerForLinux(Object(Workerman\Worker))
#5 /workerman/vendor/workerman/workerman/src/Worker.php(1534): Workerman\Worker::forkWorkersForLinux()
#6 /workerman/vendor/workerman/workerman/src/Worker.php(1903): Workerman\Worker::forkWorkers()
#7 /workerman/vendor/workerman/workerman/src/Worker.php(1838): Workerman\Worker::monitorWorkersForLinux()
#8 /workerman/vendor/workerman/workerman/src/Worker.php(605): Workerman\Worker::monitorWorkers()
#9 /workerman/server.php(143): Workerman\Worker::runAll()
#10 {main}
worker[none:8850] exit with status 64000
worker[none:8851] exit with status 64000
TypeError: Unsupported operand types: int + string in /workerman/server.php:76
Stack trace:
#0 /workerman/vendor/workerman/workerman/src/Connection/TcpConnection.php(792): {closure:/workerman/server.php:66}(Object(Workerman\Connection\TcpConnection), Object(Workerman\Protocols\Http\Request))
#1 [internal function]: Workerman\Connection\TcpConnection->baseRead(Resource id #8878, true, NULL)
#2 /workerman/vendor/workerman/workerman/src/Events/Event.php(250): EventBase->loop()
#3 /workerman/vendor/workerman/workerman/src/Worker.php(1758): Workerman\Events\Event->run()
#4 /workerman/vendor/workerman/workerman/src/Worker.php(1554): Workerman\Worker::forkOneWorkerForLinux(Object(Workerman\Worker))
#5 /workerman/vendor/workerman/workerman/src/Worker.php(1534): Workerman\Worker::forkWorkersForLinux()
#6 /workerman/vendor/workerman/workerman/src/Worker.php(1903): Workerman\Worker::forkWorkers()
#7 /workerman/vendor/workerman/workerman/src/Worker.php(1838): Workerman\Worker::monitorWorkersForLinux()
#8 /workerman/vendor/workerman/workerman/src/Worker.php(605): Workerman\Worker::monitorWorkers()
#9 /workerman/server.php(143): Workerman\Worker::runAll()
#10 {main}
worker[none:8852] exit with status 64000
TypeError: Unsupported operand types: int + string in /workerman/server.php:76
Stack trace:
#0 /workerman/vendor/workerman/workerman/src/Connection/TcpConnection.php(792): {closure:/workerman/server.php:66}(Object(Workerman\Connection\TcpConnection), Object(Workerman\Protocols\Http\Request))
#1 [internal function]: Workerman\Connection\TcpConnection->baseRead(Resource id #8880, true, NULL)
#2 /workerman/vendor/workerman/workerman/src/Events/Event.php(250): EventBase->loop()
#3 /workerman/vendor/workerman/workerman/src/Worker.php(1758): Workerman\Events\Event->run()
#4 /workerman/vendor/workerman/workerman/src/Worker.php(1554): Workerman\Worker::forkOneWorkerForLinux(Object(Workerman\Worker))
#5 /workerman/vendor/workerman/workerman/src/Worker.php(1534): Workerman\Worker::forkWorkersForLinux()
#6 /workerman/vendor/workerman/workerman/src/Worker.php(1903): Workerman\Worker::forkWorkers()
#7 /workerman/vendor/workerman/workerman/src/Worker.php(1838): Workerman\Worker::monitorWorkersForLinux()
#8 /workerman/vendor/workerman/workerman/src/Worker.php(605): Workerman\Worker::monitorWorkers()
#9 /workerman/server.php(143): Workerman\Worker::runAll()
#10 {main}
TypeError: Unsupported operand types: int + string in /workerman/server.php:76
Stack trace:
#0 /workerman/vendor/workerman/workerman/src/Connection/TcpConnection.php(792): {closure:/workerman/server.php:66}(Object(Workerman\Connection\TcpConnection), Object(Workerman\Protocols\Http\Request))
#1 [internal function]: Workerman\Connection\TcpConnection->baseRead(Resource id #8896, true, NULL)
#2 /workerman/vendor/workerman/workerman/src/Events/Event.php(250): EventBase->loop()
#3 /workerman/vendor/workerman/workerman/src/Worker.php(1758): Workerman\Events\Event->run()
#4 /workerman/vendor/workerman/workerman/src/Worker.php(1554): Workerman\Worker::forkOneWorkerForLinux(Object(Workerman\Worker))
#5 /workerman/vendor/workerman/workerman/src/Worker.php(1534): Workerman\Worker::forkWorkersForLinux()
#6 /workerman/vendor/workerman/workerman/src/Worker.php(1903): Workerman\Worker::forkWorkers()
#7 /workerman/vendor/workerman/workerman/src/Worker.php(1838): Workerman\Worker::monitorWorkersForLinux()
#8 /workerman/vendor/workerman/workerman/src/Worker.php(605): Workerman\Worker::monitorWorkers()
#9 /workerman/server.php(143): Workerman\Worker::runAll()
#10 {main}
TypeError: Unsupported operand types: int + string in /workerman/server.php:76
Stack trace:
#0 /workerman/vendor/workerman/workerman/src/Connection/TcpConnection.php(792): {closure:/workerman/server.php:66}(Object(Workerman\Connection\TcpConnection), Object(Workerman\Protocols\Http\Request))
#1 [internal function]: Workerman\Connection\TcpConnection->baseRead(Resource id #8880, true, NULL)
#2 /workerman/vendor/workerman/workerman/src/Events/Event.php(250): EventBase->loop()
#3 /workerman/vendor/workerman/workerman/src/Worker.php(1758): Workerman\Events\Event->run()
#4 /workerman/vendor/workerman/workerman/src/Worker.php(1554): Workerman\Worker::forkOneWorkerForLinux(Object(Workerman\Worker))
#5 /workerman/vendor/workerman/workerman/src/Worker.php(1534): Workerman\Worker::forkWorkersForLinux()
#6 /workerman/vendor/workerman/workerman/src/Worker.php(1903): Workerman\Worker::forkWorkers()
#7 /workerman/vendor/workerman/workerman/src/Worker.php(1838): Workerman\Worker::monitorWorkersForLinux()
#8 /workerman/vendor/workerman/workerman/src/Worker.php(605): Workerman\Worker::monitorWorkers()
#9 /workerman/server.php(143): Workerman\Worker::runAll()
#10 {main}
worker[none:8853] exit with status 64000
worker[none:8854] exit with status 64000
worker[none:8855] exit with status 64000
worker[none:8856] exit with status 64000
worker[none:8857] exit with status 64000
TypeError: Unsupported operand types: int + string in /workerman/server.php:76
Stack trace:
#0 /workerman/vendor/workerman/workerman/src/Connection/TcpConnection.php(792): {closure:/workerman/server.php:66}(Object(Workerman\Connection\TcpConnection), Object(Workerman\Protocols\Http\Request))
#1 [internal function]: Workerman\Connection\TcpConnection->baseRead(Resource id #8894, true, NULL)
#2 /workerman/vendor/workerman/workerman/src/Events/Event.php(250): EventBase->loop()
#3 /workerman/vendor/workerman/workerman/src/Worker.php(1758): Workerman\Events\Event->run()
#4 /workerman/vendor/workerman/workerman/src/Worker.php(1554): Workerman\Worker::forkOneWorkerForLinux(Object(Workerman\Worker))
#5 /workerman/vendor/workerman/workerman/src/Worker.php(1534): Workerman\Worker::forkWorkersForLinux()
#6 /workerman/vendor/workerman/workerman/src/Worker.php(1903): Workerman\Worker::forkWorkers()
#7 /workerman/vendor/workerman/workerman/src/Worker.php(1838): Workerman\Worker::monitorWorkersForLinux()
#8 /workerman/vendor/workerman/workerman/src/Worker.php(605): Workerman\Worker::monitorWorkers()
#9 /workerman/server.php(143): Workerman\Worker::runAll()
#10 {main}
TypeError: Unsupported operand types: int + string in /workerman/server.php:76
Stack trace:
#0 /workerman/vendor/workerman/workerman/src/Connection/TcpConnection.php(792): {closure:/workerman/server.php:66}(Object(Workerman\Connection\TcpConnection), Object(Workerman\Protocols\Http\Request))
#1 [internal function]: Workerman\Connection\TcpConnection->baseRead(Resource id #8886, true, NULL)
#2 /workerman/vendor/workerman/workerman/src/Events/Event.php(250): EventBase->loop()
#3 /workerman/vendor/workerman/workerman/src/Worker.php(1758): Workerman\Events\Event->run()
#4 /workerman/vendor/workerman/workerman/src/Worker.php(1554): Workerman\Worker::forkOneWorkerForLinux(Object(Workerman\Worker))
#5 /workerman/vendor/workerman/workerman/src/Worker.php(1534): Workerman\Worker::forkWorkersForLinux()
#6 /workerman/vendor/workerman/workerman/src/Worker.php(1903): Workerman\Worker::forkWorkers()
#7 /workerman/vendor/workerman/workerman/src/Worker.php(1838): Workerman\Worker::monitorWorkersForLinux()
#8 /workerman/vendor/workerman/workerman/src/Worker.php(605): Workerman\Worker::monitorWorkers()
#9 /workerman/server.php(143): Workerman\Worker::runAll()
#10 {main}
TypeError: Unsupported operand types: int + string in /workerman/server.php:76
Stack trace:
#0 /workerman/vendor/workerman/workerman/src/Connection/TcpConnection.php(792): {closure:/workerman/server.php:66}(Object(Workerman\Connection\TcpConnection), Object(Workerman\Protocols\Http\Request))
#1 [internal function]: Workerman\Connection\TcpConnection->baseRead(Resource id #8904, true, NULL)
#2 /workerman/vendor/workerman/workerman/src/Events/Event.php(250): EventBase->loop()
#3 /workerman/vendor/workerman/workerman/src/Worker.php(1758): Workerman\Events\Event->run()
#4 /workerman/vendor/workerman/workerman/src/Worker.php(1554): Workerman\Worker::forkOneWorkerForLinux(Object(Workerman\Worker))
#5 /workerman/vendor/workerman/workerman/src/Worker.php(1534): Workerman\Worker::forkWorkersForLinux()
#6 /workerman/vendor/workerman/workerman/src/Worker.php(1903): Workerman\Worker::forkWorkers()
#7 /workerman/vendor/workerman/workerman/src/Worker.php(1838): Workerman\Worker::monitorWorkersForLinux()
#8 /workerman/vendor/workerman/workerman/src/Worker.php(605): Workerman\Worker::monitorWorkers()
#9 /workerman/server.php(143): Workerman\Worker::runAll()
#10 {main}
worker[none:8858] exit with status 64000
TypeError: Unsupported operand types: int + string in /workerman/server.php:76
Stack trace:
#0 /workerman/vendor/workerman/workerman/src/Connection/TcpConnection.php(792): {closure:/workerman/server.php:66}(Object(Workerman\Connection\TcpConnection), Object(Workerman\Protocols\Http\Request))
#1 [internal function]: Workerman\Connection\TcpConnection->baseRead(Resource id #8891, true, NULL)
#2 /workerman/vendor/workerman/workerman/src/Events/Event.php(250): EventBase->loop()
#3 /workerman/vendor/workerman/workerman/src/Worker.php(1758): Workerman\Events\Event->run()
#4 /workerman/vendor/workerman/workerman/src/Worker.php(1554): Workerman\Worker::forkOneWorkerForLinux(Object(Workerman\Worker))
#5 /workerman/vendor/workerman/workerman/src/Worker.php(1534): Workerman\Worker::forkWorkersForLinux()
#6 /workerman/vendor/workerman/workerman/src/Worker.php(1903): Workerman\Worker::forkWorkers()
#7 /workerman/vendor/workerman/workerman/src/Worker.php(1838): Workerman\Worker::monitorWorkersForLinux()
#8 /workerman/vendor/workerman/workerman/src/Worker.php(605): Workerman\Worker::monitorWorkers()
#9 /workerman/server.php(143): Workerman\Worker::runAll()
#10 {main}
worker[none:8859] exit with status 64000
TypeError: Unsupported operand types: int + string in /workerman/server.php:76
Stack trace:
#0 /workerman/vendor/workerman/workerman/src/Connection/TcpConnection.php(792): {closure:/workerman/server.php:66}(Object(Workerman\Connection\TcpConnection), Object(Workerman\Protocols\Http\Request))
#1 [internal function]: Workerman\Connection\TcpConnection->baseRead(Resource id #8889, true, NULL)
#2 /workerman/vendor/workerman/workerman/src/Events/Event.php(250): EventBase->loop()
#3 /workerman/vendor/workerman/workerman/src/Worker.php(1758): Workerman\Events\Event->run()
#4 /workerman/vendor/workerman/workerman/src/Worker.php(1554): Workerman\Worker::forkOneWorkerForLinux(Object(Workerman\Worker))
#5 /workerman/vendor/workerman/workerman/src/Worker.php(1534): Workerman\Worker::forkWorkersForLinux()
#6 /workerman/vendor/workerman/workerman/src/Worker.php(1903): Workerman\Worker::forkWorkers()
#7 /workerman/vendor/workerman/workerman/src/Worker.php(1838): Workerman\Worker::monitorWorkersForLinux()
#8 /workerman/vendor/workerman/workerman/src/Worker.php(605): Workerman\Worker::monitorWorkers()
#9 /workerman/server.php(143): Workerman\Worker::runAll()
#10 {main}
worker[none:8860] exit with status 64000
TypeError: Unsupported operand types: int + string in /workerman/server.php:76
Stack trace:
#0 /workerman/vendor/workerman/workerman/src/Connection/TcpConnection.php(792): {closure:/workerman/server.php:66}(Object(Workerman\Connection\TcpConnection), Object(Workerman\Protocols\Http\Request))
#1 [internal function]: Workerman\Connection\TcpConnection->baseRead(Resource id #8891, true, NULL)
#2 /workerman/vendor/workerman/workerman/src/Events/Event.php(250): EventBase->loop()
#3 /workerman/vendor/workerman/workerman/src/Worker.php(1758): Workerman\Events\Event->run()
#4 /workerman/vendor/workerman/workerman/src/Worker.php(1554): Workerman\Worker::forkOneWorkerForLinux(Object(Workerman\Worker))
#5 /workerman/vendor/workerman/workerman/src/Worker.php(1534): Workerman\Worker::forkWorkersForLinux()
#6 /workerman/vendor/workerman/workerman/src/Worker.php(1903): Workerman\Worker::forkWorkers()
#7 /workerman/vendor/workerman/workerman/src/Worker.php(1838): Workerman\Worker::monitorWorkersForLinux()
#8 /workerman/vendor/workerman/workerman/src/Worker.php(605): Workerman\Worker::monitorWorkers()
#9 /workerman/server.php(143): Workerman\Worker::runAll()
#10 {main}
worker[none:8861] exit with status 64000
TypeError: Unsupported operand types: int + string in /workerman/server.php:76
Stack trace:
#0 /workerman/vendor/workerman/workerman/src/Connection/TcpConnection.php(792): {closure:/workerman/server.php:66}(Object(Workerman\Connection\TcpConnection), Object(Workerman\Protocols\Http\Request))
#1 [internal function]: Workerman\Connection\TcpConnection->baseRead(Resource id #8897, true, NULL)
#2 /workerman/vendor/workerman/workerman/src/Events/Event.php(250): EventBase->loop()
#3 /workerman/vendor/workerman/workerman/src/Worker.php(1758): Workerman\Events\Event->run()
#4 /workerman/vendor/workerman/workerman/src/Worker.php(1554): Workerman\Worker::forkOneWorkerForLinux(Object(Workerman\Worker))
#5 /workerman/vendor/workerman/workerman/src/Worker.php(1534): Workerman\Worker::forkWorkersForLinux()
#6 /workerman/vendor/workerman/workerman/src/Worker.php(1903): Workerman\Worker::forkWorkers()
#7 /workerman/vendor/workerman/workerman/src/Worker.php(1838): Workerman\Worker::monitorWorkersForLinux()
#8 /workerman/vendor/workerman/workerman/src/Worker.php(605): Workerman\Worker::monitorWorkers()
#9 /workerman/server.php(143): Workerman\Worker::runAll()
#10 {main}
TypeError: Unsupported operand types: int + string in /workerman/server.php:76
Stack trace:
#0 /workerman/vendor/workerman/workerman/src/Connection/TcpConnection.php(792): {closure:/workerman/server.php:66}(Object(Workerman\Connection\TcpConnection), Object(Workerman\Protocols\Http\Request))
#1 [internal function]: Workerman\Connection\TcpConnection->baseRead(Resource id #8893, true, NULL)
#2 /workerman/vendor/workerman/workerman/src/Events/Event.php(250): EventBase->loop()
#3 /workerman/vendor/workerman/workerman/src/Worker.php(1758): Workerman\Events\Event->run()
#4 /workerman/vendor/workerman/workerman/src/Worker.php(1554): Workerman\Worker::forkOneWorkerForLinux(Object(Workerman\Worker))
#5 /workerman/vendor/workerman/workerman/src/Worker.php(1534): Workerman\Worker::forkWorkersForLinux()
#6 /workerman/vendor/workerman/workerman/src/Worker.php(1903): Workerman\Worker::forkWorkers()
#7 /workerman/vendor/workerman/workerman/src/Worker.php(1838): Workerman\Worker::monitorWorkersForLinux()
#8 /workerman/vendor/workerman/workerman/src/Worker.php(605): Workerman\Worker::monitorWorkers()
#9 /workerman/server.php(143): Workerman\Worker::runAll()
#10 {main}
TypeError: Unsupported operand types: int + string in /workerman/server.php:76
Stack trace:
#0 /workerman/vendor/workerman/workerman/src/Connection/TcpConnection.php(792): {closure:/workerman/server.php:66}(Object(Workerman\Connection\TcpConnection), Object(Workerman\Protocols\Http\Request))
#1 [internal function]: Workerman\Connection\TcpConnection->baseRead(Resource id #8889, true, NULL)
#2 /workerman/vendor/workerman/workerman/src/Events/Event.php(250): EventBase->loop()
#3 /workerman/vendor/workerman/workerman/src/Worker.php(1758): Workerman\Events\Event->run()
#4 /workerman/vendor/workerman/workerman/src/Worker.php(1554): Workerman\Worker::forkOneWorkerForLinux(Object(Workerman\Worker))
#5 /workerman/vendor/workerman/workerman/src/Worker.php(1534): Workerman\Worker::forkWorkersForLinux()
#6 /workerman/vendor/workerman/workerman/src/Worker.php(1903): Workerman\Worker::forkWorkers()
#7 /workerman/vendor/workerman/workerman/src/Worker.php(1838): Workerman\Worker::monitorWorkersForLinux()
#8 /workerman/vendor/workerman/workerman/src/Worker.php(605): Workerman\Worker::monitorWorkers()
#9 /workerman/server.php(143): Workerman\Worker::runAll()
#10 {main}
worker[none:8862] exit with status 64000
worker[none:8863] exit with status 64000
worker[none:8864] exit with status 64000
TypeError: Unsupported operand types: int + string in /workerman/server.php:76
Stack trace:
#0 /workerman/vendor/workerman/workerman/src/Connection/TcpConnection.php(792): {closure:/workerman/server.php:66}(Object(Workerman\Connection\TcpConnection), Object(Workerman\Protocols\Http\Request))
#1 [internal function]: Workerman\Connection\TcpConnection->baseRead(Resource id #8900, true, NULL)
#2 /workerman/vendor/workerman/workerman/src/Events/Event.php(250): EventBase->loop()
#3 /workerman/vendor/workerman/workerman/src/Worker.php(1758): Workerman\Events\Event->run()
#4 /workerman/vendor/workerman/workerman/src/Worker.php(1554): Workerman\Worker::forkOneWorkerForLinux(Object(Workerman\Worker))
#5 /workerman/vendor/workerman/workerman/src/Worker.php(1534): Workerman\Worker::forkWorkersForLinux()
#6 /workerman/vendor/workerman/workerman/src/Worker.php(1903): Workerman\Worker::forkWorkers()
#7 /workerman/vendor/workerman/workerman/src/Worker.php(1838): Workerman\Worker::monitorWorkersForLinux()
#8 /workerman/vendor/workerman/workerman/src/Worker.php(605): Workerman\Worker::monitorWorkers()
#9 /workerman/server.php(143): Workerman\Worker::runAll()
#10 {main}
TypeError: Unsupported operand types: int + string in /workerman/server.php:76
Stack trace:
#0 /workerman/vendor/workerman/workerman/src/Connection/TcpConnection.php(792): {closure:/workerman/server.php:66}(Object(Workerman\Connection\TcpConnection), Object(Workerman\Protocols\Http\Request))
#1 [internal function]: Workerman\Connection\TcpConnection->baseRead(Resource id #8896, true, NULL)
#2 /workerman/vendor/workerman/workerman/src/Events/Event.php(250): EventBase->loop()
#3 /workerman/vendor/workerman/workerman/src/Worker.php(1758): Workerman\Events\Event->run()
#4 /workerman/vendor/workerman/workerman/src/Worker.php(1554): Workerman\Worker::forkOneWorkerForLinux(Object(Workerman\Worker))
#5 /workerman/vendor/workerman/workerman/src/Worker.php(1534): Workerman\Worker::forkWorkersForLinux()
#6 /workerman/vendor/workerman/workerman/src/Worker.php(1903): Workerman\Worker::forkWorkers()
#7 /workerman/vendor/workerman/workerman/src/Worker.php(1838): Workerman\Worker::monitorWorkersForLinux()
#8 /workerman/vendor/workerman/workerman/src/Worker.php(605): Workerman\Worker::monitorWorkers()
#9 /workerman/server.php(143): Workerman\Worker::runAll()
#10 {main}
TypeError: Unsupported operand types: int + string in /workerman/server.php:76
Stack trace:
#0 /workerman/vendor/workerman/workerman/src/Connection/TcpConnection.php(792): {closure:/workerman/server.php:66}(Object(Workerman\Connection\TcpConnection), Object(Workerman\Protocols\Http\Request))
#1 [internal function]: Workerman\Connection\TcpConnection->baseRead(Resource id #8908, true, NULL)
#2 /workerman/vendor/workerman/workerman/src/Events/Event.php(250): EventBase->loop()
#3 /workerman/vendor/workerman/workerman/src/Worker.php(1758): Workerman\Events\Event->run()
#4 /workerman/vendor/workerman/workerman/src/Worker.php(1554): Workerman\Worker::forkOneWorkerForLinux(Object(Workerman\Worker))
#5 /workerman/vendor/workerman/workerman/src/Worker.php(1534): Workerman\Worker::forkWorkersForLinux()
#6 /workerman/vendor/workerman/workerman/src/Worker.php(1903): Workerman\Worker::forkWorkers()
#7 /workerman/vendor/workerman/workerman/src/Worker.php(1838): Workerman\Worker::monitorWorkersForLinux()
#8 /workerman/vendor/workerman/workerman/src/Worker.php(605): Workerman\Worker::monitorWorkers()
#9 /workerman/server.php(143): Workerman\Worker::runAll()
#10 {main}
TypeError: Unsupported operand types: int + string in /workerman/server.php:76
Stack trace:
#0 /workerman/vendor/workerman/workerman/src/Connection/TcpConnection.php(792): {closure:/workerman/server.php:66}(Object(Workerman\Connection\TcpConnection), Object(Workerman\Protocols\Http\Request))
#1 [internal function]: Workerman\Connection\TcpConnection->baseRead(Resource id #8895, true, NULL)
#2 /workerman/vendor/workerman/workerman/src/Events/Event.php(250): EventBase->loop()
#3 /workerman/vendor/workerman/workerman/src/Worker.php(1758): Workerman\Events\Event->run()
#4 /workerman/vendor/workerman/workerman/src/Worker.php(1554): Workerman\Worker::forkOneWorkerForLinux(Object(Workerman\Worker))
#5 /workerman/vendor/workerman/workerman/src/Worker.php(1534): Workerman\Worker::forkWorkersForLinux()
#6 /workerman/vendor/workerman/workerman/src/Worker.php(1903): Workerman\Worker::forkWorkers()
#7 /workerman/vendor/workerman/workerman/src/Worker.php(1838): Workerman\Worker::monitorWorkersForLinux()
#8 /workerman/vendor/workerman/workerman/src/Worker.php(605): Workerman\Worker::monitorWorkers()
#9 /workerman/server.php(143): Workerman\Worker::runAll()
#10 {main}
worker[none:8865] exit with status 64000
worker[none:8866] exit with status 64000
worker[none:8867] exit with status 64000
TypeError: Unsupported operand types: int + string in /workerman/server.php:76
Stack trace:
#0 /workerman/vendor/workerman/workerman/src/Connection/TcpConnection.php(792): {closure:/workerman/server.php:66}(Object(Workerman\Connection\TcpConnection), Object(Workerman\Protocols\Http\Request))
#1 [internal function]: Workerman\Connection\TcpConnection->baseRead(Resource id #8907, true, NULL)
#2 /workerman/vendor/workerman/workerman/src/Events/Event.php(250): EventBase->loop()
#3 /workerman/vendor/workerman/workerman/src/Worker.php(1758): Workerman\Events\Event->run()
#4 /workerman/vendor/workerman/workerman/src/Worker.php(1554): Workerman\Worker::forkOneWorkerForLinux(Object(Workerman\Worker))
#5 /workerman/vendor/workerman/workerman/src/Worker.php(1534): Workerman\Worker::forkWorkersForLinux()
#6 /workerman/vendor/workerman/workerman/src/Worker.php(1903): Workerman\Worker::forkWorkers()
#7 /workerman/vendor/workerman/workerman/src/Worker.php(1838): Workerman\Worker::monitorWorkersForLinux()
#8 /workerman/vendor/workerman/workerman/src/Worker.php(605): Workerman\Worker::monitorWorkers()
#9 /workerman/server.php(143): Workerman\Worker::runAll()
#10 {main}
worker[none:8868] exit with status 64000
TypeError: Unsupported operand types: int + string in /workerman/server.php:76
Stack trace:
#0 /workerman/vendor/workerman/workerman/src/Connection/TcpConnection.php(792): {closure:/workerman/server.php:66}(Object(Workerman\Connection\TcpConnection), Object(Workerman\Protocols\Http\Request))
#1 [internal function]: Workerman\Connection\TcpConnection->baseRead(Resource id #8898, true, NULL)
#2 /workerman/vendor/workerman/workerman/src/Events/Event.php(250): EventBase->loop()
#3 /workerman/vendor/workerman/workerman/src/Worker.php(1758): Workerman\Events\Event->run()
#4 /workerman/vendor/workerman/workerman/src/Worker.php(1554): Workerman\Worker::forkOneWorkerForLinux(Object(Workerman\Worker))
#5 /workerman/vendor/workerman/workerman/src/Worker.php(1534): Workerman\Worker::forkWorkersForLinux()
#6 /workerman/vendor/workerman/workerman/src/Worker.php(1903): Workerman\Worker::forkWorkers()
#7 /workerman/vendor/workerman/workerman/src/Worker.php(1838): Workerman\Worker::monitorWorkersForLinux()
#8 /workerman/vendor/workerman/workerman/src/Worker.php(605): Workerman\Worker::monitorWorkers()
#9 /workerman/server.php(143): Workerman\Worker::runAll()
#10 {main}
worker[none:8869] exit with status 64000
TypeError: Unsupported operand types: int + string in /workerman/server.php:76
Stack trace:
#0 /workerman/vendor/workerman/workerman/src/Connection/TcpConnection.php(792): {closure:/workerman/server.php:66}(Object(Workerman\Connection\TcpConnection), Object(Workerman\Protocols\Http\Request))
#1 [internal function]: Workerman\Connection\TcpConnection->baseRead(Resource id #8900, true, NULL)
#2 /workerman/vendor/workerman/workerman/src/Events/Event.php(250): EventBase->loop()
#3 /workerman/vendor/workerman/workerman/src/Worker.php(1758): Workerman\Events\Event->run()
#4 /workerman/vendor/workerman/workerman/src/Worker.php(1554): Workerman\Worker::forkOneWorkerForLinux(Object(Workerman\Worker))
#5 /workerman/vendor/workerman/workerman/src/Worker.php(1534): Workerman\Worker::forkWorkersForLinux()
#6 /workerman/vendor/workerman/workerman/src/Worker.php(1903): Workerman\Worker::forkWorkers()
#7 /workerman/vendor/workerman/workerman/src/Worker.php(1838): Workerman\Worker::monitorWorkersForLinux()
#8 /workerman/vendor/workerman/workerman/src/Worker.php(605): Workerman\Worker::monitorWorkers()
#9 /workerman/server.php(143): Workerman\Worker::runAll()
#10 {main}
worker[none:8870] exit with status 64000
TypeError: Unsupported operand types: int + string in /workerman/server.php:76
Stack trace:
#0 /workerman/vendor/workerman/workerman/src/Connection/TcpConnection.php(792): {closure:/workerman/server.php:66}(Object(Workerman\Connection\TcpConnection), Object(Workerman\Protocols\Http\Request))
#1 [internal function]: Workerman\Connection\TcpConnection->baseRead(Resource id #8898, true, NULL)
#2 /workerman/vendor/workerman/workerman/src/Events/Event.php(250): EventBase->loop()
#3 /workerman/vendor/workerman/workerman/src/Worker.php(1758): Workerman\Events\Event->run()
#4 /workerman/vendor/workerman/workerman/src/Worker.php(1554): Workerman\Worker::forkOneWorkerForLinux(Object(Workerman\Worker))
#5 /workerman/vendor/workerman/workerman/src/Worker.php(1534): Workerman\Worker::forkWorkersForLinux()
#6 /workerman/vendor/workerman/workerman/src/Worker.php(1903): Workerman\Worker::forkWorkers()
#7 /workerman/vendor/workerman/workerman/src/Worker.php(1838): Workerman\Worker::monitorWorkersForLinux()
#8 /workerman/vendor/workerman/workerman/src/Worker.php(605): Workerman\Worker::monitorWorkers()
#9 /workerman/server.php(143): Workerman\Worker::runAll()
#10 {main}
worker[none:8871] exit with status 64000
TypeError: Unsupported operand types: int + string in /workerman/server.php:76
Stack trace:
#0 /workerman/vendor/workerman/workerman/src/Connection/TcpConnection.php(792): {closure:/workerman/server.php:66}(Object(Workerman\Connection\TcpConnection), Object(Workerman\Protocols\Http\Request))
#1 [internal function]: Workerman\Connection\TcpConnection->baseRead(Resource id #8913, true, NULL)
#2 /workerman/vendor/workerman/workerman/src/Events/Event.php(250): EventBase->loop()
#3 /workerman/vendor/workerman/workerman/src/Worker.php(1758): Workerman\Events\Event->run()
#4 /workerman/vendor/workerman/workerman/src/Worker.php(1554): Workerman\Worker::forkOneWorkerForLinux(Object(Workerman\Worker))
#5 /workerman/vendor/workerman/workerman/src/Worker.php(1534): Workerman\Worker::forkWorkersForLinux()
#6 /workerman/vendor/workerman/workerman/src/Worker.php(1903): Workerman\Worker::forkWorkers()
#7 /workerman/vendor/workerman/workerman/src/Worker.php(1838): Workerman\Worker::monitorWorkersForLinux()
#8 /workerman/vendor/workerman/workerman/src/Worker.php(605): Workerman\Worker::monitorWorkers()
#9 /workerman/server.php(143): Workerman\Worker::runAll()
#10 {main}
worker[none:8872] exit with status 64000
TypeError: Unsupported operand types: int + string in /workerman/server.php:76
Stack trace:
#0 /workerman/vendor/workerman/workerman/src/Connection/TcpConnection.php(792): {closure:/workerman/server.php:66}(Object(Workerman\Connection\TcpConnection), Object(Workerman\Protocols\Http\Request))
#1 [internal function]: Workerman\Connection\TcpConnection->baseRead(Resource id #8900, true, NULL)
#2 /workerman/vendor/workerman/workerman/src/Events/Event.php(250): EventBase->loop()
#3 /workerman/vendor/workerman/workerman/src/Worker.php(1758): Workerman\Events\Event->run()
#4 /workerman/vendor/workerman/workerman/src/Worker.php(1554): Workerman\Worker::forkOneWorkerForLinux(Object(Workerman\Worker))
#5 /workerman/vendor/workerman/workerman/src/Worker.php(1534): Workerman\Worker::forkWorkersForLinux()
#6 /workerman/vendor/workerman/workerman/src/Worker.php(1903): Workerman\Worker::forkWorkers()
#7 /workerman/vendor/workerman/workerman/src/Worker.php(1838): Workerman\Worker::monitorWorkersForLinux()
#8 /workerman/vendor/workerman/workerman/src/Worker.php(605): Workerman\Worker::monitorWorkers()
#9 /workerman/server.php(143): Workerman\Worker::runAll()
#10 {main}
worker[none:8873] exit with status 64000
worker[none:8874] exit with status 64000
TypeError: Unsupported operand types: int + string in /workerman/server.php:76
Stack trace:
#0 /workerman/vendor/workerman/workerman/src/Connection/TcpConnection.php(792): {closure:/workerman/server.php:66}(Object(Workerman\Connection\TcpConnection), Object(Workerman\Protocols\Http\Request))
#1 [internal function]: Workerman\Connection\TcpConnection->baseRead(Resource id #8913, true, NULL)
#2 /workerman/vendor/workerman/workerman/src/Events/Event.php(250): EventBase->loop()
#3 /workerman/vendor/workerman/workerman/src/Worker.php(1758): Workerman\Events\Event->run()
#4 /workerman/vendor/workerman/workerman/src/Worker.php(1554): Workerman\Worker::forkOneWorkerForLinux(Object(Workerman\Worker))
#5 /workerman/vendor/workerman/workerman/src/Worker.php(1534): Workerman\Worker::forkWorkersForLinux()
#6 /workerman/vendor/workerman/workerman/src/Worker.php(1903): Workerman\Worker::forkWorkers()
#7 /workerman/vendor/workerman/workerman/src/Worker.php(1838): Workerman\Worker::monitorWorkersForLinux()
#8 /workerman/vendor/workerman/workerman/src/Worker.php(605): Workerman\Worker::monitorWorkers()
#9 /workerman/server.php(143): Workerman\Worker::runAll()
#10 {main}
worker[none:8875] exit with status 64000
TypeError: Unsupported operand types: int + string in /workerman/server.php:76
Stack trace:
#0 /workerman/vendor/workerman/workerman/src/Connection/TcpConnection.php(792): {closure:/workerman/server.php:66}(Object(Workerman\Connection\TcpConnection), Object(Workerman\Protocols\Http\Request))
#1 [internal function]: Workerman\Connection\TcpConnection->baseRead(Resource id #8904, true, NULL)
#2 /workerman/vendor/workerman/workerman/src/Events/Event.php(250): EventBase->loop()
#3 /workerman/vendor/workerman/workerman/src/Worker.php(1758): Workerman\Events\Event->run()
#4 /workerman/vendor/workerman/workerman/src/Worker.php(1554): Workerman\Worker::forkOneWorkerForLinux(Object(Workerman\Worker))
#5 /workerman/vendor/workerman/workerman/src/Worker.php(1534): Workerman\Worker::forkWorkersForLinux()
#6 /workerman/vendor/workerman/workerman/src/Worker.php(1903): Workerman\Worker::forkWorkers()
#7 /workerman/vendor/workerman/workerman/src/Worker.php(1838): Workerman\Worker::monitorWorkersForLinux()
#8 /workerman/vendor/workerman/workerman/src/Worker.php(605): Workerman\Worker::monitorWorkers()
#9 /workerman/server.php(143): Workerman\Worker::runAll()
#10 {main}
TypeError: Unsupported operand types: int + string in /workerman/server.php:76
Stack trace:
#0 /workerman/vendor/workerman/workerman/src/Connection/TcpConnection.php(792): {closure:/workerman/server.php:66}(Object(Workerman\Connection\TcpConnection), Object(Workerman\Protocols\Http\Request))
#1 [internal function]: Workerman\Connection\TcpConnection->baseRead(Resource id #8909, true, NULL)
#2 /workerman/vendor/workerman/workerman/src/Events/Event.php(250): EventBase->loop()
#3 /workerman/vendor/workerman/workerman/src/Worker.php(1758): Workerman\Events\Event->run()
#4 /workerman/vendor/workerman/workerman/src/Worker.php(1554): Workerman\Worker::forkOneWorkerForLinux(Object(Workerman\Worker))
#5 /workerman/vendor/workerman/workerman/src/Worker.php(1534): Workerman\Worker::forkWorkersForLinux()
#6 /workerman/vendor/workerman/workerman/src/Worker.php(1903): Workerman\Worker::forkWorkers()
#7 /workerman/vendor/workerman/workerman/src/Worker.php(1838): Workerman\Worker::monitorWorkersForLinux()
#8 /workerman/vendor/workerman/workerman/src/Worker.php(605): Workerman\Worker::monitorWorkers()
#9 /workerman/server.php(143): Workerman\Worker::runAll()
#10 {main}
worker[none:8876] exit with status 64000
TypeError: Unsupported operand types: int + string in /workerman/server.php:76
Stack trace:
#0 /workerman/vendor/workerman/workerman/src/Connection/TcpConnection.php(792): {closure:/workerman/server.php:66}(Object(Workerman\Connection\TcpConnection), Object(Workerman\Protocols\Http\Request))
#1 [internal function]: Workerman\Connection\TcpConnection->baseRead(Resource id #8912, true, NULL)
#2 /workerman/vendor/workerman/workerman/src/Events/Event.php(250): EventBase->loop()
#3 /workerman/vendor/workerman/workerman/src/Worker.php(1758): Workerman\Events\Event->run()
#4 /workerman/vendor/workerman/workerman/src/Worker.php(1554): Workerman\Worker::forkOneWorkerForLinux(Object(Workerman\Worker))
#5 /workerman/vendor/workerman/workerman/src/Worker.php(1534): Workerman\Worker::forkWorkersForLinux()
#6 /workerman/vendor/workerman/workerman/src/Worker.php(1903): Workerman\Worker::forkWorkers()
#7 /workerman/vendor/workerman/workerman/src/Worker.php(1838): Workerman\Worker::monitorWorkersForLinux()
#8 /workerman/vendor/workerman/workerman/src/Worker.php(605): Workerman\Worker::monitorWorkers()
#9 /workerman/server.php(143): Workerman\Worker::runAll()
#10 {main}
TypeError: Unsupported operand types: int + string in /workerman/server.php:76
Stack trace:
#0 /workerman/vendor/workerman/workerman/src/Connection/TcpConnection.php(792): {closure:/workerman/server.php:66}(Object(Workerman\Connection\TcpConnection), Object(Workerman\Protocols\Http\Request))
#1 [internal function]: Workerman\Connection\TcpConnection->baseRead(Resource id #8904, true, NULL)
#2 /workerman/vendor/workerman/workerman/src/Events/Event.php(250): EventBase->loop()
#3 /workerman/vendor/workerman/workerman/src/Worker.php(1758): Workerman\Events\Event->run()
#4 /workerman/vendor/workerman/workerman/src/Worker.php(1554): Workerman\Worker::forkOneWorkerForLinux(Object(Workerman\Worker))
#5 /workerman/vendor/workerman/workerman/src/Worker.php(1534): Workerman\Worker::forkWorkersForLinux()
#6 /workerman/vendor/workerman/workerman/src/Worker.php(1903): Workerman\Worker::forkWorkers()
#7 /workerman/vendor/workerman/workerman/src/Worker.php(1838): Workerman\Worker::monitorWorkersForLinux()
#8 /workerman/vendor/workerman/workerman/src/Worker.php(605): Workerman\Worker::monitorWorkers()
#9 /workerman/server.php(143): Workerman\Worker::runAll()
#10 {main}
worker[none:8877] exit with status 64000
worker[none:8878] exit with status 64000
worker[none:8879] exit with status 64000
worker[none:8880] exit with status 64000
TypeError: Unsupported operand types: int + string in /workerman/server.php:76
Stack trace:
#0 /workerman/vendor/workerman/workerman/src/Connection/TcpConnection.php(792): {closure:/workerman/server.php:66}(Object(Workerman\Connection\TcpConnection), Object(Workerman\Protocols\Http\Request))
#1 [internal function]: Workerman\Connection\TcpConnection->baseRead(Resource id #8914, true, NULL)
#2 /workerman/vendor/workerman/workerman/src/Events/Event.php(250): EventBase->loop()
#3 /workerman/vendor/workerman/workerman/src/Worker.php(1758): Workerman\Events\Event->run()
#4 /workerman/vendor/workerman/workerman/src/Worker.php(1554): Workerman\Worker::forkOneWorkerForLinux(Object(Workerman\Worker))
#5 /workerman/vendor/workerman/workerman/src/Worker.php(1534): Workerman\Worker::forkWorkersForLinux()
#6 /workerman/vendor/workerman/workerman/src/Worker.php(1903): Workerman\Worker::forkWorkers()
#7 /workerman/vendor/workerman/workerman/src/Worker.php(1838): Workerman\Worker::monitorWorkersForLinux()
#8 /workerman/vendor/workerman/workerman/src/Worker.php(605): Workerman\Worker::monitorWorkers()
#9 /workerman/server.php(143): Workerman\Worker::runAll()
#10 {main}
worker[none:8881] exit with status 64000
TypeError: Unsupported operand types: int + string in /workerman/server.php:76
Stack trace:
#0 /workerman/vendor/workerman/workerman/src/Connection/TcpConnection.php(792): {closure:/workerman/server.php:66}(Object(Workerman\Connection\TcpConnection), Object(Workerman\Protocols\Http\Request))
#1 [internal function]: Workerman\Connection\TcpConnection->baseRead(Resource id #8920, true, NULL)
#2 /workerman/vendor/workerman/workerman/src/Events/Event.php(250): EventBase->loop()
#3 /workerman/vendor/workerman/workerman/src/Worker.php(1758): Workerman\Events\Event->run()
#4 /workerman/vendor/workerman/workerman/src/Worker.php(1554): Workerman\Worker::forkOneWorkerForLinux(Object(Workerman\Worker))
#5 /workerman/vendor/workerman/workerman/src/Worker.php(1534): Workerman\Worker::forkWorkersForLinux()
#6 /workerman/vendor/workerman/workerman/src/Worker.php(1903): Workerman\Worker::forkWorkers()
#7 /workerman/vendor/workerman/workerman/src/Worker.php(1838): Workerman\Worker::monitorWorkersForLinux()
#8 /workerman/vendor/workerman/workerman/src/Worker.php(605): Workerman\Worker::monitorWorkers()
#9 /workerman/server.php(143): Workerman\Worker::runAll()
#10 {main}
worker[none:8882] exit with status 64000
TypeError: Unsupported operand types: int + string in /workerman/server.php:76
Stack trace:
#0 /workerman/vendor/workerman/workerman/src/Connection/TcpConnection.php(792): {closure:/workerman/server.php:66}(Object(Workerman\Connection\TcpConnection), Object(Workerman\Protocols\Http\Request))
#1 [internal function]: Workerman\Connection\TcpConnection->baseRead(Resource id #8915, true, NULL)
#2 /workerman/vendor/workerman/workerman/src/Events/Event.php(250): EventBase->loop()
#3 /workerman/vendor/workerman/workerman/src/Worker.php(1758): Workerman\Events\Event->run()
#4 /workerman/vendor/workerman/workerman/src/Worker.php(1554): Workerman\Worker::forkOneWorkerForLinux(Object(Workerman\Worker))
#5 /workerman/vendor/workerman/workerman/src/Worker.php(1534): Workerman\Worker::forkWorkersForLinux()
#6 /workerman/vendor/workerman/workerman/src/Worker.php(1903): Workerman\Worker::forkWorkers()
#7 /workerman/vendor/workerman/workerman/src/Worker.php(1838): Workerman\Worker::monitorWorkersForLinux()
#8 /workerman/vendor/workerman/workerman/src/Worker.php(605): Workerman\Worker::monitorWorkers()
#9 /workerman/server.php(143): Workerman\Worker::runAll()
#10 {main}
TypeError: Unsupported operand types: int + string in /workerman/server.php:76
Stack trace:
#0 /workerman/vendor/workerman/workerman/src/Connection/TcpConnection.php(792): {closure:/workerman/server.php:66}(Object(Workerman\Connection\TcpConnection), Object(Workerman\Protocols\Http\Request))
#1 [internal function]: Workerman\Connection\TcpConnection->baseRead(Resource id #8909, true, NULL)
#2 /workerman/vendor/workerman/workerman/src/Events/Event.php(250): EventBase->loop()
#3 /workerman/vendor/workerman/workerman/src/Worker.php(1758): Workerman\Events\Event->run()
#4 /workerman/vendor/workerman/workerman/src/Worker.php(1554): Workerman\Worker::forkOneWorkerForLinux(Object(Workerman\Worker))
#5 /workerman/vendor/workerman/workerman/src/Worker.php(1534): Workerman\Worker::forkWorkersForLinux()
#6 /workerman/vendor/workerman/workerman/src/Worker.php(1903): Workerman\Worker::forkWorkers()
#7 /workerman/vendor/workerman/workerman/src/Worker.php(1838): Workerman\Worker::monitorWorkersForLinux()
#8 /workerman/vendor/workerman/workerman/src/Worker.php(605): Workerman\Worker::monitorWorkers()
#9 /workerman/server.php(143): Workerman\Worker::runAll()
#10 {main}
TypeError: Unsupported operand types: int + string in /workerman/server.php:76
Stack trace:
#0 /workerman/vendor/workerman/workerman/src/Connection/TcpConnection.php(792): {closure:/workerman/server.php:66}(Object(Workerman\Connection\TcpConnection), Object(Workerman\Protocols\Http\Request))
#1 [internal function]: Workerman\Connection\TcpConnection->baseRead(Resource id #8930, true, NULL)
#2 /workerman/vendor/workerman/workerman/src/Events/Event.php(250): EventBase->loop()
#3 /workerman/vendor/workerman/workerman/src/Worker.php(1758): Workerman\Events\Event->run()
#4 /workerman/vendor/workerman/workerman/src/Worker.php(1554): Workerman\Worker::forkOneWorkerForLinux(Object(Workerman\Worker))
#5 /workerman/vendor/workerman/workerman/src/Worker.php(1534): Workerman\Worker::forkWorkersForLinux()
#6 /workerman/vendor/workerman/workerman/src/Worker.php(1903): Workerman\Worker::forkWorkers()
#7 /workerman/vendor/workerman/workerman/src/Worker.php(1838): Workerman\Worker::monitorWorkersForLinux()
#8 /workerman/vendor/workerman/workerman/src/Worker.php(605): Workerman\Worker::monitorWorkers()
#9 /workerman/server.php(143): Workerman\Worker::runAll()
#10 {main}
worker[none:8883] exit with status 64000
worker[none:8884] exit with status 64000
TypeError: Unsupported operand types: int + string in /workerman/server.php:76
Stack trace:
#0 /workerman/vendor/workerman/workerman/src/Connection/TcpConnection.php(792): {closure:/workerman/server.php:66}(Object(Workerman\Connection\TcpConnection), Object(Workerman\Protocols\Http\Request))
#1 [internal function]: Workerman\Connection\TcpConnection->baseRead(Resource id #8920, true, NULL)
#2 /workerman/vendor/workerman/workerman/src/Events/Event.php(250): EventBase->loop()
#3 /workerman/vendor/workerman/workerman/src/Worker.php(1758): Workerman\Events\Event->run()
#4 /workerman/vendor/workerman/workerman/src/Worker.php(1554): Workerman\Worker::forkOneWorkerForLinux(Object(Workerman\Worker))
#5 /workerman/vendor/workerman/workerman/src/Worker.php(1534): Workerman\Worker::forkWorkersForLinux()
#6 /workerman/vendor/workerman/workerman/src/Worker.php(1903): Workerman\Worker::forkWorkers()
#7 /workerman/vendor/workerman/workerman/src/Worker.php(1838): Workerman\Worker::monitorWorkersForLinux()
#8 /workerman/vendor/workerman/workerman/src/Worker.php(605): Workerman\Worker::monitorWorkers()
#9 /workerman/server.php(143): Workerman\Worker::runAll()
#10 {main}
worker[none:8885] exit with status 64000
worker[none:8886] exit with status 64000
TypeError: Unsupported operand types: int + string in /workerman/server.php:76
Stack trace:
#0 /workerman/vendor/workerman/workerman/src/Connection/TcpConnection.php(792): {closure:/workerman/server.php:66}(Object(Workerman\Connection\TcpConnection), Object(Workerman\Protocols\Http\Request))
#1 [internal function]: Workerman\Connection\TcpConnection->baseRead(Resource id #8917, true, NULL)
#2 /workerman/vendor/workerman/workerman/src/Events/Event.php(250): EventBase->loop()
#3 /workerman/vendor/workerman/workerman/src/Worker.php(1758): Workerman\Events\Event->run()
#4 /workerman/vendor/workerman/workerman/src/Worker.php(1554): Workerman\Worker::forkOneWorkerForLinux(Object(Workerman\Worker))
#5 /workerman/vendor/workerman/workerman/src/Worker.php(1534): Workerman\Worker::forkWorkersForLinux()
#6 /workerman/vendor/workerman/workerman/src/Worker.php(1903): Workerman\Worker::forkWorkers()
#7 /workerman/vendor/workerman/workerman/src/Worker.php(1838): Workerman\Worker::monitorWorkersForLinux()
#8 /workerman/vendor/workerman/workerman/src/Worker.php(605): Workerman\Worker::monitorWorkers()
#9 /workerman/server.php(143): Workerman\Worker::runAll()
#10 {main}
worker[none:8887] exit with status 64000
TypeError: Unsupported operand types: int + string in /workerman/server.php:76
Stack trace:
#0 /workerman/vendor/workerman/workerman/src/Connection/TcpConnection.php(792): {closure:/workerman/server.php:66}(Object(Workerman\Connection\TcpConnection), Object(Workerman\Protocols\Http\Request))
#1 [internal function]: Workerman\Connection\TcpConnection->baseRead(Resource id #8914, true, NULL)
#2 /workerman/vendor/workerman/workerman/src/Events/Event.php(250): EventBase->loop()
#3 /workerman/vendor/workerman/workerman/src/Worker.php(1758): Workerman\Events\Event->run()
#4 /workerman/vendor/workerman/workerman/src/Worker.php(1554): Workerman\Worker::forkOneWorkerForLinux(Object(Workerman\Worker))
#5 /workerman/vendor/workerman/workerman/src/Worker.php(1534): Workerman\Worker::forkWorkersForLinux()
#6 /workerman/vendor/workerman/workerman/src/Worker.php(1903): Workerman\Worker::forkWorkers()
#7 /workerman/vendor/workerman/workerman/src/Worker.php(1838): Workerman\Worker::monitorWorkersForLinux()
#8 /workerman/vendor/workerman/workerman/src/Worker.php(605): Workerman\Worker::monitorWorkers()
#9 /workerman/server.php(143): Workerman\Worker::runAll()
#10 {main}
TypeError: Unsupported operand types: int + string in /workerman/server.php:76
Stack trace:
#0 /workerman/vendor/workerman/workerman/src/Connection/TcpConnection.php(792): {closure:/workerman/server.php:66}(Object(Workerman\Connection\TcpConnection), Object(Workerman\Protocols\Http\Request))
#1 [internal function]: Workerman\Connection\TcpConnection->baseRead(Resource id #8921, true, NULL)
#2 /workerman/vendor/workerman/workerman/src/Events/Event.php(250): EventBase->loop()
#3 /workerman/vendor/workerman/workerman/src/Worker.php(1758): Workerman\Events\Event->run()
#4 /workerman/vendor/workerman/workerman/src/Worker.php(1554): Workerman\Worker::forkOneWorkerForLinux(Object(Workerman\Worker))
#5 /workerman/vendor/workerman/workerman/src/Worker.php(1534): Workerman\Worker::forkWorkersForLinux()
#6 /workerman/vendor/workerman/workerman/src/Worker.php(1903): Workerman\Worker::forkWorkers()
#7 /workerman/vendor/workerman/workerman/src/Worker.php(1838): Workerman\Worker::monitorWorkersForLinux()
#8 /workerman/vendor/workerman/workerman/src/Worker.php(605): Workerman\Worker::monitorWorkers()
#9 /workerman/server.php(143): Workerman\Worker::runAll()
#10 {main}
worker[none:8888] exit with status 64000
TypeError: Unsupported operand types: int + string in /workerman/server.php:76
Stack trace:
#0 /workerman/vendor/workerman/workerman/src/Connection/TcpConnection.php(792): {closure:/workerman/server.php:66}(Object(Workerman\Connection\TcpConnection), Object(Workerman\Protocols\Http\Request))
#1 [internal function]: Workerman\Connection\TcpConnection->baseRead(Resource id #8917, true, NULL)
#2 /workerman/vendor/workerman/workerman/src/Events/Event.php(250): EventBase->loop()
#3 /workerman/vendor/workerman/workerman/src/Worker.php(1758): Workerman\Events\Event->run()
#4 /workerman/vendor/workerman/workerman/src/Worker.php(1554): Workerman\Worker::forkOneWorkerForLinux(Object(Workerman\Worker))
#5 /workerman/vendor/workerman/workerman/src/Worker.php(1534): Workerman\Worker::forkWorkersForLinux()
#6 /workerman/vendor/workerman/workerman/src/Worker.php(1903): Workerman\Worker::forkWorkers()
#7 /workerman/vendor/workerman/workerman/src/Worker.php(1838): Workerman\Worker::monitorWorkersForLinux()
#8 /workerman/vendor/workerman/workerman/src/Worker.php(605): Workerman\Worker::monitorWorkers()
#9 /workerman/server.php(143): Workerman\Worker::runAll()
#10 {main}
worker[none:8889] exit with status 64000
worker[none:8890] exit with status 64000
TypeError: Unsupported operand types: int + string in /workerman/server.php:76
Stack trace:
#0 /workerman/vendor/workerman/workerman/src/Connection/TcpConnection.php(792): {closure:/workerman/server.php:66}(Object(Workerman\Connection\TcpConnection), Object(Workerman\Protocols\Http\Request))
#1 [internal function]: Workerman\Connection\TcpConnection->baseRead(Resource id #8920, true, NULL)
#2 /workerman/vendor/workerman/workerman/src/Events/Event.php(250): EventBase->loop()
#3 /workerman/vendor/workerman/workerman/src/Worker.php(1758): Workerman\Events\Event->run()
#4 /workerman/vendor/workerman/workerman/src/Worker.php(1554): Workerman\Worker::forkOneWorkerForLinux(Object(Workerman\Worker))
#5 /workerman/vendor/workerman/workerman/src/Worker.php(1534): Workerman\Worker::forkWorkersForLinux()
#6 /workerman/vendor/workerman/workerman/src/Worker.php(1903): Workerman\Worker::forkWorkers()
#7 /workerman/vendor/workerman/workerman/src/Worker.php(1838): Workerman\Worker::monitorWorkersForLinux()
#8 /workerman/vendor/workerman/workerman/src/Worker.php(605): Workerman\Worker::monitorWorkers()
#9 /workerman/server.php(143): Workerman\Worker::runAll()
#10 {main}
worker[none:8891] exit with status 64000
TypeError: Unsupported operand types: int + string in /workerman/server.php:76
Stack trace:
#0 /workerman/vendor/workerman/workerman/src/Connection/TcpConnection.php(792): {closure:/workerman/server.php:66}(Object(Workerman\Connection\TcpConnection), Object(Workerman\Protocols\Http\Request))
#1 [internal function]: Workerman\Connection\TcpConnection->baseRead(Resource id #8917, true, NULL)
#2 /workerman/vendor/workerman/workerman/src/Events/Event.php(250): EventBase->loop()
#3 /workerman/vendor/workerman/workerman/src/Worker.php(1758): Workerman\Events\Event->run()
#4 /workerman/vendor/workerman/workerman/src/Worker.php(1554): Workerman\Worker::forkOneWorkerForLinux(Object(Workerman\Worker))
#5 /workerman/vendor/workerman/workerman/src/Worker.php(1534): Workerman\Worker::forkWorkersForLinux()
#6 /workerman/vendor/workerman/workerman/src/Worker.php(1903): Workerman\Worker::forkWorkers()
#7 /workerman/vendor/workerman/workerman/src/Worker.php(1838): Workerman\Worker::monitorWorkersForLinux()
#8 /workerman/vendor/workerman/workerman/src/Worker.php(605): Workerman\Worker::monitorWorkers()
#9 /workerman/server.php(143): Workerman\Worker::runAll()
#10 {main}
TypeError: Unsupported operand types: int + string in /workerman/server.php:76
Stack trace:
#0 /workerman/vendor/workerman/workerman/src/Connection/TcpConnection.php(792): {closure:/workerman/server.php:66}(Object(Workerman\Connection\TcpConnection), Object(Workerman\Protocols\Http\Request))
#1 [internal function]: Workerman\Connection\TcpConnection->baseRead(Resource id #8919, true, NULL)
#2 /workerman/vendor/workerman/workerman/src/Events/Event.php(250): EventBase->loop()
#3 /workerman/vendor/workerman/workerman/src/Worker.php(1758): Workerman\Events\Event->run()
#4 /workerman/vendor/workerman/workerman/src/Worker.php(1554): Workerman\Worker::forkOneWorkerForLinux(Object(Workerman\Worker))
#5 /workerman/vendor/workerman/workerman/src/Worker.php(1534): Workerman\Worker::forkWorkersForLinux()
#6 /workerman/vendor/workerman/workerman/src/Worker.php(1903): Workerman\Worker::forkWorkers()
#7 /workerman/vendor/workerman/workerman/src/Worker.php(1838): Workerman\Worker::monitorWorkersForLinux()
#8 /workerman/vendor/workerman/workerman/src/Worker.php(605): Workerman\Worker::monitorWorkers()
#9 /workerman/server.php(143): Workerman\Worker::runAll()
#10 {main}
worker[none:8892] exit with status 64000
TypeError: Unsupported operand types: int + string in /workerman/server.php:76
Stack trace:
#0 /workerman/vendor/workerman/workerman/src/Connection/TcpConnection.php(792): {closure:/workerman/server.php:66}(Object(Workerman\Connection\TcpConnection), Object(Workerman\Protocols\Http\Request))
#1 [internal function]: Workerman\Connection\TcpConnection->baseRead(Resource id #8926, true, NULL)
#2 /workerman/vendor/workerman/workerman/src/Events/Event.php(250): EventBase->loop()
#3 /workerman/vendor/workerman/workerman/src/Worker.php(1758): Workerman\Events\Event->run()
#4 /workerman/vendor/workerman/workerman/src/Worker.php(1554): Workerman\Worker::forkOneWorkerForLinux(Object(Workerman\Worker))
#5 /workerman/vendor/workerman/workerman/src/Worker.php(1534): Workerman\Worker::forkWorkersForLinux()
#6 /workerman/vendor/workerman/workerman/src/Worker.php(1903): Workerman\Worker::forkWorkers()
#7 /workerman/vendor/workerman/workerman/src/Worker.php(1838): Workerman\Worker::monitorWorkersForLinux()
#8 /workerman/vendor/workerman/workerman/src/Worker.php(605): Workerman\Worker::monitorWorkers()
#9 /workerman/server.php(143): Workerman\Worker::runAll()
#10 {main}
worker[none:8893] exit with status 64000
worker[none:8894] exit with status 64000
TypeError: Unsupported operand types: int + string in /workerman/server.php:76
Stack trace:
#0 /workerman/vendor/workerman/workerman/src/Connection/TcpConnection.php(792): {closure:/workerman/server.php:66}(Object(Workerman\Connection\TcpConnection), Object(Workerman\Protocols\Http\Request))
#1 [internal function]: Workerman\Connection\TcpConnection->baseRead(Resource id #8925, true, NULL)
#2 /workerman/vendor/workerman/workerman/src/Events/Event.php(250): EventBase->loop()
#3 /workerman/vendor/workerman/workerman/src/Worker.php(1758): Workerman\Events\Event->run()
#4 /workerman/vendor/workerman/workerman/src/Worker.php(1554): Workerman\Worker::forkOneWorkerForLinux(Object(Workerman\Worker))
#5 /workerman/vendor/workerman/workerman/src/Worker.php(1534): Workerman\Worker::forkWorkersForLinux()
#6 /workerman/vendor/workerman/workerman/src/Worker.php(1903): Workerman\Worker::forkWorkers()
#7 /workerman/vendor/workerman/workerman/src/Worker.php(1838): Workerman\Worker::monitorWorkersForLinux()
#8 /workerman/vendor/workerman/workerman/src/Worker.php(605): Workerman\Worker::monitorWorkers()
#9 /workerman/server.php(143): Workerman\Worker::runAll()
#10 {main}
worker[none:8895] exit with status 64000
TypeError: Unsupported operand types: int + string in /workerman/server.php:76
Stack trace:
#0 /workerman/vendor/workerman/workerman/src/Connection/TcpConnection.php(792): {closure:/workerman/server.php:66}(Object(Workerman\Connection\TcpConnection), Object(Workerman\Protocols\Http\Request))
#1 [internal function]: Workerman\Connection\TcpConnection->baseRead(Resource id #8932, true, NULL)
#2 /workerman/vendor/workerman/workerman/src/Events/Event.php(250): EventBase->loop()
#3 /workerman/vendor/workerman/workerman/src/Worker.php(1758): Workerman\Events\Event->run()
#4 /workerman/vendor/workerman/workerman/src/Worker.php(1554): Workerman\Worker::forkOneWorkerForLinux(Object(Workerman\Worker))
#5 /workerman/vendor/workerman/workerman/src/Worker.php(1534): Workerman\Worker::forkWorkersForLinux()
#6 /workerman/vendor/workerman/workerman/src/Worker.php(1903): Workerman\Worker::forkWorkers()
#7 /workerman/vendor/workerman/workerman/src/Worker.php(1838): Workerman\Worker::monitorWorkersForLinux()
#8 /workerman/vendor/workerman/workerman/src/Worker.php(605): Workerman\Worker::monitorWorkers()
#9 /workerman/server.php(143): Workerman\Worker::runAll()
#10 {main}
worker[none:8896] exit with status 64000
worker[none:8897] exit with status 64000
worker[none:8898] exit with status 64000
TypeError: Unsupported operand types: int + string in /workerman/server.php:76
Stack trace:
#0 /workerman/vendor/workerman/workerman/src/Connection/TcpConnection.php(792): {closure:/workerman/server.php:66}(Object(Workerman\Connection\TcpConnection), Object(Workerman\Protocols\Http\Request))
#1 [internal function]: Workerman\Connection\TcpConnection->baseRead(Resource id #8923, true, NULL)
#2 /workerman/vendor/workerman/workerman/src/Events/Event.php(250): EventBase->loop()
#3 /workerman/vendor/workerman/workerman/src/Worker.php(1758): Workerman\Events\Event->run()
#4 /workerman/vendor/workerman/workerman/src/Worker.php(1554): Workerman\Worker::forkOneWorkerForLinux(Object(Workerman\Worker))
#5 /workerman/vendor/workerman/workerman/src/Worker.php(1534): Workerman\Worker::forkWorkersForLinux()
#6 /workerman/vendor/workerman/workerman/src/Worker.php(1903): Workerman\Worker::forkWorkers()
#7 /workerman/vendor/workerman/workerman/src/Worker.php(1838): Workerman\Worker::monitorWorkersForLinux()
#8 /workerman/vendor/workerman/workerman/src/Worker.php(605): Workerman\Worker::monitorWorkers()
#9 /workerman/server.php(143): Workerman\Worker::runAll()
#10 {main}
TypeError: Unsupported operand types: int + string in /workerman/server.php:76
Stack trace:
#0 /workerman/vendor/workerman/workerman/src/Connection/TcpConnection.php(792): {closure:/workerman/server.php:66}(Object(Workerman\Connection\TcpConnection), Object(Workerman\Protocols\Http\Request))
#1 [internal function]: Workerman\Connection\TcpConnection->baseRead(Resource id #8936, true, NULL)
#2 /workerman/vendor/workerman/workerman/src/Events/Event.php(250): EventBase->loop()
#3 /workerman/vendor/workerman/workerman/src/Worker.php(1758): Workerman\Events\Event->run()
#4 /workerman/vendor/workerman/workerman/src/Worker.php(1554): Workerman\Worker::forkOneWorkerForLinux(Object(Workerman\Worker))
#5 /workerman/vendor/workerman/workerman/src/Worker.php(1534): Workerman\Worker::forkWorkersForLinux()
#6 /workerman/vendor/workerman/workerman/src/Worker.php(1903): Workerman\Worker::forkWorkers()
#7 /workerman/vendor/workerman/workerman/src/Worker.php(1838): Workerman\Worker::monitorWorkersForLinux()
#8 /workerman/vendor/workerman/workerman/src/Worker.php(605): Workerman\Worker::monitorWorkers()
#9 /workerman/server.php(143): Workerman\Worker::runAll()
#10 {main}
worker[none:8899] exit with status 64000
TypeError: Unsupported operand types: int + string in /workerman/server.php:76
Stack trace:
#0 /workerman/vendor/workerman/workerman/src/Connection/TcpConnection.php(792): {closure:/workerman/server.php:66}(Object(Workerman\Connection\TcpConnection), Object(Workerman\Protocols\Http\Request))
#1 [internal function]: Workerman\Connection\TcpConnection->baseRead(Resource id #8931, true, NULL)
#2 /workerman/vendor/workerman/workerman/src/Events/Event.php(250): EventBase->loop()
#3 /workerman/vendor/workerman/workerman/src/Worker.php(1758): Workerman\Events\Event->run()
#4 /workerman/vendor/workerman/workerman/src/Worker.php(1554): Workerman\Worker::forkOneWorkerForLinux(Object(Workerman\Worker))
#5 /workerman/vendor/workerman/workerman/src/Worker.php(1534): Workerman\Worker::forkWorkersForLinux()
#6 /workerman/vendor/workerman/workerman/src/Worker.php(1903): Workerman\Worker::forkWorkers()
#7 /workerman/vendor/workerman/workerman/src/Worker.php(1838): Workerman\Worker::monitorWorkersForLinux()
#8 /workerman/vendor/workerman/workerman/src/Worker.php(605): Workerman\Worker::monitorWorkers()
#9 /workerman/server.php(143): Workerman\Worker::runAll()
#10 {main}
TypeError: Unsupported operand types: int + string in /workerman/server.php:76
Stack trace:
#0 /workerman/vendor/workerman/workerman/src/Connection/TcpConnection.php(792): {closure:/workerman/server.php:66}(Object(Workerman\Connection\TcpConnection), Object(Workerman\Protocols\Http\Request))
#1 [internal function]: Workerman\Connection\TcpConnection->baseRead(Resource id #8925, true, NULL)
#2 /workerman/vendor/workerman/workerman/src/Events/Event.php(250): EventBase->loop()
#3 /workerman/vendor/workerman/workerman/src/Worker.php(1758): Workerman\Events\Event->run()
#4 /workerman/vendor/workerman/workerman/src/Worker.php(1554): Workerman\Worker::forkOneWorkerForLinux(Object(Workerman\Worker))
#5 /workerman/vendor/workerman/workerman/src/Worker.php(1534): Workerman\Worker::forkWorkersForLinux()
#6 /workerman/vendor/workerman/workerman/src/Worker.php(1903): Workerman\Worker::forkWorkers()
#7 /workerman/vendor/workerman/workerman/src/Worker.php(1838): Workerman\Worker::monitorWorkersForLinux()
#8 /workerman/vendor/workerman/workerman/src/Worker.php(605): Workerman\Worker::monitorWorkers()
#9 /workerman/server.php(143): Workerman\Worker::runAll()
#10 {main}
worker[none:8900] exit with status 64000
TypeError: Unsupported operand types: int + string in /workerman/server.php:76
Stack trace:
#0 /workerman/vendor/workerman/workerman/src/Connection/TcpConnection.php(792): {closure:/workerman/server.php:66}(Object(Workerman\Connection\TcpConnection), Object(Workerman\Protocols\Http\Request))
#1 [internal function]: Workerman\Connection\TcpConnection->baseRead(Resource id #8939, true, NULL)
#2 /workerman/vendor/workerman/workerman/src/Events/Event.php(250): EventBase->loop()
#3 /workerman/vendor/workerman/workerman/src/Worker.php(1758): Workerman\Events\Event->run()
#4 /workerman/vendor/workerman/workerman/src/Worker.php(1554): Workerman\Worker::forkOneWorkerForLinux(Object(Workerman\Worker))
#5 /workerman/vendor/workerman/workerman/src/Worker.php(1534): Workerman\Worker::forkWorkersForLinux()
#6 /workerman/vendor/workerman/workerman/src/Worker.php(1903): Workerman\Worker::forkWorkers()
#7 /workerman/vendor/workerman/workerman/src/Worker.php(1838): Workerman\Worker::monitorWorkersForLinux()
#8 /workerman/vendor/workerman/workerman/src/Worker.php(605): Workerman\Worker::monitorWorkers()
#9 /workerman/server.php(143): Workerman\Worker::runAll()
#10 {main}
worker[none:8901] exit with status 64000
worker[none:8902] exit with status 64000
TypeError: Unsupported operand types: int + string in /workerman/server.php:76
Stack trace:
#0 /workerman/vendor/workerman/workerman/src/Connection/TcpConnection.php(792): {closure:/workerman/server.php:66}(Object(Workerman\Connection\TcpConnection), Object(Workerman\Protocols\Http\Request))
#1 [internal function]: Workerman\Connection\TcpConnection->baseRead(Resource id #8930, true, NULL)
#2 /workerman/vendor/workerman/workerman/src/Events/Event.php(250): EventBase->loop()
#3 /workerman/vendor/workerman/workerman/src/Worker.php(1758): Workerman\Events\Event->run()
#4 /workerman/vendor/workerman/workerman/src/Worker.php(1554): Workerman\Worker::forkOneWorkerForLinux(Object(Workerman\Worker))
#5 /workerman/vendor/workerman/workerman/src/Worker.php(1534): Workerman\Worker::forkWorkersForLinux()
#6 /workerman/vendor/workerman/workerman/src/Worker.php(1903): Workerman\Worker::forkWorkers()
#7 /workerman/vendor/workerman/workerman/src/Worker.php(1838): Workerman\Worker::monitorWorkersForLinux()
#8 /workerman/vendor/workerman/workerman/src/Worker.php(605): Workerman\Worker::monitorWorkers()
#9 /workerman/server.php(143): Workerman\Worker::runAll()
#10 {main}
TypeError: Unsupported operand types: int + string in /workerman/server.php:76
Stack trace:
#0 /workerman/vendor/workerman/workerman/src/Connection/TcpConnection.php(792): {closure:/workerman/server.php:66}(Object(Workerman\Connection\TcpConnection), Object(Workerman\Protocols\Http\Request))
#1 [internal function]: Workerman\Connection\TcpConnection->baseRead(Resource id #8946, true, NULL)
#2 /workerman/vendor/workerman/workerman/src/Events/Event.php(250): EventBase->loop()
#3 /workerman/vendor/workerman/workerman/src/Worker.php(1758): Workerman\Events\Event->run()
#4 /workerman/vendor/workerman/workerman/src/Worker.php(1554): Workerman\Worker::forkOneWorkerForLinux(Object(Workerman\Worker))
#5 /workerman/vendor/workerman/workerman/src/Worker.php(1534): Workerman\Worker::forkWorkersForLinux()
#6 /workerman/vendor/workerman/workerman/src/Worker.php(1903): Workerman\Worker::forkWorkers()
#7 /workerman/vendor/workerman/workerman/src/Worker.php(1838): Workerman\Worker::monitorWorkersForLinux()
#8 /workerman/vendor/workerman/workerman/src/Worker.php(605): Workerman\Worker::monitorWorkers()
#9 /workerman/server.php(143): Workerman\Worker::runAll()
#10 {main}
worker[none:8903] exit with status 64000
TypeError: Unsupported operand types: int + string in /workerman/server.php:76
Stack trace:
#0 /workerman/vendor/workerman/workerman/src/Connection/TcpConnection.php(792): {closure:/workerman/server.php:66}(Object(Workerman\Connection\TcpConnection), Object(Workerman\Protocols\Http\Request))
#1 [internal function]: Workerman\Connection\TcpConnection->baseRead(Resource id #8964, true, NULL)
#2 /workerman/vendor/workerman/workerman/src/Events/Event.php(250): EventBase->loop()
#3 /workerman/vendor/workerman/workerman/src/Worker.php(1758): Workerman\Events\Event->run()
#4 /workerman/vendor/workerman/workerman/src/Worker.php(1554): Workerman\Worker::forkOneWorkerForLinux(Object(Workerman\Worker))
#5 /workerman/vendor/workerman/workerman/src/Worker.php(1534): Workerman\Worker::forkWorkersForLinux()
#6 /workerman/vendor/workerman/workerman/src/Worker.php(1903): Workerman\Worker::forkWorkers()
#7 /workerman/vendor/workerman/workerman/src/Worker.php(1838): Workerman\Worker::monitorWorkersForLinux()
#8 /workerman/vendor/workerman/workerman/src/Worker.php(605): Workerman\Worker::monitorWorkers()
#9 /workerman/server.php(143): Workerman\Worker::runAll()
#10 {main}
worker[none:8904] exit with status 64000
TypeError: Unsupported operand types: int + string in /workerman/server.php:76
Stack trace:
#0 /workerman/vendor/workerman/workerman/src/Connection/TcpConnection.php(792): {closure:/workerman/server.php:66}(Object(Workerman\Connection\TcpConnection), Object(Workerman\Protocols\Http\Request))
#1 [internal function]: Workerman\Connection\TcpConnection->baseRead(Resource id #8941, true, NULL)
#2 /workerman/vendor/workerman/workerman/src/Events/Event.php(250): EventBase->loop()
#3 /workerman/vendor/workerman/workerman/src/Worker.php(1758): Workerman\Events\Event->run()
#4 /workerman/vendor/workerman/workerman/src/Worker.php(1554): Workerman\Worker::forkOneWorkerForLinux(Object(Workerman\Worker))
#5 /workerman/vendor/workerman/workerman/src/Worker.php(1534): Workerman\Worker::forkWorkersForLinux()
#6 /workerman/vendor/workerman/workerman/src/Worker.php(1903): Workerman\Worker::forkWorkers()
#7 /workerman/vendor/workerman/workerman/src/Worker.php(1838): Workerman\Worker::monitorWorkersForLinux()
#8 /workerman/vendor/workerman/workerman/src/Worker.php(605): Workerman\Worker::monitorWorkers()
#9 /workerman/server.php(143): Workerman\Worker::runAll()
#10 {main}
TypeError: Unsupported operand types: int + string in /workerman/server.php:76
Stack trace:
#0 /workerman/vendor/workerman/workerman/src/Connection/TcpConnection.php(792): {closure:/workerman/server.php:66}(Object(Workerman\Connection\TcpConnection), Object(Workerman\Protocols\Http\Request))
#1 [internal function]: Workerman\Connection\TcpConnection->baseRead(Resource id #8939, true, NULL)
#2 /workerman/vendor/workerman/workerman/src/Events/Event.php(250): EventBase->loop()
#3 /workerman/vendor/workerman/workerman/src/Worker.php(1758): Workerman\Events\Event->run()
#4 /workerman/vendor/workerman/workerman/src/Worker.php(1554): Workerman\Worker::forkOneWorkerForLinux(Object(Workerman\Worker))
#5 /workerman/vendor/workerman/workerman/src/Worker.php(1534): Workerman\Worker::forkWorkersForLinux()
#6 /workerman/vendor/workerman/workerman/src/Worker.php(1903): Workerman\Worker::forkWorkers()
#7 /workerman/vendor/workerman/workerman/src/Worker.php(1838): Workerman\Worker::monitorWorkersForLinux()
#8 /workerman/vendor/workerman/workerman/src/Worker.php(605): Workerman\Worker::monitorWorkers()
#9 /workerman/server.php(143): Workerman\Worker::runAll()
#10 {main}
worker[none:8905] exit with status 64000
TypeError: Unsupported operand types: int + string in /workerman/server.php:76
Stack trace:
#0 /workerman/vendor/workerman/workerman/src/Connection/TcpConnection.php(792): {closure:/workerman/server.php:66}(Object(Workerman\Connection\TcpConnection), Object(Workerman\Protocols\Http\Request))
#1 [internal function]: Workerman\Connection\TcpConnection->baseRead(Resource id #8946, true, NULL)
#2 /workerman/vendor/workerman/workerman/src/Events/Event.php(250): EventBase->loop()
#3 /workerman/vendor/workerman/workerman/src/Worker.php(1758): Workerman\Events\Event->run()
#4 /workerman/vendor/workerman/workerman/src/Worker.php(1554): Workerman\Worker::forkOneWorkerForLinux(Object(Workerman\Worker))
#5 /workerman/vendor/workerman/workerman/src/Worker.php(1534): Workerman\Worker::forkWorkersForLinux()
#6 /workerman/vendor/workerman/workerman/src/Worker.php(1903): Workerman\Worker::forkWorkers()
#7 /workerman/vendor/workerman/workerman/src/Worker.php(1838): Workerman\Worker::monitorWorkersForLinux()
#8 /workerman/vendor/workerman/workerman/src/Worker.php(605): Workerman\Worker::monitorWorkers()
#9 /workerman/server.php(143): Workerman\Worker::runAll()
#10 {main}
worker[none:8906] exit with status 64000
TypeError: Unsupported operand types: int + string in /workerman/server.php:76
Stack trace:
#0 /workerman/vendor/workerman/workerman/src/Connection/TcpConnection.php(792): {closure:/workerman/server.php:66}(Object(Workerman\Connection\TcpConnection), Object(Workerman\Protocols\Http\Request))
#1 [internal function]: Workerman\Connection\TcpConnection->baseRead(Resource id #8933, true, NULL)
#2 /workerman/vendor/workerman/workerman/src/Events/Event.php(250): EventBase->loop()
#3 /workerman/vendor/workerman/workerman/src/Worker.php(1758): Workerman\Events\Event->run()
#4 /workerman/vendor/workerman/workerman/src/Worker.php(1554): Workerman\Worker::forkOneWorkerForLinux(Object(Workerman\Worker))
#5 /workerman/vendor/workerman/workerman/src/Worker.php(1534): Workerman\Worker::forkWorkersForLinux()
#6 /workerman/vendor/workerman/workerman/src/Worker.php(1903): Workerman\Worker::forkWorkers()
#7 /workerman/vendor/workerman/workerman/src/Worker.php(1838): Workerman\Worker::monitorWorkersForLinux()
#8 /workerman/vendor/workerman/workerman/src/Worker.php(605): Workerman\Worker::monitorWorkers()
#9 /workerman/server.php(143): Workerman\Worker::runAll()
#10 {main}
TypeError: Unsupported operand types: int + string in /workerman/server.php:76
Stack trace:
#0 /workerman/vendor/workerman/workerman/src/Connection/TcpConnection.php(792): {closure:/workerman/server.php:66}(Object(Workerman\Connection\TcpConnection), Object(Workerman\Protocols\Http\Request))
#1 [internal function]: Workerman\Connection\TcpConnection->baseRead(Resource id #8948, true, NULL)
#2 /workerman/vendor/workerman/workerman/src/Events/Event.php(250): EventBase->loop()
#3 /workerman/vendor/workerman/workerman/src/Worker.php(1758): Workerman\Events\Event->run()
#4 /workerman/vendor/workerman/workerman/src/Worker.php(1554): Workerman\Worker::forkOneWorkerForLinux(Object(Workerman\Worker))
#5 /workerman/vendor/workerman/workerman/src/Worker.php(1534): Workerman\Worker::forkWorkersForLinux()
#6 /workerman/vendor/workerman/workerman/src/Worker.php(1903): Workerman\Worker::forkWorkers()
#7 /workerman/vendor/workerman/workerman/src/Worker.php(1838): Workerman\Worker::monitorWorkersForLinux()
#8 /workerman/vendor/workerman/workerman/src/Worker.php(605): Workerman\Worker::monitorWorkers()
#9 /workerman/server.php(143): Workerman\Worker::runAll()
#10 {main}
worker[none:8907] exit with status 64000
worker[none:8908] exit with status 64000
TypeError: Unsupported operand types: int + string in /workerman/server.php:76
Stack trace:
#0 /workerman/vendor/workerman/workerman/src/Connection/TcpConnection.php(792): {closure:/workerman/server.php:66}(Object(Workerman\Connection\TcpConnection), Object(Workerman\Protocols\Http\Request))
#1 [internal function]: Workerman\Connection\TcpConnection->baseRead(Resource id #8947, true, NULL)
#2 /workerman/vendor/workerman/workerman/src/Events/Event.php(250): EventBase->loop()
#3 /workerman/vendor/workerman/workerman/src/Worker.php(1758): Workerman\Events\Event->run()
#4 /workerman/vendor/workerman/workerman/src/Worker.php(1554): Workerman\Worker::forkOneWorkerForLinux(Object(Workerman\Worker))
#5 /workerman/vendor/workerman/workerman/src/Worker.php(1534): Workerman\Worker::forkWorkersForLinux()
#6 /workerman/vendor/workerman/workerman/src/Worker.php(1903): Workerman\Worker::forkWorkers()
#7 /workerman/vendor/workerman/workerman/src/Worker.php(1838): Workerman\Worker::monitorWorkersForLinux()
#8 /workerman/vendor/workerman/workerman/src/Worker.php(605): Workerman\Worker::monitorWorkers()
#9 /workerman/server.php(143): Workerman\Worker::runAll()
#10 {main}
TypeError: Unsupported operand types: int + string in /workerman/server.php:76
Stack trace:
#0 /workerman/vendor/workerman/workerman/src/Connection/TcpConnection.php(792): {closure:/workerman/server.php:66}(Object(Workerman\Connection\TcpConnection), Object(Workerman\Protocols\Http\Request))
#1 [internal function]: Workerman\Connection\TcpConnection->baseRead(Resource id #8948, true, NULL)
#2 /workerman/vendor/workerman/workerman/src/Events/Event.php(250): EventBase->loop()
#3 /workerman/vendor/workerman/workerman/src/Worker.php(1758): Workerman\Events\Event->run()
#4 /workerman/vendor/workerman/workerman/src/Worker.php(1554): Workerman\Worker::forkOneWorkerForLinux(Object(Workerman\Worker))
#5 /workerman/vendor/workerman/workerman/src/Worker.php(1534): Workerman\Worker::forkWorkersForLinux()
#6 /workerman/vendor/workerman/workerman/src/Worker.php(1903): Workerman\Worker::forkWorkers()
#7 /workerman/vendor/workerman/workerman/src/Worker.php(1838): Workerman\Worker::monitorWorkersForLinux()
#8 /workerman/vendor/workerman/workerman/src/Worker.php(605): Workerman\Worker::monitorWorkers()
#9 /workerman/server.php(143): Workerman\Worker::runAll()
#10 {main}
worker[none:8909] exit with status 64000
TypeError: Unsupported operand types: int + string in /workerman/server.php:76
Stack trace:
#0 /workerman/vendor/workerman/workerman/src/Connection/TcpConnection.php(792): {closure:/workerman/server.php:66}(Object(Workerman\Connection\TcpConnection), Object(Workerman\Protocols\Http\Request))
#1 [internal function]: Workerman\Connection\TcpConnection->baseRead(Resource id #8937, true, NULL)
#2 /workerman/vendor/workerman/workerman/src/Events/Event.php(250): EventBase->loop()
#3 /workerman/vendor/workerman/workerman/src/Worker.php(1758): Workerman\Events\Event->run()
#4 /workerman/vendor/workerman/workerman/src/Worker.php(1554): Workerman\Worker::forkOneWorkerForLinux(Object(Workerman\Worker))
#5 /workerman/vendor/workerman/workerman/src/Worker.php(1534): Workerman\Worker::forkWorkersForLinux()
#6 /workerman/vendor/workerman/workerman/src/Worker.php(1903): Workerman\Worker::forkWorkers()
#7 /workerman/vendor/workerman/workerman/src/Worker.php(1838): Workerman\Worker::monitorWorkersForLinux()
#8 /workerman/vendor/workerman/workerman/src/Worker.php(605): Workerman\Worker::monitorWorkers()
#9 /workerman/server.php(143): Workerman\Worker::runAll()
#10 {main}
worker[none:8911] exit with status 64000
TypeError: Unsupported operand types: int + string in /workerman/server.php:76
Stack trace:
#0 /workerman/vendor/workerman/workerman/src/Connection/TcpConnection.php(792): {closure:/workerman/server.php:66}(Object(Workerman\Connection\TcpConnection), Object(Workerman\Protocols\Http\Request))
#1 [internal function]: Workerman\Connection\TcpConnection->baseRead(Resource id #8939, true, NULL)
#2 /workerman/vendor/workerman/workerman/src/Events/Event.php(250): EventBase->loop()
#3 /workerman/vendor/workerman/workerman/src/Worker.php(1758): Workerman\Events\Event->run()
#4 /workerman/vendor/workerman/workerman/src/Worker.php(1554): Workerman\Worker::forkOneWorkerForLinux(Object(Workerman\Worker))
#5 /workerman/vendor/workerman/workerman/src/Worker.php(1534): Workerman\Worker::forkWorkersForLinux()
#6 /workerman/vendor/workerman/workerman/src/Worker.php(1903): Workerman\Worker::forkWorkers()
#7 /workerman/vendor/workerman/workerman/src/Worker.php(1838): Workerman\Worker::monitorWorkersForLinux()
#8 /workerman/vendor/workerman/workerman/src/Worker.php(605): Workerman\Worker::monitorWorkers()
#9 /workerman/server.php(143): Workerman\Worker::runAll()
#10 {main}
worker[none:8912] exit with status 64000
worker[none:8913] exit with status 64000
TypeError: Unsupported operand types: int + string in /workerman/server.php:76
Stack trace:
#0 /workerman/vendor/workerman/workerman/src/Connection/TcpConnection.php(792): {closure:/workerman/server.php:66}(Object(Workerman\Connection\TcpConnection), Object(Workerman\Protocols\Http\Request))
#1 [internal function]: Workerman\Connection\TcpConnection->baseRead(Resource id #8940, true, NULL)
#2 /workerman/vendor/workerman/workerman/src/Events/Event.php(250): EventBase->loop()
#3 /workerman/vendor/workerman/workerman/src/Worker.php(1758): Workerman\Events\Event->run()
#4 /workerman/vendor/workerman/workerman/src/Worker.php(1554): Workerman\Worker::forkOneWorkerForLinux(Object(Workerman\Worker))
#5 /workerman/vendor/workerman/workerman/src/Worker.php(1534): Workerman\Worker::forkWorkersForLinux()
#6 /workerman/vendor/workerman/workerman/src/Worker.php(1903): Workerman\Worker::forkWorkers()
#7 /workerman/vendor/workerman/workerman/src/Worker.php(1838): Workerman\Worker::monitorWorkersForLinux()
#8 /workerman/vendor/workerman/workerman/src/Worker.php(605): Workerman\Worker::monitorWorkers()
#9 /workerman/server.php(143): Workerman\Worker::runAll()
#10 {main}
worker[none:8914] exit with status 64000
TypeError: Unsupported operand types: int + string in /workerman/server.php:76
Stack trace:
#0 /workerman/vendor/workerman/workerman/src/Connection/TcpConnection.php(792): {closure:/workerman/server.php:66}(Object(Workerman\Connection\TcpConnection), Object(Workerman\Protocols\Http\Request))
#1 [internal function]: Workerman\Connection\TcpConnection->baseRead(Resource id #8945, true, NULL)
#2 /workerman/vendor/workerman/workerman/src/Events/Event.php(250): EventBase->loop()
#3 /workerman/vendor/workerman/workerman/src/Worker.php(1758): Workerman\Events\Event->run()
#4 /workerman/vendor/workerman/workerman/src/Worker.php(1554): Workerman\Worker::forkOneWorkerForLinux(Object(Workerman\Worker))
#5 /workerman/vendor/workerman/workerman/src/Worker.php(1534): Workerman\Worker::forkWorkersForLinux()
#6 /workerman/vendor/workerman/workerman/src/Worker.php(1903): Workerman\Worker::forkWorkers()
#7 /workerman/vendor/workerman/workerman/src/Worker.php(1838): Workerman\Worker::monitorWorkersForLinux()
#8 /workerman/vendor/workerman/workerman/src/Worker.php(605): Workerman\Worker::monitorWorkers()
#9 /workerman/server.php(143): Workerman\Worker::runAll()
#10 {main}
TypeError: Unsupported operand types: int + string in /workerman/server.php:76
Stack trace:
#0 /workerman/vendor/workerman/workerman/src/Connection/TcpConnection.php(792): {closure:/workerman/server.php:66}(Object(Workerman\Connection\TcpConnection), Object(Workerman\Protocols\Http\Request))
#1 [internal function]: Workerman\Connection\TcpConnection->baseRead(Resource id #8954, true, NULL)
#2 /workerman/vendor/workerman/workerman/src/Events/Event.php(250): EventBase->loop()
#3 /workerman/vendor/workerman/workerman/src/Worker.php(1758): Workerman\Events\Event->run()
#4 /workerman/vendor/workerman/workerman/src/Worker.php(1554): Workerman\Worker::forkOneWorkerForLinux(Object(Workerman\Worker))
#5 /workerman/vendor/workerman/workerman/src/Worker.php(1534): Workerman\Worker::forkWorkersForLinux()
#6 /workerman/vendor/workerman/workerman/src/Worker.php(1903): Workerman\Worker::forkWorkers()
#7 /workerman/vendor/workerman/workerman/src/Worker.php(1838): Workerman\Worker::monitorWorkersForLinux()
#8 /workerman/vendor/workerman/workerman/src/Worker.php(605): Workerman\Worker::monitorWorkers()
#9 /workerman/server.php(143): Workerman\Worker::runAll()
#10 {main}
worker[none:8915] exit with status 64000
TypeError: Unsupported operand types: int + string in /workerman/server.php:76
Stack trace:
#0 /workerman/vendor/workerman/workerman/src/Connection/TcpConnection.php(792): {closure:/workerman/server.php:66}(Object(Workerman\Connection\TcpConnection), Object(Workerman\Protocols\Http\Request))
#1 [internal function]: Workerman\Connection\TcpConnection->baseRead(Resource id #8945, true, NULL)
#2 /workerman/vendor/workerman/workerman/src/Events/Event.php(250): EventBase->loop()
#3 /workerman/vendor/workerman/workerman/src/Worker.php(1758): Workerman\Events\Event->run()
#4 /workerman/vendor/workerman/workerman/src/Worker.php(1554): Workerman\Worker::forkOneWorkerForLinux(Object(Workerman\Worker))
#5 /workerman/vendor/workerman/workerman/src/Worker.php(1534): Workerman\Worker::forkWorkersForLinux()
#6 /workerman/vendor/workerman/workerman/src/Worker.php(1903): Workerman\Worker::forkWorkers()
#7 /workerman/vendor/workerman/workerman/src/Worker.php(1838): Workerman\Worker::monitorWorkersForLinux()
#8 /workerman/vendor/workerman/workerman/src/Worker.php(605): Workerman\Worker::monitorWorkers()
#9 /workerman/server.php(143): Workerman\Worker::runAll()
#10 {main}
worker[none:8916] exit with status 64000
TypeError: Unsupported operand types: int + string in /workerman/server.php:76
Stack trace:
#0 /workerman/vendor/workerman/workerman/src/Connection/TcpConnection.php(792): {closure:/workerman/server.php:66}(Object(Workerman\Connection\TcpConnection), Object(Workerman\Protocols\Http\Request))
#1 [internal function]: Workerman\Connection\TcpConnection->baseRead(Resource id #8954, true, NULL)
#2 /workerman/vendor/workerman/workerman/src/Events/Event.php(250): EventBase->loop()
#3 /workerman/vendor/workerman/workerman/src/Worker.php(1758): Workerman\Events\Event->run()
#4 /workerman/vendor/workerman/workerman/src/Worker.php(1554): Workerman\Worker::forkOneWorkerForLinux(Object(Workerman\Worker))
#5 /workerman/vendor/workerman/workerman/src/Worker.php(1534): Workerman\Worker::forkWorkersForLinux()
#6 /workerman/vendor/workerman/workerman/src/Worker.php(1903): Workerman\Worker::forkWorkers()
#7 /workerman/vendor/workerman/workerman/src/Worker.php(1838): Workerman\Worker::monitorWorkersForLinux()
#8 /workerman/vendor/workerman/workerman/src/Worker.php(605): Workerman\Worker::monitorWorkers()
#9 /workerman/server.php(143): Workerman\Worker::runAll()
#10 {main}
worker[none:8917] exit with status 64000
worker[none:8918] exit with status 64000
worker[none:8919] exit with status 64000
TypeError: Unsupported operand types: int + string in /workerman/server.php:76
Stack trace:
#0 /workerman/vendor/workerman/workerman/src/Connection/TcpConnection.php(792): {closure:/workerman/server.php:66}(Object(Workerman\Connection\TcpConnection), Object(Workerman\Protocols\Http\Request))
#1 [internal function]: Workerman\Connection\TcpConnection->baseRead(Resource id #8956, true, NULL)
#2 /workerman/vendor/workerman/workerman/src/Events/Event.php(250): EventBase->loop()
#3 /workerman/vendor/workerman/workerman/src/Worker.php(1758): Workerman\Events\Event->run()
#4 /workerman/vendor/workerman/workerman/src/Worker.php(1554): Workerman\Worker::forkOneWorkerForLinux(Object(Workerman\Worker))
#5 /workerman/vendor/workerman/workerman/src/Worker.php(1534): Workerman\Worker::forkWorkersForLinux()
#6 /workerman/vendor/workerman/workerman/src/Worker.php(1903): Workerman\Worker::forkWorkers()
#7 /workerman/vendor/workerman/workerman/src/Worker.php(1838): Workerman\Worker::monitorWorkersForLinux()
#8 /workerman/vendor/workerman/workerman/src/Worker.php(605): Workerman\Worker::monitorWorkers()
#9 /workerman/server.php(143): Workerman\Worker::runAll()
#10 {main}
TypeError: Unsupported operand types: int + string in /workerman/server.php:76
Stack trace:
#0 /workerman/vendor/workerman/workerman/src/Connection/TcpConnection.php(792): {closure:/workerman/server.php:66}(Object(Workerman\Connection\TcpConnection), Object(Workerman\Protocols\Http\Request))
#1 [internal function]: Workerman\Connection\TcpConnection->baseRead(Resource id #8951, true, NULL)
#2 /workerman/vendor/workerman/workerman/src/Events/Event.php(250): EventBase->loop()
#3 /workerman/vendor/workerman/workerman/src/Worker.php(1758): Workerman\Events\Event->run()
#4 /workerman/vendor/workerman/workerman/src/Worker.php(1554): Workerman\Worker::forkOneWorkerForLinux(Object(Workerman\Worker))
#5 /workerman/vendor/workerman/workerman/src/Worker.php(1534): Workerman\Worker::forkWorkersForLinux()
#6 /workerman/vendor/workerman/workerman/src/Worker.php(1903): Workerman\Worker::forkWorkers()
#7 /workerman/vendor/workerman/workerman/src/Worker.php(1838): Workerman\Worker::monitorWorkersForLinux()
#8 /workerman/vendor/workerman/workerman/src/Worker.php(605): Workerman\Worker::monitorWorkers()
#9 /workerman/server.php(143): Workerman\Worker::runAll()
#10 {main}
TypeError: Unsupported operand types: int + string in /workerman/server.php:76
Stack trace:
#0 /workerman/vendor/workerman/workerman/src/Connection/TcpConnection.php(792): {closure:/workerman/server.php:66}(Object(Workerman\Connection\TcpConnection), Object(Workerman\Protocols\Http\Request))
#1 [internal function]: Workerman\Connection\TcpConnection->baseRead(Resource id #8956, true, NULL)
#2 /workerman/vendor/workerman/workerman/src/Events/Event.php(250): EventBase->loop()
#3 /workerman/vendor/workerman/workerman/src/Worker.php(1758): Workerman\Events\Event->run()
#4 /workerman/vendor/workerman/workerman/src/Worker.php(1554): Workerman\Worker::forkOneWorkerForLinux(Object(Workerman\Worker))
#5 /workerman/vendor/workerman/workerman/src/Worker.php(1534): Workerman\Worker::forkWorkersForLinux()
#6 /workerman/vendor/workerman/workerman/src/Worker.php(1903): Workerman\Worker::forkWorkers()
#7 /workerman/vendor/workerman/workerman/src/Worker.php(1838): Workerman\Worker::monitorWorkersForLinux()
#8 /workerman/vendor/workerman/workerman/src/Worker.php(605): Workerman\Worker::monitorWorkers()
#9 /workerman/server.php(143): Workerman\Worker::runAll()
#10 {main}
worker[none:8920] exit with status 64000
TypeError: Unsupported operand types: int + string in /workerman/server.php:76
Stack trace:
#0 /workerman/vendor/workerman/workerman/src/Connection/TcpConnection.php(792): {closure:/workerman/server.php:66}(Object(Workerman\Connection\TcpConnection), Object(Workerman\Protocols\Http\Request))
#1 [internal function]: Workerman\Connection\TcpConnection->baseRead(Resource id #8953, true, NULL)
#2 /workerman/vendor/workerman/workerman/src/Events/Event.php(250): EventBase->loop()
#3 /workerman/vendor/workerman/workerman/src/Worker.php(1758): Workerman\Events\Event->run()
#4 /workerman/vendor/workerman/workerman/src/Worker.php(1554): Workerman\Worker::forkOneWorkerForLinux(Object(Workerman\Worker))
#5 /workerman/vendor/workerman/workerman/src/Worker.php(1534): Workerman\Worker::forkWorkersForLinux()
#6 /workerman/vendor/workerman/workerman/src/Worker.php(1903): Workerman\Worker::forkWorkers()
#7 /workerman/vendor/workerman/workerman/src/Worker.php(1838): Workerman\Worker::monitorWorkersForLinux()
#8 /workerman/vendor/workerman/workerman/src/Worker.php(605): Workerman\Worker::monitorWorkers()
#9 /workerman/server.php(143): Workerman\Worker::runAll()
#10 {main}
worker[none:8921] exit with status 64000
TypeError: Unsupported operand types: int + string in /workerman/server.php:76
Stack trace:
#0 /workerman/vendor/workerman/workerman/src/Connection/TcpConnection.php(792): {closure:/workerman/server.php:66}(Object(Workerman\Connection\TcpConnection), Object(Workerman\Protocols\Http\Request))
#1 [internal function]: Workerman\Connection\TcpConnection->baseRead(Resource id #8949, true, NULL)
#2 /workerman/vendor/workerman/workerman/src/Events/Event.php(250): EventBase->loop()
#3 /workerman/vendor/workerman/workerman/src/Worker.php(1758): Workerman\Events\Event->run()
#4 /workerman/vendor/workerman/workerman/src/Worker.php(1554): Workerman\Worker::forkOneWorkerForLinux(Object(Workerman\Worker))
#5 /workerman/vendor/workerman/workerman/src/Worker.php(1534): Workerman\Worker::forkWorkersForLinux()
#6 /workerman/vendor/workerman/workerman/src/Worker.php(1903): Workerman\Worker::forkWorkers()
#7 /workerman/vendor/workerman/workerman/src/Worker.php(1838): Workerman\Worker::monitorWorkersForLinux()
#8 /workerman/vendor/workerman/workerman/src/Worker.php(605): Workerman\Worker::monitorWorkers()
#9 /workerman/server.php(143): Workerman\Worker::runAll()
#10 {main}
TypeError: Unsupported operand types: int + string in /workerman/server.php:76
Stack trace:
#0 /workerman/vendor/workerman/workerman/src/Connection/TcpConnection.php(792): {closure:/workerman/server.php:66}(Object(Workerman\Connection\TcpConnection), Object(Workerman\Protocols\Http\Request))
#1 [internal function]: Workerman\Connection\TcpConnection->baseRead(Resource id #8964, true, NULL)
#2 /workerman/vendor/workerman/workerman/src/Events/Event.php(250): EventBase->loop()
#3 /workerman/vendor/workerman/workerman/src/Worker.php(1758): Workerman\Events\Event->run()
#4 /workerman/vendor/workerman/workerman/src/Worker.php(1554): Workerman\Worker::forkOneWorkerForLinux(Object(Workerman\Worker))
#5 /workerman/vendor/workerman/workerman/src/Worker.php(1534): Workerman\Worker::forkWorkersForLinux()
#6 /workerman/vendor/workerman/workerman/src/Worker.php(1903): Workerman\Worker::forkWorkers()
#7 /workerman/vendor/workerman/workerman/src/Worker.php(1838): Workerman\Worker::monitorWorkersForLinux()
#8 /workerman/vendor/workerman/workerman/src/Worker.php(605): Workerman\Worker::monitorWorkers()
#9 /workerman/server.php(143): Workerman\Worker::runAll()
#10 {main}
worker[none:8922] exit with status 64000
TypeError: Unsupported operand types: int + string in /workerman/server.php:76
Stack trace:
#0 /workerman/vendor/workerman/workerman/src/Connection/TcpConnection.php(792): {closure:/workerman/server.php:66}(Object(Workerman\Connection\TcpConnection), Object(Workerman\Protocols\Http\Request))
#1 [internal function]: Workerman\Connection\TcpConnection->baseRead(Resource id #8961, true, NULL)
#2 /workerman/vendor/workerman/workerman/src/Events/Event.php(250): EventBase->loop()
#3 /workerman/vendor/workerman/workerman/src/Worker.php(1758): Workerman\Events\Event->run()
#4 /workerman/vendor/workerman/workerman/src/Worker.php(1554): Workerman\Worker::forkOneWorkerForLinux(Object(Workerman\Worker))
#5 /workerman/vendor/workerman/workerman/src/Worker.php(1534): Workerman\Worker::forkWorkersForLinux()
#6 /workerman/vendor/workerman/workerman/src/Worker.php(1903): Workerman\Worker::forkWorkers()
#7 /workerman/vendor/workerman/workerman/src/Worker.php(1838): Workerman\Worker::monitorWorkersForLinux()
#8 /workerman/vendor/workerman/workerman/src/Worker.php(605): Workerman\Worker::monitorWorkers()
#9 /workerman/server.php(143): Workerman\Worker::runAll()
#10 {main}
worker[none:8923] exit with status 64000
worker[none:8924] exit with status 64000
TypeError: Unsupported operand types: int + string in /workerman/server.php:76
Stack trace:
#0 /workerman/vendor/workerman/workerman/src/Connection/TcpConnection.php(792): {closure:/workerman/server.php:66}(Object(Workerman\Connection\TcpConnection), Object(Workerman\Protocols\Http\Request))
#1 [internal function]: Workerman\Connection\TcpConnection->baseRead(Resource id #8960, true, NULL)
#2 /workerman/vendor/workerman/workerman/src/Events/Event.php(250): EventBase->loop()
#3 /workerman/vendor/workerman/workerman/src/Worker.php(1758): Workerman\Events\Event->run()
#4 /workerman/vendor/workerman/workerman/src/Worker.php(1554): Workerman\Worker::forkOneWorkerForLinux(Object(Workerman\Worker))
#5 /workerman/vendor/workerman/workerman/src/Worker.php(1534): Workerman\Worker::forkWorkersForLinux()
#6 /workerman/vendor/workerman/workerman/src/Worker.php(1903): Workerman\Worker::forkWorkers()
#7 /workerman/vendor/workerman/workerman/src/Worker.php(1838): Workerman\Worker::monitorWorkersForLinux()
#8 /workerman/vendor/workerman/workerman/src/Worker.php(605): Workerman\Worker::monitorWorkers()
#9 /workerman/server.php(143): Workerman\Worker::runAll()
#10 {main}
worker[none:8925] exit with status 64000
worker[none:8926] exit with status 64000
TypeError: Unsupported operand types: int + string in /workerman/server.php:76
Stack trace:
#0 /workerman/vendor/workerman/workerman/src/Connection/TcpConnection.php(792): {closure:/workerman/server.php:66}(Object(Workerman\Connection\TcpConnection), Object(Workerman\Protocols\Http\Request))
#1 [internal function]: Workerman\Connection\TcpConnection->baseRead(Resource id #8954, true, NULL)
#2 /workerman/vendor/workerman/workerman/src/Events/Event.php(250): EventBase->loop()
#3 /workerman/vendor/workerman/workerman/src/Worker.php(1758): Workerman\Events\Event->run()
#4 /workerman/vendor/workerman/workerman/src/Worker.php(1554): Workerman\Worker::forkOneWorkerForLinux(Object(Workerman\Worker))
#5 /workerman/vendor/workerman/workerman/src/Worker.php(1534): Workerman\Worker::forkWorkersForLinux()
#6 /workerman/vendor/workerman/workerman/src/Worker.php(1903): Workerman\Worker::forkWorkers()
#7 /workerman/vendor/workerman/workerman/src/Worker.php(1838): Workerman\Worker::monitorWorkersForLinux()
#8 /workerman/vendor/workerman/workerman/src/Worker.php(605): Workerman\Worker::monitorWorkers()
#9 /workerman/server.php(143): Workerman\Worker::runAll()
#10 {main}
worker[none:8927] exit with status 64000
TypeError: Unsupported operand types: int + string in /workerman/server.php:76
Stack trace:
#0 /workerman/vendor/workerman/workerman/src/Connection/TcpConnection.php(792): {closure:/workerman/server.php:66}(Object(Workerman\Connection\TcpConnection), Object(Workerman\Protocols\Http\Request))
#1 [internal function]: Workerman\Connection\TcpConnection->baseRead(Resource id #8963, true, NULL)
#2 /workerman/vendor/workerman/workerman/src/Events/Event.php(250): EventBase->loop()
#3 /workerman/vendor/workerman/workerman/src/Worker.php(1758): Workerman\Events\Event->run()
#4 /workerman/vendor/workerman/workerman/src/Worker.php(1554): Workerman\Worker::forkOneWorkerForLinux(Object(Workerman\Worker))
#5 /workerman/vendor/workerman/workerman/src/Worker.php(1534): Workerman\Worker::forkWorkersForLinux()
#6 /workerman/vendor/workerman/workerman/src/Worker.php(1903): Workerman\Worker::forkWorkers()
#7 /workerman/vendor/workerman/workerman/src/Worker.php(1838): Workerman\Worker::monitorWorkersForLinux()
#8 /workerman/vendor/workerman/workerman/src/Worker.php(605): Workerman\Worker::monitorWorkers()
#9 /workerman/server.php(143): Workerman\Worker::runAll()
#10 {main}
TypeError: Unsupported operand types: int + string in /workerman/server.php:76
Stack trace:
#0 /workerman/vendor/workerman/workerman/src/Connection/TcpConnection.php(792): {closure:/workerman/server.php:66}(Object(Workerman\Connection\TcpConnection), Object(Workerman\Protocols\Http\Request))
#1 [internal function]: Workerman\Connection\TcpConnection->baseRead(Resource id #8953, true, NULL)
#2 /workerman/vendor/workerman/workerman/src/Events/Event.php(250): EventBase->loop()
#3 /workerman/vendor/workerman/workerman/src/Worker.php(1758): Workerman\Events\Event->run()
#4 /workerman/vendor/workerman/workerman/src/Worker.php(1554): Workerman\Worker::forkOneWorkerForLinux(Object(Workerman\Worker))
#5 /workerman/vendor/workerman/workerman/src/Worker.php(1534): Workerman\Worker::forkWorkersForLinux()
#6 /workerman/vendor/workerman/workerman/src/Worker.php(1903): Workerman\Worker::forkWorkers()
#7 /workerman/vendor/workerman/workerman/src/Worker.php(1838): Workerman\Worker::monitorWorkersForLinux()
#8 /workerman/vendor/workerman/workerman/src/Worker.php(605): Workerman\Worker::monitorWorkers()
#9 /workerman/server.php(143): Workerman\Worker::runAll()
#10 {main}
TypeError: Unsupported operand types: int + string in /workerman/server.php:76
Stack trace:
#0 /workerman/vendor/workerman/workerman/src/Connection/TcpConnection.php(792): {closure:/workerman/server.php:66}(Object(Workerman\Connection\TcpConnection), Object(Workerman\Protocols\Http\Request))
#1 [internal function]: Workerman\Connection\TcpConnection->baseRead(Resource id #8956, true, NULL)
#2 /workerman/vendor/workerman/workerman/src/Events/Event.php(250): EventBase->loop()
#3 /workerman/vendor/workerman/workerman/src/Worker.php(1758): Workerman\Events\Event->run()
#4 /workerman/vendor/workerman/workerman/src/Worker.php(1554): Workerman\Worker::forkOneWorkerForLinux(Object(Workerman\Worker))
#5 /workerman/vendor/workerman/workerman/src/Worker.php(1534): Workerman\Worker::forkWorkersForLinux()
#6 /workerman/vendor/workerman/workerman/src/Worker.php(1903): Workerman\Worker::forkWorkers()
#7 /workerman/vendor/workerman/workerman/src/Worker.php(1838): Workerman\Worker::monitorWorkersForLinux()
#8 /workerman/vendor/workerman/workerman/src/Worker.php(605): Workerman\Worker::monitorWorkers()
#9 /workerman/server.php(143): Workerman\Worker::runAll()
#10 {main}
TypeError: Unsupported operand types: int + string in /workerman/server.php:76
Stack trace:
#0 /workerman/vendor/workerman/workerman/src/Connection/TcpConnection.php(792): {closure:/workerman/server.php:66}(Object(Workerman\Connection\TcpConnection), Object(Workerman\Protocols\Http\Request))
#1 [internal function]: Workerman\Connection\TcpConnection->baseRead(Resource id #8951, true, NULL)
#2 /workerman/vendor/workerman/workerman/src/Events/Event.php(250): EventBase->loop()
#3 /workerman/vendor/workerman/workerman/src/Worker.php(1758): Workerman\Events\Event->run()
#4 /workerman/vendor/workerman/workerman/src/Worker.php(1554): Workerman\Worker::forkOneWorkerForLinux(Object(Workerman\Worker))
#5 /workerman/vendor/workerman/workerman/src/Worker.php(1534): Workerman\Worker::forkWorkersForLinux()
#6 /workerman/vendor/workerman/workerman/src/Worker.php(1903): Workerman\Worker::forkWorkers()
#7 /workerman/vendor/workerman/workerman/src/Worker.php(1838): Workerman\Worker::monitorWorkersForLinux()
#8 /workerman/vendor/workerman/workerman/src/Worker.php(605): Workerman\Worker::monitorWorkers()
#9 /workerman/server.php(143): Workerman\Worker::runAll()
#10 {main}
worker[none:8928] exit with status 64000
worker[none:8929] exit with status 64000
worker[none:8930] exit with status 64000
TypeError: Unsupported operand types: int + string in /workerman/server.php:76
Stack trace:
#0 /workerman/vendor/workerman/workerman/src/Connection/TcpConnection.php(792): {closure:/workerman/server.php:66}(Object(Workerman\Connection\TcpConnection), Object(Workerman\Protocols\Http\Request))
#1 [internal function]: Workerman\Connection\TcpConnection->baseRead(Resource id #8957, true, NULL)
#2 /workerman/vendor/workerman/workerman/src/Events/Event.php(250): EventBase->loop()
#3 /workerman/vendor/workerman/workerman/src/Worker.php(1758): Workerman\Events\Event->run()
#4 /workerman/vendor/workerman/workerman/src/Worker.php(1554): Workerman\Worker::forkOneWorkerForLinux(Object(Workerman\Worker))
#5 /workerman/vendor/workerman/workerman/src/Worker.php(1534): Workerman\Worker::forkWorkersForLinux()
#6 /workerman/vendor/workerman/workerman/src/Worker.php(1903): Workerman\Worker::forkWorkers()
#7 /workerman/vendor/workerman/workerman/src/Worker.php(1838): Workerman\Worker::monitorWorkersForLinux()
#8 /workerman/vendor/workerman/workerman/src/Worker.php(605): Workerman\Worker::monitorWorkers()
#9 /workerman/server.php(143): Workerman\Worker::runAll()
#10 {main}
TypeError: Unsupported operand types: int + string in /workerman/server.php:76
Stack trace:
#0 /workerman/vendor/workerman/workerman/src/Connection/TcpConnection.php(792): {closure:/workerman/server.php:66}(Object(Workerman\Connection\TcpConnection), Object(Workerman\Protocols\Http\Request))
#1 [internal function]: Workerman\Connection\TcpConnection->baseRead(Resource id #8980, true, NULL)
#2 /workerman/vendor/workerman/workerman/src/Events/Event.php(250): EventBase->loop()
#3 /workerman/vendor/workerman/workerman/src/Worker.php(1758): Workerman\Events\Event->run()
#4 /workerman/vendor/workerman/workerman/src/Worker.php(1554): Workerman\Worker::forkOneWorkerForLinux(Object(Workerman\Worker))
#5 /workerman/vendor/workerman/workerman/src/Worker.php(1534): Workerman\Worker::forkWorkersForLinux()
#6 /workerman/vendor/workerman/workerman/src/Worker.php(1903): Workerman\Worker::forkWorkers()
#7 /workerman/vendor/workerman/workerman/src/Worker.php(1838): Workerman\Worker::monitorWorkersForLinux()
#8 /workerman/vendor/workerman/workerman/src/Worker.php(605): Workerman\Worker::monitorWorkers()
#9 /workerman/server.php(143): Workerman\Worker::runAll()
#10 {main}
worker[none:8931] exit with status 64000
TypeError: Unsupported operand types: int + string in /workerman/server.php:76
Stack trace:
#0 /workerman/vendor/workerman/workerman/src/Connection/TcpConnection.php(792): {closure:/workerman/server.php:66}(Object(Workerman\Connection\TcpConnection), Object(Workerman\Protocols\Http\Request))
#1 [internal function]: Workerman\Connection\TcpConnection->baseRead(Resource id #8959, true, NULL)
#2 /workerman/vendor/workerman/workerman/src/Events/Event.php(250): EventBase->loop()
#3 /workerman/vendor/workerman/workerman/src/Worker.php(1758): Workerman\Events\Event->run()
#4 /workerman/vendor/workerman/workerman/src/Worker.php(1554): Workerman\Worker::forkOneWorkerForLinux(Object(Workerman\Worker))
#5 /workerman/vendor/workerman/workerman/src/Worker.php(1534): Workerman\Worker::forkWorkersForLinux()
#6 /workerman/vendor/workerman/workerman/src/Worker.php(1903): Workerman\Worker::forkWorkers()
#7 /workerman/vendor/workerman/workerman/src/Worker.php(1838): Workerman\Worker::monitorWorkersForLinux()
#8 /workerman/vendor/workerman/workerman/src/Worker.php(605): Workerman\Worker::monitorWorkers()
#9 /workerman/server.php(143): Workerman\Worker::runAll()
#10 {main}
worker[none:8932] exit with status 64000
worker[none:8933] exit with status 64000
TypeError: Unsupported operand types: int + string in /workerman/server.php:76
Stack trace:
#0 /workerman/vendor/workerman/workerman/src/Connection/TcpConnection.php(792): {closure:/workerman/server.php:66}(Object(Workerman\Connection\TcpConnection), Object(Workerman\Protocols\Http\Request))
#1 [internal function]: Workerman\Connection\TcpConnection->baseRead(Resource id #8960, true, NULL)
#2 /workerman/vendor/workerman/workerman/src/Events/Event.php(250): EventBase->loop()
#3 /workerman/vendor/workerman/workerman/src/Worker.php(1758): Workerman\Events\Event->run()
#4 /workerman/vendor/workerman/workerman/src/Worker.php(1554): Workerman\Worker::forkOneWorkerForLinux(Object(Workerman\Worker))
#5 /workerman/vendor/workerman/workerman/src/Worker.php(1534): Workerman\Worker::forkWorkersForLinux()
#6 /workerman/vendor/workerman/workerman/src/Worker.php(1903): Workerman\Worker::forkWorkers()
#7 /workerman/vendor/workerman/workerman/src/Worker.php(1838): Workerman\Worker::monitorWorkersForLinux()
#8 /workerman/vendor/workerman/workerman/src/Worker.php(605): Workerman\Worker::monitorWorkers()
#9 /workerman/server.php(143): Workerman\Worker::runAll()
#10 {main}
TypeError: Unsupported operand types: int + string in /workerman/server.php:76
Stack trace:
#0 /workerman/vendor/workerman/workerman/src/Connection/TcpConnection.php(792): {closure:/workerman/server.php:66}(Object(Workerman\Connection\TcpConnection), Object(Workerman\Protocols\Http\Request))
#1 [internal function]: Workerman\Connection\TcpConnection->baseRead(Resource id #8962, true, NULL)
#2 /workerman/vendor/workerman/workerman/src/Events/Event.php(250): EventBase->loop()
#3 /workerman/vendor/workerman/workerman/src/Worker.php(1758): Workerman\Events\Event->run()
#4 /workerman/vendor/workerman/workerman/src/Worker.php(1554): Workerman\Worker::forkOneWorkerForLinux(Object(Workerman\Worker))
#5 /workerman/vendor/workerman/workerman/src/Worker.php(1534): Workerman\Worker::forkWorkersForLinux()
#6 /workerman/vendor/workerman/workerman/src/Worker.php(1903): Workerman\Worker::forkWorkers()
#7 /workerman/vendor/workerman/workerman/src/Worker.php(1838): Workerman\Worker::monitorWorkersForLinux()
#8 /workerman/vendor/workerman/workerman/src/Worker.php(605): Workerman\Worker::monitorWorkers()
#9 /workerman/server.php(143): Workerman\Worker::runAll()
#10 {main}
worker[none:8934] exit with status 64000
TypeError: Unsupported operand types: int + string in /workerman/server.php:76
Stack trace:
#0 /workerman/vendor/workerman/workerman/src/Connection/TcpConnection.php(792): {closure:/workerman/server.php:66}(Object(Workerman\Connection\TcpConnection), Object(Workerman\Protocols\Http\Request))
#1 [internal function]: Workerman\Connection\TcpConnection->baseRead(Resource id #8965, true, NULL)
#2 /workerman/vendor/workerman/workerman/src/Events/Event.php(250): EventBase->loop()
#3 /workerman/vendor/workerman/workerman/src/Worker.php(1758): Workerman\Events\Event->run()
#4 /workerman/vendor/workerman/workerman/src/Worker.php(1554): Workerman\Worker::forkOneWorkerForLinux(Object(Workerman\Worker))
#5 /workerman/vendor/workerman/workerman/src/Worker.php(1534): Workerman\Worker::forkWorkersForLinux()
#6 /workerman/vendor/workerman/workerman/src/Worker.php(1903): Workerman\Worker::forkWorkers()
#7 /workerman/vendor/workerman/workerman/src/Worker.php(1838): Workerman\Worker::monitorWorkersForLinux()
#8 /workerman/vendor/workerman/workerman/src/Worker.php(605): Workerman\Worker::monitorWorkers()
#9 /workerman/server.php(143): Workerman\Worker::runAll()
#10 {main}
worker[none:8847] exit with status 64000
TypeError: Unsupported operand types: int + string in /workerman/server.php:76
Stack trace:
#0 /workerman/vendor/workerman/workerman/src/Connection/TcpConnection.php(792): {closure:/workerman/server.php:66}(Object(Workerman\Connection\TcpConnection), Object(Workerman\Protocols\Http\Request))
#1 [internal function]: Workerman\Connection\TcpConnection->baseRead(Resource id #8962, true, NULL)
#2 /workerman/vendor/workerman/workerman/src/Events/Event.php(250): EventBase->loop()
#3 /workerman/vendor/workerman/workerman/src/Worker.php(1758): Workerman\Events\Event->run()
#4 /workerman/vendor/workerman/workerman/src/Worker.php(1554): Workerman\Worker::forkOneWorkerForLinux(Object(Workerman\Worker))
#5 /workerman/vendor/workerman/workerman/src/Worker.php(1534): Workerman\Worker::forkWorkersForLinux()
#6 /workerman/vendor/workerman/workerman/src/Worker.php(1903): Workerman\Worker::forkWorkers()
#7 /workerman/vendor/workerman/workerman/src/Worker.php(1838): Workerman\Worker::monitorWorkersForLinux()
#8 /workerman/vendor/workerman/workerman/src/Worker.php(605): Workerman\Worker::monitorWorkers()
#9 /workerman/server.php(143): Workerman\Worker::runAll()
#10 {main}
worker[none:8935] exit with status 64000
TypeError: Unsupported operand types: int + string in /workerman/server.php:76
Stack trace:
#0 /workerman/vendor/workerman/workerman/src/Connection/TcpConnection.php(792): {closure:/workerman/server.php:66}(Object(Workerman\Connection\TcpConnection), Object(Workerman\Protocols\Http\Request))
#1 [internal function]: Workerman\Connection\TcpConnection->baseRead(Resource id #8971, true, NULL)
#2 /workerman/vendor/workerman/workerman/src/Events/Event.php(250): EventBase->loop()
#3 /workerman/vendor/workerman/workerman/src/Worker.php(1758): Workerman\Events\Event->run()
#4 /workerman/vendor/workerman/workerman/src/Worker.php(1554): Workerman\Worker::forkOneWorkerForLinux(Object(Workerman\Worker))
#5 /workerman/vendor/workerman/workerman/src/Worker.php(1534): Workerman\Worker::forkWorkersForLinux()
#6 /workerman/vendor/workerman/workerman/src/Worker.php(1903): Workerman\Worker::forkWorkers()
#7 /workerman/vendor/workerman/workerman/src/Worker.php(1838): Workerman\Worker::monitorWorkersForLinux()
#8 /workerman/vendor/workerman/workerman/src/Worker.php(605): Workerman\Worker::monitorWorkers()
#9 /workerman/server.php(143): Workerman\Worker::runAll()
#10 {main}
worker[none:8936] exit with status 64000
TypeError: Unsupported operand types: int + string in /workerman/server.php:76
Stack trace:
#0 /workerman/vendor/workerman/workerman/src/Connection/TcpConnection.php(792): {closure:/workerman/server.php:66}(Object(Workerman\Connection\TcpConnection), Object(Workerman\Protocols\Http\Request))
#1 [internal function]: Workerman\Connection\TcpConnection->baseRead(Resource id #8971, true, NULL)
#2 /workerman/vendor/workerman/workerman/src/Events/Event.php(250): EventBase->loop()
#3 /workerman/vendor/workerman/workerman/src/Worker.php(1758): Workerman\Events\Event->run()
#4 /workerman/vendor/workerman/workerman/src/Worker.php(1554): Workerman\Worker::forkOneWorkerForLinux(Object(Workerman\Worker))
#5 /workerman/vendor/workerman/workerman/src/Worker.php(1534): Workerman\Worker::forkWorkersForLinux()
#6 /workerman/vendor/workerman/workerman/src/Worker.php(1903): Workerman\Worker::forkWorkers()
#7 /workerman/vendor/workerman/workerman/src/Worker.php(1838): Workerman\Worker::monitorWorkersForLinux()
#8 /workerman/vendor/workerman/workerman/src/Worker.php(605): Workerman\Worker::monitorWorkers()
#9 /workerman/server.php(143): Workerman\Worker::runAll()
#10 {main}
TypeError: Unsupported operand types: int + string in /workerman/server.php:76
Stack trace:
#0 /workerman/vendor/workerman/workerman/src/Connection/TcpConnection.php(792): {closure:/workerman/server.php:66}(Object(Workerman\Connection\TcpConnection), Object(Workerman\Protocols\Http\Request))
#1 [internal function]: Workerman\Connection\TcpConnection->baseRead(Resource id #8978, true, NULL)
#2 /workerman/vendor/workerman/workerman/src/Events/Event.php(250): EventBase->loop()
#3 /workerman/vendor/workerman/workerman/src/Worker.php(1758): Workerman\Events\Event->run()
#4 /workerman/vendor/workerman/workerman/src/Worker.php(1554): Workerman\Worker::forkOneWorkerForLinux(Object(Workerman\Worker))
#5 /workerman/vendor/workerman/workerman/src/Worker.php(1534): Workerman\Worker::forkWorkersForLinux()
#6 /workerman/vendor/workerman/workerman/src/Worker.php(1903): Workerman\Worker::forkWorkers()
#7 /workerman/vendor/workerman/workerman/src/Worker.php(1838): Workerman\Worker::monitorWorkersForLinux()
#8 /workerman/vendor/workerman/workerman/src/Worker.php(605): Workerman\Worker::monitorWorkers()
#9 /workerman/server.php(143): Workerman\Worker::runAll()
#10 {main}
worker[none:8937] exit with status 64000
worker[none:8938] exit with status 64000
TypeError: Unsupported operand types: int + string in /workerman/server.php:76
Stack trace:
#0 /workerman/vendor/workerman/workerman/src/Connection/TcpConnection.php(792): {closure:/workerman/server.php:66}(Object(Workerman\Connection\TcpConnection), Object(Workerman\Protocols\Http\Request))
#1 [internal function]: Workerman\Connection\TcpConnection->baseRead(Resource id #8976, true, NULL)
#2 /workerman/vendor/workerman/workerman/src/Events/Event.php(250): EventBase->loop()
#3 /workerman/vendor/workerman/workerman/src/Worker.php(1758): Workerman\Events\Event->run()
#4 /workerman/vendor/workerman/workerman/src/Worker.php(1554): Workerman\Worker::forkOneWorkerForLinux(Object(Workerman\Worker))
#5 /workerman/vendor/workerman/workerman/src/Worker.php(1534): Workerman\Worker::forkWorkersForLinux()
#6 /workerman/vendor/workerman/workerman/src/Worker.php(1903): Workerman\Worker::forkWorkers()
#7 /workerman/vendor/workerman/workerman/src/Worker.php(1838): Workerman\Worker::monitorWorkersForLinux()
#8 /workerman/vendor/workerman/workerman/src/Worker.php(605): Workerman\Worker::monitorWorkers()
#9 /workerman/server.php(143): Workerman\Worker::runAll()
#10 {main}
worker[none:8939] exit with status 64000
TypeError: Unsupported operand types: int + string in /workerman/server.php:76
Stack trace:
#0 /workerman/vendor/workerman/workerman/src/Connection/TcpConnection.php(792): {closure:/workerman/server.php:66}(Object(Workerman\Connection\TcpConnection), Object(Workerman\Protocols\Http\Request))
#1 [internal function]: Workerman\Connection\TcpConnection->baseRead(Resource id #8968, true, NULL)
#2 /workerman/vendor/workerman/workerman/src/Events/Event.php(250): EventBase->loop()
#3 /workerman/vendor/workerman/workerman/src/Worker.php(1758): Workerman\Events\Event->run()
#4 /workerman/vendor/workerman/workerman/src/Worker.php(1554): Workerman\Worker::forkOneWorkerForLinux(Object(Workerman\Worker))
#5 /workerman/vendor/workerman/workerman/src/Worker.php(1534): Workerman\Worker::forkWorkersForLinux()
#6 /workerman/vendor/workerman/workerman/src/Worker.php(1903): Workerman\Worker::forkWorkers()
#7 /workerman/vendor/workerman/workerman/src/Worker.php(1838): Workerman\Worker::monitorWorkersForLinux()
#8 /workerman/vendor/workerman/workerman/src/Worker.php(605): Workerman\Worker::monitorWorkers()
#9 /workerman/server.php(143): Workerman\Worker::runAll()
#10 {main}
worker[none:8940] exit with status 64000
TypeError: Unsupported operand types: int + string in /workerman/server.php:76
Stack trace:
#0 /workerman/vendor/workerman/workerman/src/Connection/TcpConnection.php(792): {closure:/workerman/server.php:66}(Object(Workerman\Connection\TcpConnection), Object(Workerman\Protocols\Http\Request))
#1 [internal function]: Workerman\Connection\TcpConnection->baseRead(Resource id #8972, true, NULL)
#2 /workerman/vendor/workerman/workerman/src/Events/Event.php(250): EventBase->loop()
#3 /workerman/vendor/workerman/workerman/src/Worker.php(1758): Workerman\Events\Event->run()
#4 /workerman/vendor/workerman/workerman/src/Worker.php(1554): Workerman\Worker::forkOneWorkerForLinux(Object(Workerman\Worker))
#5 /workerman/vendor/workerman/workerman/src/Worker.php(1534): Workerman\Worker::forkWorkersForLinux()
#6 /workerman/vendor/workerman/workerman/src/Worker.php(1903): Workerman\Worker::forkWorkers()
#7 /workerman/vendor/workerman/workerman/src/Worker.php(1838): Workerman\Worker::monitorWorkersForLinux()
#8 /workerman/vendor/workerman/workerman/src/Worker.php(605): Workerman\Worker::monitorWorkers()
#9 /workerman/server.php(143): Workerman\Worker::runAll()
#10 {main}
worker[none:8941] exit with status 64000
TypeError: Unsupported operand types: int + string in /workerman/server.php:76
Stack trace:
#0 /workerman/vendor/workerman/workerman/src/Connection/TcpConnection.php(792): {closure:/workerman/server.php:66}(Object(Workerman\Connection\TcpConnection), Object(Workerman\Protocols\Http\Request))
#1 [internal function]: Workerman\Connection\TcpConnection->baseRead(Resource id #8972, true, NULL)
#2 /workerman/vendor/workerman/workerman/src/Events/Event.php(250): EventBase->loop()
#3 /workerman/vendor/workerman/workerman/src/Worker.php(1758): Workerman\Events\Event->run()
#4 /workerman/vendor/workerman/workerman/src/Worker.php(1554): Workerman\Worker::forkOneWorkerForLinux(Object(Workerman\Worker))
#5 /workerman/vendor/workerman/workerman/src/Worker.php(1534): Workerman\Worker::forkWorkersForLinux()
#6 /workerman/vendor/workerman/workerman/src/Worker.php(1903): Workerman\Worker::forkWorkers()
#7 /workerman/vendor/workerman/workerman/src/Worker.php(1838): Workerman\Worker::monitorWorkersForLinux()
#8 /workerman/vendor/workerman/workerman/src/Worker.php(605): Workerman\Worker::monitorWorkers()
#9 /workerman/server.php(143): Workerman\Worker::runAll()
#10 {main}
worker[none:8942] exit with status 64000
TypeError: Unsupported operand types: int + string in /workerman/server.php:76
Stack trace:
#0 /workerman/vendor/workerman/workerman/src/Connection/TcpConnection.php(792): {closure:/workerman/server.php:66}(Object(Workerman\Connection\TcpConnection), Object(Workerman\Protocols\Http\Request))
#1 [internal function]: Workerman\Connection\TcpConnection->baseRead(Resource id #8974, true, NULL)
#2 /workerman/vendor/workerman/workerman/src/Events/Event.php(250): EventBase->loop()
#3 /workerman/vendor/workerman/workerman/src/Worker.php(1758): Workerman\Events\Event->run()
#4 /workerman/vendor/workerman/workerman/src/Worker.php(1554): Workerman\Worker::forkOneWorkerForLinux(Object(Workerman\Worker))
#5 /workerman/vendor/workerman/workerman/src/Worker.php(1534): Workerman\Worker::forkWorkersForLinux()
#6 /workerman/vendor/workerman/workerman/src/Worker.php(1903): Workerman\Worker::forkWorkers()
#7 /workerman/vendor/workerman/workerman/src/Worker.php(1838): Workerman\Worker::monitorWorkersForLinux()
#8 /workerman/vendor/workerman/workerman/src/Worker.php(605): Workerman\Worker::monitorWorkers()
#9 /workerman/server.php(143): Workerman\Worker::runAll()
#10 {main}
worker[none:8943] exit with status 64000
TypeError: Unsupported operand types: int + string in /workerman/server.php:76
Stack trace:
#0 /workerman/vendor/workerman/workerman/src/Connection/TcpConnection.php(792): {closure:/workerman/server.php:66}(Object(Workerman\Connection\TcpConnection), Object(Workerman\Protocols\Http\Request))
#1 [internal function]: Workerman\Connection\TcpConnection->baseRead(Resource id #8977, true, NULL)
#2 /workerman/vendor/workerman/workerman/src/Events/Event.php(250): EventBase->loop()
#3 /workerman/vendor/workerman/workerman/src/Worker.php(1758): Workerman\Events\Event->run()
#4 /workerman/vendor/workerman/workerman/src/Worker.php(1554): Workerman\Worker::forkOneWorkerForLinux(Object(Workerman\Worker))
#5 /workerman/vendor/workerman/workerman/src/Worker.php(1534): Workerman\Worker::forkWorkersForLinux()
#6 /workerman/vendor/workerman/workerman/src/Worker.php(1903): Workerman\Worker::forkWorkers()
#7 /workerman/vendor/workerman/workerman/src/Worker.php(1838): Workerman\Worker::monitorWorkersForLinux()
#8 /workerman/vendor/workerman/workerman/src/Worker.php(605): Workerman\Worker::monitorWorkers()
#9 /workerman/server.php(143): Workerman\Worker::runAll()
#10 {main}
worker[none:8944] exit with status 64000
TypeError: Unsupported operand types: int + string in /workerman/server.php:76
Stack trace:
#0 /workerman/vendor/workerman/workerman/src/Connection/TcpConnection.php(792): {closure:/workerman/server.php:66}(Object(Workerman\Connection\TcpConnection), Object(Workerman\Protocols\Http\Request))
#1 [internal function]: Workerman\Connection\TcpConnection->baseRead(Resource id #8972, true, NULL)
#2 /workerman/vendor/workerman/workerman/src/Events/Event.php(250): EventBase->loop()
#3 /workerman/vendor/workerman/workerman/src/Worker.php(1758): Workerman\Events\Event->run()
#4 /workerman/vendor/workerman/workerman/src/Worker.php(1554): Workerman\Worker::forkOneWorkerForLinux(Object(Workerman\Worker))
#5 /workerman/vendor/workerman/workerman/src/Worker.php(1534): Workerman\Worker::forkWorkersForLinux()
#6 /workerman/vendor/workerman/workerman/src/Worker.php(1903): Workerman\Worker::forkWorkers()
#7 /workerman/vendor/workerman/workerman/src/Worker.php(1838): Workerman\Worker::monitorWorkersForLinux()
#8 /workerman/vendor/workerman/workerman/src/Worker.php(605): Workerman\Worker::monitorWorkers()
#9 /workerman/server.php(143): Workerman\Worker::runAll()
#10 {main}
worker[none:8945] exit with status 64000
worker[none:8946] exit with status 64000
TypeError: Unsupported operand types: int + string in /workerman/server.php:76
Stack trace:
#0 /workerman/vendor/workerman/workerman/src/Connection/TcpConnection.php(792): {closure:/workerman/server.php:66}(Object(Workerman\Connection\TcpConnection), Object(Workerman\Protocols\Http\Request))
#1 [internal function]: Workerman\Connection\TcpConnection->baseRead(Resource id #8972, true, NULL)
#2 /workerman/vendor/workerman/workerman/src/Events/Event.php(250): EventBase->loop()
#3 /workerman/vendor/workerman/workerman/src/Worker.php(1758): Workerman\Events\Event->run()
#4 /workerman/vendor/workerman/workerman/src/Worker.php(1554): Workerman\Worker::forkOneWorkerForLinux(Object(Workerman\Worker))
#5 /workerman/vendor/workerman/workerman/src/Worker.php(1534): Workerman\Worker::forkWorkersForLinux()
#6 /workerman/vendor/workerman/workerman/src/Worker.php(1903): Workerman\Worker::forkWorkers()
#7 /workerman/vendor/workerman/workerman/src/Worker.php(1838): Workerman\Worker::monitorWorkersForLinux()
#8 /workerman/vendor/workerman/workerman/src/Worker.php(605): Workerman\Worker::monitorWorkers()
#9 /workerman/server.php(143): Workerman\Worker::runAll()
#10 {main}
worker[none:8947] exit with status 64000
worker[none:8948] exit with status 64000
worker[none:8949] exit with status 64000
TypeError: Unsupported operand types: int + string in /workerman/server.php:76
Stack trace:
#0 /workerman/vendor/workerman/workerman/src/Connection/TcpConnection.php(792): {closure:/workerman/server.php:66}(Object(Workerman\Connection\TcpConnection), Object(Workerman\Protocols\Http\Request))
#1 [internal function]: Workerman\Connection\TcpConnection->baseRead(Resource id #8997, true, NULL)
#2 /workerman/vendor/workerman/workerman/src/Events/Event.php(250): EventBase->loop()
#3 /workerman/vendor/workerman/workerman/src/Worker.php(1758): Workerman\Events\Event->run()
#4 /workerman/vendor/workerman/workerman/src/Worker.php(1554): Workerman\Worker::forkOneWorkerForLinux(Object(Workerman\Worker))
#5 /workerman/vendor/workerman/workerman/src/Worker.php(1534): Workerman\Worker::forkWorkersForLinux()
#6 /workerman/vendor/workerman/workerman/src/Worker.php(1903): Workerman\Worker::forkWorkers()
#7 /workerman/vendor/workerman/workerman/src/Worker.php(1838): Workerman\Worker::monitorWorkersForLinux()
#8 /workerman/vendor/workerman/workerman/src/Worker.php(605): Workerman\Worker::monitorWorkers()
#9 /workerman/server.php(143): Workerman\Worker::runAll()
#10 {main}
worker[none:8950] exit with status 64000
TypeError: Unsupported operand types: int + string in /workerman/server.php:76
Stack trace:
#0 /workerman/vendor/workerman/workerman/src/Connection/TcpConnection.php(792): {closure:/workerman/server.php:66}(Object(Workerman\Connection\TcpConnection), Object(Workerman\Protocols\Http\Request))
#1 [internal function]: Workerman\Connection\TcpConnection->baseRead(Resource id #8984, true, NULL)
#2 /workerman/vendor/workerman/workerman/src/Events/Event.php(250): EventBase->loop()
#3 /workerman/vendor/workerman/workerman/src/Worker.php(1758): Workerman\Events\Event->run()
#4 /workerman/vendor/workerman/workerman/src/Worker.php(1554): Workerman\Worker::forkOneWorkerForLinux(Object(Workerman\Worker))
#5 /workerman/vendor/workerman/workerman/src/Worker.php(1534): Workerman\Worker::forkWorkersForLinux()
#6 /workerman/vendor/workerman/workerman/src/Worker.php(1903): Workerman\Worker::forkWorkers()
#7 /workerman/vendor/workerman/workerman/src/Worker.php(1838): Workerman\Worker::monitorWorkersForLinux()
#8 /workerman/vendor/workerman/workerman/src/Worker.php(605): Workerman\Worker::monitorWorkers()
#9 /workerman/server.php(143): Workerman\Worker::runAll()
#10 {main}
worker[none:8951] exit with status 64000
TypeError: Unsupported operand types: int + string in /workerman/server.php:76
Stack trace:
#0 /workerman/vendor/workerman/workerman/src/Connection/TcpConnection.php(792): {closure:/workerman/server.php:66}(Object(Workerman\Connection\TcpConnection), Object(Workerman\Protocols\Http\Request))
#1 [internal function]: Workerman\Connection\TcpConnection->baseRead(Resource id #8976, true, NULL)
#2 /workerman/vendor/workerman/workerman/src/Events/Event.php(250): EventBase->loop()
#3 /workerman/vendor/workerman/workerman/src/Worker.php(1758): Workerman\Events\Event->run()
#4 /workerman/vendor/workerman/workerman/src/Worker.php(1554): Workerman\Worker::forkOneWorkerForLinux(Object(Workerman\Worker))
#5 /workerman/vendor/workerman/workerman/src/Worker.php(1534): Workerman\Worker::forkWorkersForLinux()
#6 /workerman/vendor/workerman/workerman/src/Worker.php(1903): Workerman\Worker::forkWorkers()
#7 /workerman/vendor/workerman/workerman/src/Worker.php(1838): Workerman\Worker::monitorWorkersForLinux()
#8 /workerman/vendor/workerman/workerman/src/Worker.php(605): Workerman\Worker::monitorWorkers()
#9 /workerman/server.php(143): Workerman\Worker::runAll()
#10 {main}
TypeError: Unsupported operand types: int + string in /workerman/server.php:76
Stack trace:
#0 /workerman/vendor/workerman/workerman/src/Connection/TcpConnection.php(792): {closure:/workerman/server.php:66}(Object(Workerman\Connection\TcpConnection), Object(Workerman\Protocols\Http\Request))
#1 [internal function]: Workerman\Connection\TcpConnection->baseRead(Resource id #8982, true, NULL)
#2 /workerman/vendor/workerman/workerman/src/Events/Event.php(250): EventBase->loop()
#3 /workerman/vendor/workerman/workerman/src/Worker.php(1758): Workerman\Events\Event->run()
#4 /workerman/vendor/workerman/workerman/src/Worker.php(1554): Workerman\Worker::forkOneWorkerForLinux(Object(Workerman\Worker))
#5 /workerman/vendor/workerman/workerman/src/Worker.php(1534): Workerman\Worker::forkWorkersForLinux()
#6 /workerman/vendor/workerman/workerman/src/Worker.php(1903): Workerman\Worker::forkWorkers()
#7 /workerman/vendor/workerman/workerman/src/Worker.php(1838): Workerman\Worker::monitorWorkersForLinux()
#8 /workerman/vendor/workerman/workerman/src/Worker.php(605): Workerman\Worker::monitorWorkers()
#9 /workerman/server.php(143): Workerman\Worker::runAll()
#10 {main}
worker[none:8952] exit with status 64000
TypeError: Unsupported operand types: int + string in /workerman/server.php:76
Stack trace:
#0 /workerman/vendor/workerman/workerman/src/Connection/TcpConnection.php(792): {closure:/workerman/server.php:66}(Object(Workerman\Connection\TcpConnection), Object(Workerman\Protocols\Http\Request))
#1 [internal function]: Workerman\Connection\TcpConnection->baseRead(Resource id #8983, true, NULL)
#2 /workerman/vendor/workerman/workerman/src/Events/Event.php(250): EventBase->loop()
#3 /workerman/vendor/workerman/workerman/src/Worker.php(1758): Workerman\Events\Event->run()
#4 /workerman/vendor/workerman/workerman/src/Worker.php(1554): Workerman\Worker::forkOneWorkerForLinux(Object(Workerman\Worker))
#5 /workerman/vendor/workerman/workerman/src/Worker.php(1534): Workerman\Worker::forkWorkersForLinux()
#6 /workerman/vendor/workerman/workerman/src/Worker.php(1903): Workerman\Worker::forkWorkers()
#7 /workerman/vendor/workerman/workerman/src/Worker.php(1838): Workerman\Worker::monitorWorkersForLinux()
#8 /workerman/vendor/workerman/workerman/src/Worker.php(605): Workerman\Worker::monitorWorkers()
#9 /workerman/server.php(143): Workerman\Worker::runAll()
#10 {main}
worker[none:8953] exit with status 64000
TypeError: Unsupported operand types: int + string in /workerman/server.php:76
Stack trace:
#0 /workerman/vendor/workerman/workerman/src/Connection/TcpConnection.php(792): {closure:/workerman/server.php:66}(Object(Workerman\Connection\TcpConnection), Object(Workerman\Protocols\Http\Request))
#1 [internal function]: Workerman\Connection\TcpConnection->baseRead(Resource id #8983, true, NULL)
#2 /workerman/vendor/workerman/workerman/src/Events/Event.php(250): EventBase->loop()
#3 /workerman/vendor/workerman/workerman/src/Worker.php(1758): Workerman\Events\Event->run()
#4 /workerman/vendor/workerman/workerman/src/Worker.php(1554): Workerman\Worker::forkOneWorkerForLinux(Object(Workerman\Worker))
#5 /workerman/vendor/workerman/workerman/src/Worker.php(1534): Workerman\Worker::forkWorkersForLinux()
#6 /workerman/vendor/workerman/workerman/src/Worker.php(1903): Workerman\Worker::forkWorkers()
#7 /workerman/vendor/workerman/workerman/src/Worker.php(1838): Workerman\Worker::monitorWorkersForLinux()
#8 /workerman/vendor/workerman/workerman/src/Worker.php(605): Workerman\Worker::monitorWorkers()
#9 /workerman/server.php(143): Workerman\Worker::runAll()
#10 {main}
worker[none:8954] exit with status 64000
TypeError: Unsupported operand types: int + string in /workerman/server.php:76
Stack trace:
#0 /workerman/vendor/workerman/workerman/src/Connection/TcpConnection.php(792): {closure:/workerman/server.php:66}(Object(Workerman\Connection\TcpConnection), Object(Workerman\Protocols\Http\Request))
#1 [internal function]: Workerman\Connection\TcpConnection->baseRead(Resource id #8994, true, NULL)
#2 /workerman/vendor/workerman/workerman/src/Events/Event.php(250): EventBase->loop()
#3 /workerman/vendor/workerman/workerman/src/Worker.php(1758): Workerman\Events\Event->run()
#4 /workerman/vendor/workerman/workerman/src/Worker.php(1554): Workerman\Worker::forkOneWorkerForLinux(Object(Workerman\Worker))
#5 /workerman/vendor/workerman/workerman/src/Worker.php(1534): Workerman\Worker::forkWorkersForLinux()
#6 /workerman/vendor/workerman/workerman/src/Worker.php(1903): Workerman\Worker::forkWorkers()
#7 /workerman/vendor/workerman/workerman/src/Worker.php(1838): Workerman\Worker::monitorWorkersForLinux()
#8 /workerman/vendor/workerman/workerman/src/Worker.php(605): Workerman\Worker::monitorWorkers()
#9 /workerman/server.php(143): Workerman\Worker::runAll()
#10 {main}
TypeError: Unsupported operand types: int + string in /workerman/server.php:76
Stack trace:
#0 /workerman/vendor/workerman/workerman/src/Connection/TcpConnection.php(792): {closure:/workerman/server.php:66}(Object(Workerman\Connection\TcpConnection), Object(Workerman\Protocols\Http\Request))
#1 [internal function]: Workerman\Connection\TcpConnection->baseRead(Resource id #8983, true, NULL)
#2 /workerman/vendor/workerman/workerman/src/Events/Event.php(250): EventBase->loop()
#3 /workerman/vendor/workerman/workerman/src/Worker.php(1758): Workerman\Events\Event->run()
#4 /workerman/vendor/workerman/workerman/src/Worker.php(1554): Workerman\Worker::forkOneWorkerForLinux(Object(Workerman\Worker))
#5 /workerman/vendor/workerman/workerman/src/Worker.php(1534): Workerman\Worker::forkWorkersForLinux()
#6 /workerman/vendor/workerman/workerman/src/Worker.php(1903): Workerman\Worker::forkWorkers()
#7 /workerman/vendor/workerman/workerman/src/Worker.php(1838): Workerman\Worker::monitorWorkersForLinux()
#8 /workerman/vendor/workerman/workerman/src/Worker.php(605): Workerman\Worker::monitorWorkers()
#9 /workerman/server.php(143): Workerman\Worker::runAll()
#10 {main}
worker[none:8955] exit with status 64000
TypeError: Unsupported operand types: int + string in /workerman/server.php:76
Stack trace:
#0 /workerman/vendor/workerman/workerman/src/Connection/TcpConnection.php(792): {closure:/workerman/server.php:66}(Object(Workerman\Connection\TcpConnection), Object(Workerman\Protocols\Http\Request))
#1 [internal function]: Workerman\Connection\TcpConnection->baseRead(Resource id #9001, true, NULL)
#2 /workerman/vendor/workerman/workerman/src/Events/Event.php(250): EventBase->loop()
#3 /workerman/vendor/workerman/workerman/src/Worker.php(1758): Workerman\Events\Event->run()
#4 /workerman/vendor/workerman/workerman/src/Worker.php(1554): Workerman\Worker::forkOneWorkerForLinux(Object(Workerman\Worker))
#5 /workerman/vendor/workerman/workerman/src/Worker.php(1534): Workerman\Worker::forkWorkersForLinux()
#6 /workerman/vendor/workerman/workerman/src/Worker.php(1903): Workerman\Worker::forkWorkers()
#7 /workerman/vendor/workerman/workerman/src/Worker.php(1838): Workerman\Worker::monitorWorkersForLinux()
#8 /workerman/vendor/workerman/workerman/src/Worker.php(605): Workerman\Worker::monitorWorkers()
#9 /workerman/server.php(143): Workerman\Worker::runAll()
#10 {main}
worker[none:8956] exit with status 64000
worker[none:8957] exit with status 64000
TypeError: Unsupported operand types: int + string in /workerman/server.php:76
Stack trace:
#0 /workerman/vendor/workerman/workerman/src/Connection/TcpConnection.php(792): {closure:/workerman/server.php:66}(Object(Workerman\Connection\TcpConnection), Object(Workerman\Protocols\Http\Request))
#1 [internal function]: Workerman\Connection\TcpConnection->baseRead(Resource id #8987, true, NULL)
#2 /workerman/vendor/workerman/workerman/src/Events/Event.php(250): EventBase->loop()
#3 /workerman/vendor/workerman/workerman/src/Worker.php(1758): Workerman\Events\Event->run()
#4 /workerman/vendor/workerman/workerman/src/Worker.php(1554): Workerman\Worker::forkOneWorkerForLinux(Object(Workerman\Worker))
#5 /workerman/vendor/workerman/workerman/src/Worker.php(1534): Workerman\Worker::forkWorkersForLinux()
#6 /workerman/vendor/workerman/workerman/src/Worker.php(1903): Workerman\Worker::forkWorkers()
#7 /workerman/vendor/workerman/workerman/src/Worker.php(1838): Workerman\Worker::monitorWorkersForLinux()
#8 /workerman/vendor/workerman/workerman/src/Worker.php(605): Workerman\Worker::monitorWorkers()
#9 /workerman/server.php(143): Workerman\Worker::runAll()
#10 {main}
worker[none:8958] exit with status 64000
TypeError: Unsupported operand types: int + string in /workerman/server.php:76
Stack trace:
#0 /workerman/vendor/workerman/workerman/src/Connection/TcpConnection.php(792): {closure:/workerman/server.php:66}(Object(Workerman\Connection\TcpConnection), Object(Workerman\Protocols\Http\Request))
#1 [internal function]: Workerman\Connection\TcpConnection->baseRead(Resource id #8985, true, NULL)
#2 /workerman/vendor/workerman/workerman/src/Events/Event.php(250): EventBase->loop()
#3 /workerman/vendor/workerman/workerman/src/Worker.php(1758): Workerman\Events\Event->run()
#4 /workerman/vendor/workerman/workerman/src/Worker.php(1554): Workerman\Worker::forkOneWorkerForLinux(Object(Workerman\Worker))
#5 /workerman/vendor/workerman/workerman/src/Worker.php(1534): Workerman\Worker::forkWorkersForLinux()
#6 /workerman/vendor/workerman/workerman/src/Worker.php(1903): Workerman\Worker::forkWorkers()
#7 /workerman/vendor/workerman/workerman/src/Worker.php(1838): Workerman\Worker::monitorWorkersForLinux()
#8 /workerman/vendor/workerman/workerman/src/Worker.php(605): Workerman\Worker::monitorWorkers()
#9 /workerman/server.php(143): Workerman\Worker::runAll()
#10 {main}
TypeError: Unsupported operand types: int + string in /workerman/server.php:76
Stack trace:
#0 /workerman/vendor/workerman/workerman/src/Connection/TcpConnection.php(792): {closure:/workerman/server.php:66}(Object(Workerman\Connection\TcpConnection), Object(Workerman\Protocols\Http\Request))
#1 [internal function]: Workerman\Connection\TcpConnection->baseRead(Resource id #8991, true, NULL)
#2 /workerman/vendor/workerman/workerman/src/Events/Event.php(250): EventBase->loop()
#3 /workerman/vendor/workerman/workerman/src/Worker.php(1758): Workerman\Events\Event->run()
#4 /workerman/vendor/workerman/workerman/src/Worker.php(1554): Workerman\Worker::forkOneWorkerForLinux(Object(Workerman\Worker))
#5 /workerman/vendor/workerman/workerman/src/Worker.php(1534): Workerman\Worker::forkWorkersForLinux()
#6 /workerman/vendor/workerman/workerman/src/Worker.php(1903): Workerman\Worker::forkWorkers()
#7 /workerman/vendor/workerman/workerman/src/Worker.php(1838): Workerman\Worker::monitorWorkersForLinux()
#8 /workerman/vendor/workerman/workerman/src/Worker.php(605): Workerman\Worker::monitorWorkers()
#9 /workerman/server.php(143): Workerman\Worker::runAll()
#10 {main}
TypeError: Unsupported operand types: int + string in /workerman/server.php:76
Stack trace:
#0 /workerman/vendor/workerman/workerman/src/Connection/TcpConnection.php(792): {closure:/workerman/server.php:66}(Object(Workerman\Connection\TcpConnection), Object(Workerman\Protocols\Http\Request))
#1 [internal function]: Workerman\Connection\TcpConnection->baseRead(Resource id #8989, true, NULL)
#2 /workerman/vendor/workerman/workerman/src/Events/Event.php(250): EventBase->loop()
#3 /workerman/vendor/workerman/workerman/src/Worker.php(1758): Workerman\Events\Event->run()
#4 /workerman/vendor/workerman/workerman/src/Worker.php(1554): Workerman\Worker::forkOneWorkerForLinux(Object(Workerman\Worker))
#5 /workerman/vendor/workerman/workerman/src/Worker.php(1534): Workerman\Worker::forkWorkersForLinux()
#6 /workerman/vendor/workerman/workerman/src/Worker.php(1903): Workerman\Worker::forkWorkers()
#7 /workerman/vendor/workerman/workerman/src/Worker.php(1838): Workerman\Worker::monitorWorkersForLinux()
#8 /workerman/vendor/workerman/workerman/src/Worker.php(605): Workerman\Worker::monitorWorkers()
#9 /workerman/server.php(143): Workerman\Worker::runAll()
#10 {main}
worker[none:8959] exit with status 64000
worker[none:8960] exit with status 64000
worker[none:8961] exit with status 64000
TypeError: Unsupported operand types: int + string in /workerman/server.php:76
Stack trace:
#0 /workerman/vendor/workerman/workerman/src/Connection/TcpConnection.php(792): {closure:/workerman/server.php:66}(Object(Workerman\Connection\TcpConnection), Object(Workerman\Protocols\Http\Request))
#1 [internal function]: Workerman\Connection\TcpConnection->baseRead(Resource id #8993, true, NULL)
#2 /workerman/vendor/workerman/workerman/src/Events/Event.php(250): EventBase->loop()
#3 /workerman/vendor/workerman/workerman/src/Worker.php(1758): Workerman\Events\Event->run()
#4 /workerman/vendor/workerman/workerman/src/Worker.php(1554): Workerman\Worker::forkOneWorkerForLinux(Object(Workerman\Worker))
#5 /workerman/vendor/workerman/workerman/src/Worker.php(1534): Workerman\Worker::forkWorkersForLinux()
#6 /workerman/vendor/workerman/workerman/src/Worker.php(1903): Workerman\Worker::forkWorkers()
#7 /workerman/vendor/workerman/workerman/src/Worker.php(1838): Workerman\Worker::monitorWorkersForLinux()
#8 /workerman/vendor/workerman/workerman/src/Worker.php(605): Workerman\Worker::monitorWorkers()
#9 /workerman/server.php(143): Workerman\Worker::runAll()
#10 {main}
worker[none:8962] exit with status 64000
TypeError: Unsupported operand types: int + string in /workerman/server.php:76
Stack trace:
#0 /workerman/vendor/workerman/workerman/src/Connection/TcpConnection.php(792): {closure:/workerman/server.php:66}(Object(Workerman\Connection\TcpConnection), Object(Workerman\Protocols\Http\Request))
#1 [internal function]: Workerman\Connection\TcpConnection->baseRead(Resource id #8989, true, NULL)
#2 /workerman/vendor/workerman/workerman/src/Events/Event.php(250): EventBase->loop()
#3 /workerman/vendor/workerman/workerman/src/Worker.php(1758): Workerman\Events\Event->run()
#4 /workerman/vendor/workerman/workerman/src/Worker.php(1554): Workerman\Worker::forkOneWorkerForLinux(Object(Workerman\Worker))
#5 /workerman/vendor/workerman/workerman/src/Worker.php(1534): Workerman\Worker::forkWorkersForLinux()
#6 /workerman/vendor/workerman/workerman/src/Worker.php(1903): Workerman\Worker::forkWorkers()
#7 /workerman/vendor/workerman/workerman/src/Worker.php(1838): Workerman\Worker::monitorWorkersForLinux()
#8 /workerman/vendor/workerman/workerman/src/Worker.php(605): Workerman\Worker::monitorWorkers()
#9 /workerman/server.php(143): Workerman\Worker::runAll()
#10 {main}
worker[none:8963] exit with status 64000
TypeError: Unsupported operand types: int + string in /workerman/server.php:76
Stack trace:
#0 /workerman/vendor/workerman/workerman/src/Connection/TcpConnection.php(792): {closure:/workerman/server.php:66}(Object(Workerman\Connection\TcpConnection), Object(Workerman\Protocols\Http\Request))
#1 [internal function]: Workerman\Connection\TcpConnection->baseRead(Resource id #9001, true, NULL)
#2 /workerman/vendor/workerman/workerman/src/Events/Event.php(250): EventBase->loop()
#3 /workerman/vendor/workerman/workerman/src/Worker.php(1758): Workerman\Events\Event->run()
#4 /workerman/vendor/workerman/workerman/src/Worker.php(1554): Workerman\Worker::forkOneWorkerForLinux(Object(Workerman\Worker))
#5 /workerman/vendor/workerman/workerman/src/Worker.php(1534): Workerman\Worker::forkWorkersForLinux()
#6 /workerman/vendor/workerman/workerman/src/Worker.php(1903): Workerman\Worker::forkWorkers()
#7 /workerman/vendor/workerman/workerman/src/Worker.php(1838): Workerman\Worker::monitorWorkersForLinux()
#8 /workerman/vendor/workerman/workerman/src/Worker.php(605): Workerman\Worker::monitorWorkers()
#9 /workerman/server.php(143): Workerman\Worker::runAll()
#10 {main}
worker[none:8964] exit with status 64000
TypeError: Unsupported operand types: int + string in /workerman/server.php:76
Stack trace:
#0 /workerman/vendor/workerman/workerman/src/Connection/TcpConnection.php(792): {closure:/workerman/server.php:66}(Object(Workerman\Connection\TcpConnection), Object(Workerman\Protocols\Http\Request))
#1 [internal function]: Workerman\Connection\TcpConnection->baseRead(Resource id #8994, true, NULL)
#2 /workerman/vendor/workerman/workerman/src/Events/Event.php(250): EventBase->loop()
#3 /workerman/vendor/workerman/workerman/src/Worker.php(1758): Workerman\Events\Event->run()
#4 /workerman/vendor/workerman/workerman/src/Worker.php(1554): Workerman\Worker::forkOneWorkerForLinux(Object(Workerman\Worker))
#5 /workerman/vendor/workerman/workerman/src/Worker.php(1534): Workerman\Worker::forkWorkersForLinux()
#6 /workerman/vendor/workerman/workerman/src/Worker.php(1903): Workerman\Worker::forkWorkers()
#7 /workerman/vendor/workerman/workerman/src/Worker.php(1838): Workerman\Worker::monitorWorkersForLinux()
#8 /workerman/vendor/workerman/workerman/src/Worker.php(605): Workerman\Worker::monitorWorkers()
#9 /workerman/server.php(143): Workerman\Worker::runAll()
#10 {main}
worker[none:8965] exit with status 64000
TypeError: Unsupported operand types: int + string in /workerman/server.php:76
Stack trace:
#0 /workerman/vendor/workerman/workerman/src/Connection/TcpConnection.php(792): {closure:/workerman/server.php:66}(Object(Workerman\Connection\TcpConnection), Object(Workerman\Protocols\Http\Request))
#1 [internal function]: Workerman\Connection\TcpConnection->baseRead(Resource id #8996, true, NULL)
#2 /workerman/vendor/workerman/workerman/src/Events/Event.php(250): EventBase->loop()
#3 /workerman/vendor/workerman/workerman/src/Worker.php(1758): Workerman\Events\Event->run()
#4 /workerman/vendor/workerman/workerman/src/Worker.php(1554): Workerman\Worker::forkOneWorkerForLinux(Object(Workerman\Worker))
#5 /workerman/vendor/workerman/workerman/src/Worker.php(1534): Workerman\Worker::forkWorkersForLinux()
#6 /workerman/vendor/workerman/workerman/src/Worker.php(1903): Workerman\Worker::forkWorkers()
#7 /workerman/vendor/workerman/workerman/src/Worker.php(1838): Workerman\Worker::monitorWorkersForLinux()
#8 /workerman/vendor/workerman/workerman/src/Worker.php(605): Workerman\Worker::monitorWorkers()
#9 /workerman/server.php(143): Workerman\Worker::runAll()
#10 {main}
TypeError: Unsupported operand types: int + string in /workerman/server.php:76
Stack trace:
#0 /workerman/vendor/workerman/workerman/src/Connection/TcpConnection.php(792): {closure:/workerman/server.php:66}(Object(Workerman\Connection\TcpConnection), Object(Workerman\Protocols\Http\Request))
#1 [internal function]: Workerman\Connection\TcpConnection->baseRead(Resource id #9006, true, NULL)
#2 /workerman/vendor/workerman/workerman/src/Events/Event.php(250): EventBase->loop()
#3 /workerman/vendor/workerman/workerman/src/Worker.php(1758): Workerman\Events\Event->run()
#4 /workerman/vendor/workerman/workerman/src/Worker.php(1554): Workerman\Worker::forkOneWorkerForLinux(Object(Workerman\Worker))
#5 /workerman/vendor/workerman/workerman/src/Worker.php(1534): Workerman\Worker::forkWorkersForLinux()
#6 /workerman/vendor/workerman/workerman/src/Worker.php(1903): Workerman\Worker::forkWorkers()
#7 /workerman/vendor/workerman/workerman/src/Worker.php(1838): Workerman\Worker::monitorWorkersForLinux()
#8 /workerman/vendor/workerman/workerman/src/Worker.php(605): Workerman\Worker::monitorWorkers()
#9 /workerman/server.php(143): Workerman\Worker::runAll()
#10 {main}
worker[none:8966] exit with status 64000
worker[none:8967] exit with status 64000
TypeError: Unsupported operand types: int + string in /workerman/server.php:76
Stack trace:
#0 /workerman/vendor/workerman/workerman/src/Connection/TcpConnection.php(792): {closure:/workerman/server.php:66}(Object(Workerman\Connection\TcpConnection), Object(Workerman\Protocols\Http\Request))
#1 [internal function]: Workerman\Connection\TcpConnection->baseRead(Resource id #9025, true, NULL)
#2 /workerman/vendor/workerman/workerman/src/Events/Event.php(250): EventBase->loop()
#3 /workerman/vendor/workerman/workerman/src/Worker.php(1758): Workerman\Events\Event->run()
#4 /workerman/vendor/workerman/workerman/src/Worker.php(1554): Workerman\Worker::forkOneWorkerForLinux(Object(Workerman\Worker))
#5 /workerman/vendor/workerman/workerman/src/Worker.php(1534): Workerman\Worker::forkWorkersForLinux()
#6 /workerman/vendor/workerman/workerman/src/Worker.php(1903): Workerman\Worker::forkWorkers()
#7 /workerman/vendor/workerman/workerman/src/Worker.php(1838): Workerman\Worker::monitorWorkersForLinux()
#8 /workerman/vendor/workerman/workerman/src/Worker.php(605): Workerman\Worker::monitorWorkers()
#9 /workerman/server.php(143): Workerman\Worker::runAll()
#10 {main}
worker[none:8968] exit with status 64000
TypeError: Unsupported operand types: int + string in /workerman/server.php:76
Stack trace:
#0 /workerman/vendor/workerman/workerman/src/Connection/TcpConnection.php(792): {closure:/workerman/server.php:66}(Object(Workerman\Connection\TcpConnection), Object(Workerman\Protocols\Http\Request))
#1 [internal function]: Workerman\Connection\TcpConnection->baseRead(Resource id #8996, true, NULL)
#2 /workerman/vendor/workerman/workerman/src/Events/Event.php(250): EventBase->loop()
#3 /workerman/vendor/workerman/workerman/src/Worker.php(1758): Workerman\Events\Event->run()
#4 /workerman/vendor/workerman/workerman/src/Worker.php(1554): Workerman\Worker::forkOneWorkerForLinux(Object(Workerman\Worker))
#5 /workerman/vendor/workerman/workerman/src/Worker.php(1534): Workerman\Worker::forkWorkersForLinux()
#6 /workerman/vendor/workerman/workerman/src/Worker.php(1903): Workerman\Worker::forkWorkers()
#7 /workerman/vendor/workerman/workerman/src/Worker.php(1838): Workerman\Worker::monitorWorkersForLinux()
#8 /workerman/vendor/workerman/workerman/src/Worker.php(605): Workerman\Worker::monitorWorkers()
#9 /workerman/server.php(143): Workerman\Worker::runAll()
#10 {main}
TypeError: Unsupported operand types: int + string in /workerman/server.php:76
Stack trace:
#0 /workerman/vendor/workerman/workerman/src/Connection/TcpConnection.php(792): {closure:/workerman/server.php:66}(Object(Workerman\Connection\TcpConnection), Object(Workerman\Protocols\Http\Request))
#1 [internal function]: Workerman\Connection\TcpConnection->baseRead(Resource id #8995, true, NULL)
#2 /workerman/vendor/workerman/workerman/src/Events/Event.php(250): EventBase->loop()
#3 /workerman/vendor/workerman/workerman/src/Worker.php(1758): Workerman\Events\Event->run()
#4 /workerman/vendor/workerman/workerman/src/Worker.php(1554): Workerman\Worker::forkOneWorkerForLinux(Object(Workerman\Worker))
#5 /workerman/vendor/workerman/workerman/src/Worker.php(1534): Workerman\Worker::forkWorkersForLinux()
#6 /workerman/vendor/workerman/workerman/src/Worker.php(1903): Workerman\Worker::forkWorkers()
#7 /workerman/vendor/workerman/workerman/src/Worker.php(1838): Workerman\Worker::monitorWorkersForLinux()
#8 /workerman/vendor/workerman/workerman/src/Worker.php(605): Workerman\Worker::monitorWorkers()
#9 /workerman/server.php(143): Workerman\Worker::runAll()
#10 {main}
worker[none:8969] exit with status 64000
worker[none:8970] exit with status 64000
TypeError: Unsupported operand types: int + string in /workerman/server.php:76
Stack trace:
#0 /workerman/vendor/workerman/workerman/src/Connection/TcpConnection.php(792): {closure:/workerman/server.php:66}(Object(Workerman\Connection\TcpConnection), Object(Workerman\Protocols\Http\Request))
#1 [internal function]: Workerman\Connection\TcpConnection->baseRead(Resource id #9012, true, NULL)
#2 /workerman/vendor/workerman/workerman/src/Events/Event.php(250): EventBase->loop()
#3 /workerman/vendor/workerman/workerman/src/Worker.php(1758): Workerman\Events\Event->run()
#4 /workerman/vendor/workerman/workerman/src/Worker.php(1554): Workerman\Worker::forkOneWorkerForLinux(Object(Workerman\Worker))
#5 /workerman/vendor/workerman/workerman/src/Worker.php(1534): Workerman\Worker::forkWorkersForLinux()
#6 /workerman/vendor/workerman/workerman/src/Worker.php(1903): Workerman\Worker::forkWorkers()
#7 /workerman/vendor/workerman/workerman/src/Worker.php(1838): Workerman\Worker::monitorWorkersForLinux()
#8 /workerman/vendor/workerman/workerman/src/Worker.php(605): Workerman\Worker::monitorWorkers()
#9 /workerman/server.php(143): Workerman\Worker::runAll()
#10 {main}
worker[none:8971] exit with status 64000
TypeError: Unsupported operand types: int + string in /workerman/server.php:76
Stack trace:
#0 /workerman/vendor/workerman/workerman/src/Connection/TcpConnection.php(792): {closure:/workerman/server.php:66}(Object(Workerman\Connection\TcpConnection), Object(Workerman\Protocols\Http\Request))
#1 [internal function]: Workerman\Connection\TcpConnection->baseRead(Resource id #9006, true, NULL)
#2 /workerman/vendor/workerman/workerman/src/Events/Event.php(250): EventBase->loop()
#3 /workerman/vendor/workerman/workerman/src/Worker.php(1758): Workerman\Events\Event->run()
#4 /workerman/vendor/workerman/workerman/src/Worker.php(1554): Workerman\Worker::forkOneWorkerForLinux(Object(Workerman\Worker))
#5 /workerman/vendor/workerman/workerman/src/Worker.php(1534): Workerman\Worker::forkWorkersForLinux()
#6 /workerman/vendor/workerman/workerman/src/Worker.php(1903): Workerman\Worker::forkWorkers()
#7 /workerman/vendor/workerman/workerman/src/Worker.php(1838): Workerman\Worker::monitorWorkersForLinux()
#8 /workerman/vendor/workerman/workerman/src/Worker.php(605): Workerman\Worker::monitorWorkers()
#9 /workerman/server.php(143): Workerman\Worker::runAll()
#10 {main}
TypeError: Unsupported operand types: int + string in /workerman/server.php:76
Stack trace:
#0 /workerman/vendor/workerman/workerman/src/Connection/TcpConnection.php(792): {closure:/workerman/server.php:66}(Object(Workerman\Connection\TcpConnection), Object(Workerman\Protocols\Http\Request))
#1 [internal function]: Workerman\Connection\TcpConnection->baseRead(Resource id #9000, true, NULL)
#2 /workerman/vendor/workerman/workerman/src/Events/Event.php(250): EventBase->loop()
#3 /workerman/vendor/workerman/workerman/src/Worker.php(1758): Workerman\Events\Event->run()
#4 /workerman/vendor/workerman/workerman/src/Worker.php(1554): Workerman\Worker::forkOneWorkerForLinux(Object(Workerman\Worker))
#5 /workerman/vendor/workerman/workerman/src/Worker.php(1534): Workerman\Worker::forkWorkersForLinux()
#6 /workerman/vendor/workerman/workerman/src/Worker.php(1903): Workerman\Worker::forkWorkers()
#7 /workerman/vendor/workerman/workerman/src/Worker.php(1838): Workerman\Worker::monitorWorkersForLinux()
#8 /workerman/vendor/workerman/workerman/src/Worker.php(605): Workerman\Worker::monitorWorkers()
#9 /workerman/server.php(143): Workerman\Worker::runAll()
#10 {main}
TypeError: Unsupported operand types: int + string in /workerman/server.php:76
Stack trace:
#0 /workerman/vendor/workerman/workerman/src/Connection/TcpConnection.php(792): {closure:/workerman/server.php:66}(Object(Workerman\Connection\TcpConnection), Object(Workerman\Protocols\Http\Request))
#1 [internal function]: Workerman\Connection\TcpConnection->baseRead(Resource id #9011, true, NULL)
#2 /workerman/vendor/workerman/workerman/src/Events/Event.php(250): EventBase->loop()
#3 /workerman/vendor/workerman/workerman/src/Worker.php(1758): Workerman\Events\Event->run()
#4 /workerman/vendor/workerman/workerman/src/Worker.php(1554): Workerman\Worker::forkOneWorkerForLinux(Object(Workerman\Worker))
#5 /workerman/vendor/workerman/workerman/src/Worker.php(1534): Workerman\Worker::forkWorkersForLinux()
#6 /workerman/vendor/workerman/workerman/src/Worker.php(1903): Workerman\Worker::forkWorkers()
#7 /workerman/vendor/workerman/workerman/src/Worker.php(1838): Workerman\Worker::monitorWorkersForLinux()
#8 /workerman/vendor/workerman/workerman/src/Worker.php(605): Workerman\Worker::monitorWorkers()
#9 /workerman/server.php(143): Workerman\Worker::runAll()
#10 {main}
worker[none:8972] exit with status 64000
TypeError: Unsupported operand types: int + string in /workerman/server.php:76
Stack trace:
#0 /workerman/vendor/workerman/workerman/src/Connection/TcpConnection.php(792): {closure:/workerman/server.php:66}(Object(Workerman\Connection\TcpConnection), Object(Workerman\Protocols\Http\Request))
#1 [internal function]: Workerman\Connection\TcpConnection->baseRead(Resource id #9000, true, NULL)
#2 /workerman/vendor/workerman/workerman/src/Events/Event.php(250): EventBase->loop()
#3 /workerman/vendor/workerman/workerman/src/Worker.php(1758): Workerman\Events\Event->run()
#4 /workerman/vendor/workerman/workerman/src/Worker.php(1554): Workerman\Worker::forkOneWorkerForLinux(Object(Workerman\Worker))
#5 /workerman/vendor/workerman/workerman/src/Worker.php(1534): Workerman\Worker::forkWorkersForLinux()
#6 /workerman/vendor/workerman/workerman/src/Worker.php(1903): Workerman\Worker::forkWorkers()
#7 /workerman/vendor/workerman/workerman/src/Worker.php(1838): Workerman\Worker::monitorWorkersForLinux()
#8 /workerman/vendor/workerman/workerman/src/Worker.php(605): Workerman\Worker::monitorWorkers()
#9 /workerman/server.php(143): Workerman\Worker::runAll()
#10 {main}
worker[none:8973] exit with status 64000
worker[none:8974] exit with status 64000
worker[none:8975] exit with status 64000
TypeError: Unsupported operand types: int + string in /workerman/server.php:76
Stack trace:
#0 /workerman/vendor/workerman/workerman/src/Connection/TcpConnection.php(792): {closure:/workerman/server.php:66}(Object(Workerman\Connection\TcpConnection), Object(Workerman\Protocols\Http\Request))
#1 [internal function]: Workerman\Connection\TcpConnection->baseRead(Resource id #9023, true, NULL)
#2 /workerman/vendor/workerman/workerman/src/Events/Event.php(250): EventBase->loop()
#3 /workerman/vendor/workerman/workerman/src/Worker.php(1758): Workerman\Events\Event->run()
#4 /workerman/vendor/workerman/workerman/src/Worker.php(1554): Workerman\Worker::forkOneWorkerForLinux(Object(Workerman\Worker))
#5 /workerman/vendor/workerman/workerman/src/Worker.php(1534): Workerman\Worker::forkWorkersForLinux()
#6 /workerman/vendor/workerman/workerman/src/Worker.php(1903): Workerman\Worker::forkWorkers()
#7 /workerman/vendor/workerman/workerman/src/Worker.php(1838): Workerman\Worker::monitorWorkersForLinux()
#8 /workerman/vendor/workerman/workerman/src/Worker.php(605): Workerman\Worker::monitorWorkers()
#9 /workerman/server.php(143): Workerman\Worker::runAll()
#10 {main}
TypeError: Unsupported operand types: int + string in /workerman/server.php:76
Stack trace:
#0 /workerman/vendor/workerman/workerman/src/Connection/TcpConnection.php(792): {closure:/workerman/server.php:66}(Object(Workerman\Connection\TcpConnection), Object(Workerman\Protocols\Http\Request))
#1 [internal function]: Workerman\Connection\TcpConnection->baseRead(Resource id #9012, true, NULL)
#2 /workerman/vendor/workerman/workerman/src/Events/Event.php(250): EventBase->loop()
#3 /workerman/vendor/workerman/workerman/src/Worker.php(1758): Workerman\Events\Event->run()
#4 /workerman/vendor/workerman/workerman/src/Worker.php(1554): Workerman\Worker::forkOneWorkerForLinux(Object(Workerman\Worker))
#5 /workerman/vendor/workerman/workerman/src/Worker.php(1534): Workerman\Worker::forkWorkersForLinux()
#6 /workerman/vendor/workerman/workerman/src/Worker.php(1903): Workerman\Worker::forkWorkers()
#7 /workerman/vendor/workerman/workerman/src/Worker.php(1838): Workerman\Worker::monitorWorkersForLinux()
#8 /workerman/vendor/workerman/workerman/src/Worker.php(605): Workerman\Worker::monitorWorkers()
#9 /workerman/server.php(143): Workerman\Worker::runAll()
#10 {main}
worker[none:8976] exit with status 64000
TypeError: Unsupported operand types: int + string in /workerman/server.php:76
Stack trace:
#0 /workerman/vendor/workerman/workerman/src/Connection/TcpConnection.php(792): {closure:/workerman/server.php:66}(Object(Workerman\Connection\TcpConnection), Object(Workerman\Protocols\Http\Request))
#1 [internal function]: Workerman\Connection\TcpConnection->baseRead(Resource id #9008, true, NULL)
#2 /workerman/vendor/workerman/workerman/src/Events/Event.php(250): EventBase->loop()
#3 /workerman/vendor/workerman/workerman/src/Worker.php(1758): Workerman\Events\Event->run()
#4 /workerman/vendor/workerman/workerman/src/Worker.php(1554): Workerman\Worker::forkOneWorkerForLinux(Object(Workerman\Worker))
#5 /workerman/vendor/workerman/workerman/src/Worker.php(1534): Workerman\Worker::forkWorkersForLinux()
#6 /workerman/vendor/workerman/workerman/src/Worker.php(1903): Workerman\Worker::forkWorkers()
#7 /workerman/vendor/workerman/workerman/src/Worker.php(1838): Workerman\Worker::monitorWorkersForLinux()
#8 /workerman/vendor/workerman/workerman/src/Worker.php(605): Workerman\Worker::monitorWorkers()
#9 /workerman/server.php(143): Workerman\Worker::runAll()
#10 {main}
worker[none:8977] exit with status 64000
TypeError: Unsupported operand types: int + string in /workerman/server.php:76
Stack trace:
#0 /workerman/vendor/workerman/workerman/src/Connection/TcpConnection.php(792): {closure:/workerman/server.php:66}(Object(Workerman\Connection\TcpConnection), Object(Workerman\Protocols\Http\Request))
#1 [internal function]: Workerman\Connection\TcpConnection->baseRead(Resource id #9018, true, NULL)
#2 /workerman/vendor/workerman/workerman/src/Events/Event.php(250): EventBase->loop()
#3 /workerman/vendor/workerman/workerman/src/Worker.php(1758): Workerman\Events\Event->run()
#4 /workerman/vendor/workerman/workerman/src/Worker.php(1554): Workerman\Worker::forkOneWorkerForLinux(Object(Workerman\Worker))
#5 /workerman/vendor/workerman/workerman/src/Worker.php(1534): Workerman\Worker::forkWorkersForLinux()
#6 /workerman/vendor/workerman/workerman/src/Worker.php(1903): Workerman\Worker::forkWorkers()
#7 /workerman/vendor/workerman/workerman/src/Worker.php(1838): Workerman\Worker::monitorWorkersForLinux()
#8 /workerman/vendor/workerman/workerman/src/Worker.php(605): Workerman\Worker::monitorWorkers()
#9 /workerman/server.php(143): Workerman\Worker::runAll()
#10 {main}
TypeError: Unsupported operand types: int + string in /workerman/server.php:76
Stack trace:
#0 /workerman/vendor/workerman/workerman/src/Connection/TcpConnection.php(792): {closure:/workerman/server.php:66}(Object(Workerman\Connection\TcpConnection), Object(Workerman\Protocols\Http\Request))
#1 [internal function]: Workerman\Connection\TcpConnection->baseRead(Resource id #9010, true, NULL)
#2 /workerman/vendor/workerman/workerman/src/Events/Event.php(250): EventBase->loop()
#3 /workerman/vendor/workerman/workerman/src/Worker.php(1758): Workerman\Events\Event->run()
#4 /workerman/vendor/workerman/workerman/src/Worker.php(1554): Workerman\Worker::forkOneWorkerForLinux(Object(Workerman\Worker))
#5 /workerman/vendor/workerman/workerman/src/Worker.php(1534): Workerman\Worker::forkWorkersForLinux()
#6 /workerman/vendor/workerman/workerman/src/Worker.php(1903): Workerman\Worker::forkWorkers()
#7 /workerman/vendor/workerman/workerman/src/Worker.php(1838): Workerman\Worker::monitorWorkersForLinux()
#8 /workerman/vendor/workerman/workerman/src/Worker.php(605): Workerman\Worker::monitorWorkers()
#9 /workerman/server.php(143): Workerman\Worker::runAll()
#10 {main}
worker[none:8978] exit with status 64000
TypeError: Unsupported operand types: int + string in /workerman/server.php:76
Stack trace:
#0 /workerman/vendor/workerman/workerman/src/Connection/TcpConnection.php(792): {closure:/workerman/server.php:66}(Object(Workerman\Connection\TcpConnection), Object(Workerman\Protocols\Http\Request))
#1 [internal function]: Workerman\Connection\TcpConnection->baseRead(Resource id #9010, true, NULL)
#2 /workerman/vendor/workerman/workerman/src/Events/Event.php(250): EventBase->loop()
#3 /workerman/vendor/workerman/workerman/src/Worker.php(1758): Workerman\Events\Event->run()
#4 /workerman/vendor/workerman/workerman/src/Worker.php(1554): Workerman\Worker::forkOneWorkerForLinux(Object(Workerman\Worker))
#5 /workerman/vendor/workerman/workerman/src/Worker.php(1534): Workerman\Worker::forkWorkersForLinux()
#6 /workerman/vendor/workerman/workerman/src/Worker.php(1903): Workerman\Worker::forkWorkers()
#7 /workerman/vendor/workerman/workerman/src/Worker.php(1838): Workerman\Worker::monitorWorkersForLinux()
#8 /workerman/vendor/workerman/workerman/src/Worker.php(605): Workerman\Worker::monitorWorkers()
#9 /workerman/server.php(143): Workerman\Worker::runAll()
#10 {main}
TypeError: Unsupported operand types: int + string in /workerman/server.php:76
Stack trace:
#0 /workerman/vendor/workerman/workerman/src/Connection/TcpConnection.php(792): {closure:/workerman/server.php:66}(Object(Workerman\Connection\TcpConnection), Object(Workerman\Protocols\Http\Request))
#1 [internal function]: Workerman\Connection\TcpConnection->baseRead(Resource id #9014, true, NULL)
#2 /workerman/vendor/workerman/workerman/src/Events/Event.php(250): EventBase->loop()
#3 /workerman/vendor/workerman/workerman/src/Worker.php(1758): Workerman\Events\Event->run()
#4 /workerman/vendor/workerman/workerman/src/Worker.php(1554): Workerman\Worker::forkOneWorkerForLinux(Object(Workerman\Worker))
#5 /workerman/vendor/workerman/workerman/src/Worker.php(1534): Workerman\Worker::forkWorkersForLinux()
#6 /workerman/vendor/workerman/workerman/src/Worker.php(1903): Workerman\Worker::forkWorkers()
#7 /workerman/vendor/workerman/workerman/src/Worker.php(1838): Workerman\Worker::monitorWorkersForLinux()
#8 /workerman/vendor/workerman/workerman/src/Worker.php(605): Workerman\Worker::monitorWorkers()
#9 /workerman/server.php(143): Workerman\Worker::runAll()
#10 {main}
TypeError: Unsupported operand types: int + string in /workerman/server.php:76
Stack trace:
#0 /workerman/vendor/workerman/workerman/src/Connection/TcpConnection.php(792): {closure:/workerman/server.php:66}(Object(Workerman\Connection\TcpConnection), Object(Workerman\Protocols\Http\Request))
#1 [internal function]: Workerman\Connection\TcpConnection->baseRead(Resource id #9008, true, NULL)
#2 /workerman/vendor/workerman/workerman/src/Events/Event.php(250): EventBase->loop()
#3 /workerman/vendor/workerman/workerman/src/Worker.php(1758): Workerman\Events\Event->run()
#4 /workerman/vendor/workerman/workerman/src/Worker.php(1554): Workerman\Worker::forkOneWorkerForLinux(Object(Workerman\Worker))
#5 /workerman/vendor/workerman/workerman/src/Worker.php(1534): Workerman\Worker::forkWorkersForLinux()
#6 /workerman/vendor/workerman/workerman/src/Worker.php(1903): Workerman\Worker::forkWorkers()
#7 /workerman/vendor/workerman/workerman/src/Worker.php(1838): Workerman\Worker::monitorWorkersForLinux()
#8 /workerman/vendor/workerman/workerman/src/Worker.php(605): Workerman\Worker::monitorWorkers()
#9 /workerman/server.php(143): Workerman\Worker::runAll()
#10 {main}
worker[none:8979] exit with status 64000
worker[none:8980] exit with status 64000
worker[none:8981] exit with status 64000
TypeError: Unsupported operand types: int + string in /workerman/server.php:76
Stack trace:
#0 /workerman/vendor/workerman/workerman/src/Connection/TcpConnection.php(792): {closure:/workerman/server.php:66}(Object(Workerman\Connection\TcpConnection), Object(Workerman\Protocols\Http\Request))
#1 [internal function]: Workerman\Connection\TcpConnection->baseRead(Resource id #9021, true, NULL)
#2 /workerman/vendor/workerman/workerman/src/Events/Event.php(250): EventBase->loop()
#3 /workerman/vendor/workerman/workerman/src/Worker.php(1758): Workerman\Events\Event->run()
#4 /workerman/vendor/workerman/workerman/src/Worker.php(1554): Workerman\Worker::forkOneWorkerForLinux(Object(Workerman\Worker))
#5 /workerman/vendor/workerman/workerman/src/Worker.php(1534): Workerman\Worker::forkWorkersForLinux()
#6 /workerman/vendor/workerman/workerman/src/Worker.php(1903): Workerman\Worker::forkWorkers()
#7 /workerman/vendor/workerman/workerman/src/Worker.php(1838): Workerman\Worker::monitorWorkersForLinux()
#8 /workerman/vendor/workerman/workerman/src/Worker.php(605): Workerman\Worker::monitorWorkers()
#9 /workerman/server.php(143): Workerman\Worker::runAll()
#10 {main}
TypeError: Unsupported operand types: int + string in /workerman/server.php:76
Stack trace:
#0 /workerman/vendor/workerman/workerman/src/Connection/TcpConnection.php(792): {closure:/workerman/server.php:66}(Object(Workerman\Connection\TcpConnection), Object(Workerman\Protocols\Http\Request))
#1 [internal function]: Workerman\Connection\TcpConnection->baseRead(Resource id #9019, true, NULL)
#2 /workerman/vendor/workerman/workerman/src/Events/Event.php(250): EventBase->loop()
#3 /workerman/vendor/workerman/workerman/src/Worker.php(1758): Workerman\Events\Event->run()
#4 /workerman/vendor/workerman/workerman/src/Worker.php(1554): Workerman\Worker::forkOneWorkerForLinux(Object(Workerman\Worker))
#5 /workerman/vendor/workerman/workerman/src/Worker.php(1534): Workerman\Worker::forkWorkersForLinux()
#6 /workerman/vendor/workerman/workerman/src/Worker.php(1903): Workerman\Worker::forkWorkers()
#7 /workerman/vendor/workerman/workerman/src/Worker.php(1838): Workerman\Worker::monitorWorkersForLinux()
#8 /workerman/vendor/workerman/workerman/src/Worker.php(605): Workerman\Worker::monitorWorkers()
#9 /workerman/server.php(143): Workerman\Worker::runAll()
#10 {main}
TypeError: Unsupported operand types: int + string in /workerman/server.php:76
Stack trace:
#0 /workerman/vendor/workerman/workerman/src/Connection/TcpConnection.php(792): {closure:/workerman/server.php:66}(Object(Workerman\Connection\TcpConnection), Object(Workerman\Protocols\Http\Request))
#1 [internal function]: Workerman\Connection\TcpConnection->baseRead(Resource id #9022, true, NULL)
#2 /workerman/vendor/workerman/workerman/src/Events/Event.php(250): EventBase->loop()
#3 /workerman/vendor/workerman/workerman/src/Worker.php(1758): Workerman\Events\Event->run()
#4 /workerman/vendor/workerman/workerman/src/Worker.php(1554): Workerman\Worker::forkOneWorkerForLinux(Object(Workerman\Worker))
#5 /workerman/vendor/workerman/workerman/src/Worker.php(1534): Workerman\Worker::forkWorkersForLinux()
#6 /workerman/vendor/workerman/workerman/src/Worker.php(1903): Workerman\Worker::forkWorkers()
#7 /workerman/vendor/workerman/workerman/src/Worker.php(1838): Workerman\Worker::monitorWorkersForLinux()
#8 /workerman/vendor/workerman/workerman/src/Worker.php(605): Workerman\Worker::monitorWorkers()
#9 /workerman/server.php(143): Workerman\Worker::runAll()
#10 {main}
worker[none:8982] exit with status 64000
worker[none:8983] exit with status 64000
worker[none:8984] exit with status 64000
worker[none:8985] exit with status 64000
TypeError: Unsupported operand types: int + string in /workerman/server.php:76
Stack trace:
#0 /workerman/vendor/workerman/workerman/src/Connection/TcpConnection.php(792): {closure:/workerman/server.php:66}(Object(Workerman\Connection\TcpConnection), Object(Workerman\Protocols\Http\Request))
#1 [internal function]: Workerman\Connection\TcpConnection->baseRead(Resource id #9028, true, NULL)
#2 /workerman/vendor/workerman/workerman/src/Events/Event.php(250): EventBase->loop()
#3 /workerman/vendor/workerman/workerman/src/Worker.php(1758): Workerman\Events\Event->run()
#4 /workerman/vendor/workerman/workerman/src/Worker.php(1554): Workerman\Worker::forkOneWorkerForLinux(Object(Workerman\Worker))
#5 /workerman/vendor/workerman/workerman/src/Worker.php(1534): Workerman\Worker::forkWorkersForLinux()
#6 /workerman/vendor/workerman/workerman/src/Worker.php(1903): Workerman\Worker::forkWorkers()
#7 /workerman/vendor/workerman/workerman/src/Worker.php(1838): Workerman\Worker::monitorWorkersForLinux()
#8 /workerman/vendor/workerman/workerman/src/Worker.php(605): Workerman\Worker::monitorWorkers()
#9 /workerman/server.php(143): Workerman\Worker::runAll()
#10 {main}
worker[none:8986] exit with status 64000
TypeError: Unsupported operand types: int + string in /workerman/server.php:76
Stack trace:
#0 /workerman/vendor/workerman/workerman/src/Connection/TcpConnection.php(792): {closure:/workerman/server.php:66}(Object(Workerman\Connection\TcpConnection), Object(Workerman\Protocols\Http\Request))
#1 [internal function]: Workerman\Connection\TcpConnection->baseRead(Resource id #9031, true, NULL)
#2 /workerman/vendor/workerman/workerman/src/Events/Event.php(250): EventBase->loop()
#3 /workerman/vendor/workerman/workerman/src/Worker.php(1758): Workerman\Events\Event->run()
#4 /workerman/vendor/workerman/workerman/src/Worker.php(1554): Workerman\Worker::forkOneWorkerForLinux(Object(Workerman\Worker))
#5 /workerman/vendor/workerman/workerman/src/Worker.php(1534): Workerman\Worker::forkWorkersForLinux()
#6 /workerman/vendor/workerman/workerman/src/Worker.php(1903): Workerman\Worker::forkWorkers()
#7 /workerman/vendor/workerman/workerman/src/Worker.php(1838): Workerman\Worker::monitorWorkersForLinux()
#8 /workerman/vendor/workerman/workerman/src/Worker.php(605): Workerman\Worker::monitorWorkers()
#9 /workerman/server.php(143): Workerman\Worker::runAll()
#10 {main}
worker[none:8987] exit with status 64000
worker[none:8988] exit with status 64000
TypeError: Unsupported operand types: int + string in /workerman/server.php:76
Stack trace:
#0 /workerman/vendor/workerman/workerman/src/Connection/TcpConnection.php(792): {closure:/workerman/server.php:66}(Object(Workerman\Connection\TcpConnection), Object(Workerman\Protocols\Http\Request))
#1 [internal function]: Workerman\Connection\TcpConnection->baseRead(Resource id #9026, true, NULL)
#2 /workerman/vendor/workerman/workerman/src/Events/Event.php(250): EventBase->loop()
#3 /workerman/vendor/workerman/workerman/src/Worker.php(1758): Workerman\Events\Event->run()
#4 /workerman/vendor/workerman/workerman/src/Worker.php(1554): Workerman\Worker::forkOneWorkerForLinux(Object(Workerman\Worker))
#5 /workerman/vendor/workerman/workerman/src/Worker.php(1534): Workerman\Worker::forkWorkersForLinux()
#6 /workerman/vendor/workerman/workerman/src/Worker.php(1903): Workerman\Worker::forkWorkers()
#7 /workerman/vendor/workerman/workerman/src/Worker.php(1838): Workerman\Worker::monitorWorkersForLinux()
#8 /workerman/vendor/workerman/workerman/src/Worker.php(605): Workerman\Worker::monitorWorkers()
#9 /workerman/server.php(143): Workerman\Worker::runAll()
#10 {main}
worker[none:8989] exit with status 64000
worker[none:8990] exit with status 64000
worker[none:8991] exit with status 64000
TypeError: Unsupported operand types: int + string in /workerman/server.php:76
Stack trace:
#0 /workerman/vendor/workerman/workerman/src/Connection/TcpConnection.php(792): {closure:/workerman/server.php:66}(Object(Workerman\Connection\TcpConnection), Object(Workerman\Protocols\Http\Request))
#1 [internal function]: Workerman\Connection\TcpConnection->baseRead(Resource id #9020, true, NULL)
#2 /workerman/vendor/workerman/workerman/src/Events/Event.php(250): EventBase->loop()
#3 /workerman/vendor/workerman/workerman/src/Worker.php(1758): Workerman\Events\Event->run()
#4 /workerman/vendor/workerman/workerman/src/Worker.php(1554): Workerman\Worker::forkOneWorkerForLinux(Object(Workerman\Worker))
#5 /workerman/vendor/workerman/workerman/src/Worker.php(1534): Workerman\Worker::forkWorkersForLinux()
#6 /workerman/vendor/workerman/workerman/src/Worker.php(1903): Workerman\Worker::forkWorkers()
#7 /workerman/vendor/workerman/workerman/src/Worker.php(1838): Workerman\Worker::monitorWorkersForLinux()
#8 /workerman/vendor/workerman/workerman/src/Worker.php(605): Workerman\Worker::monitorWorkers()
#9 /workerman/server.php(143): Workerman\Worker::runAll()
#10 {main}
TypeError: Unsupported operand types: int + string in /workerman/server.php:76
Stack trace:
#0 /workerman/vendor/workerman/workerman/src/Connection/TcpConnection.php(792): {closure:/workerman/server.php:66}(Object(Workerman\Connection\TcpConnection), Object(Workerman\Protocols\Http\Request))
#1 [internal function]: Workerman\Connection\TcpConnection->baseRead(Resource id #9031, true, NULL)
#2 /workerman/vendor/workerman/workerman/src/Events/Event.php(250): EventBase->loop()
#3 /workerman/vendor/workerman/workerman/src/Worker.php(1758): Workerman\Events\Event->run()
#4 /workerman/vendor/workerman/workerman/src/Worker.php(1554): Workerman\Worker::forkOneWorkerForLinux(Object(Workerman\Worker))
#5 /workerman/vendor/workerman/workerman/src/Worker.php(1534): Workerman\Worker::forkWorkersForLinux()
#6 /workerman/vendor/workerman/workerman/src/Worker.php(1903): Workerman\Worker::forkWorkers()
#7 /workerman/vendor/workerman/workerman/src/Worker.php(1838): Workerman\Worker::monitorWorkersForLinux()
#8 /workerman/vendor/workerman/workerman/src/Worker.php(605): Workerman\Worker::monitorWorkers()
#9 /workerman/server.php(143): Workerman\Worker::runAll()
#10 {main}
TypeError: Unsupported operand types: int + string in /workerman/server.php:76
Stack trace:
#0 /workerman/vendor/workerman/workerman/src/Connection/TcpConnection.php(792): {closure:/workerman/server.php:66}(Object(Workerman\Connection\TcpConnection), Object(Workerman\Protocols\Http\Request))
#1 [internal function]: Workerman\Connection\TcpConnection->baseRead(Resource id #9026, true, NULL)
#2 /workerman/vendor/workerman/workerman/src/Events/Event.php(250): EventBase->loop()
#3 /workerman/vendor/workerman/workerman/src/Worker.php(1758): Workerman\Events\Event->run()
#4 /workerman/vendor/workerman/workerman/src/Worker.php(1554): Workerman\Worker::forkOneWorkerForLinux(Object(Workerman\Worker))
#5 /workerman/vendor/workerman/workerman/src/Worker.php(1534): Workerman\Worker::forkWorkersForLinux()
#6 /workerman/vendor/workerman/workerman/src/Worker.php(1903): Workerman\Worker::forkWorkers()
#7 /workerman/vendor/workerman/workerman/src/Worker.php(1838): Workerman\Worker::monitorWorkersForLinux()
#8 /workerman/vendor/workerman/workerman/src/Worker.php(605): Workerman\Worker::monitorWorkers()
#9 /workerman/server.php(143): Workerman\Worker::runAll()
#10 {main}
worker[none:8993] exit with status 64000
worker[none:8994] exit with status 64000
TypeError: Unsupported operand types: int + string in /workerman/server.php:76
Stack trace:
#0 /workerman/vendor/workerman/workerman/src/Connection/TcpConnection.php(792): {closure:/workerman/server.php:66}(Object(Workerman\Connection\TcpConnection), Object(Workerman\Protocols\Http\Request))
#1 [internal function]: Workerman\Connection\TcpConnection->baseRead(Resource id #9026, true, NULL)
#2 /workerman/vendor/workerman/workerman/src/Events/Event.php(250): EventBase->loop()
#3 /workerman/vendor/workerman/workerman/src/Worker.php(1758): Workerman\Events\Event->run()
#4 /workerman/vendor/workerman/workerman/src/Worker.php(1554): Workerman\Worker::forkOneWorkerForLinux(Object(Workerman\Worker))
#5 /workerman/vendor/workerman/workerman/src/Worker.php(1534): Workerman\Worker::forkWorkersForLinux()
#6 /workerman/vendor/workerman/workerman/src/Worker.php(1903): Workerman\Worker::forkWorkers()
#7 /workerman/vendor/workerman/workerman/src/Worker.php(1838): Workerman\Worker::monitorWorkersForLinux()
#8 /workerman/vendor/workerman/workerman/src/Worker.php(605): Workerman\Worker::monitorWorkers()
#9 /workerman/server.php(143): Workerman\Worker::runAll()
#10 {main}
TypeError: Unsupported operand types: int + string in /workerman/server.php:76
Stack trace:
#0 /workerman/vendor/workerman/workerman/src/Connection/TcpConnection.php(792): {closure:/workerman/server.php:66}(Object(Workerman\Connection\TcpConnection), Object(Workerman\Protocols\Http\Request))
#1 [internal function]: Workerman\Connection\TcpConnection->baseRead(Resource id #9043, true, NULL)
#2 /workerman/vendor/workerman/workerman/src/Events/Event.php(250): EventBase->loop()
#3 /workerman/vendor/workerman/workerman/src/Worker.php(1758): Workerman\Events\Event->run()
#4 /workerman/vendor/workerman/workerman/src/Worker.php(1554): Workerman\Worker::forkOneWorkerForLinux(Object(Workerman\Worker))
#5 /workerman/vendor/workerman/workerman/src/Worker.php(1534): Workerman\Worker::forkWorkersForLinux()
#6 /workerman/vendor/workerman/workerman/src/Worker.php(1903): Workerman\Worker::forkWorkers()
#7 /workerman/vendor/workerman/workerman/src/Worker.php(1838): Workerman\Worker::monitorWorkersForLinux()
#8 /workerman/vendor/workerman/workerman/src/Worker.php(605): Workerman\Worker::monitorWorkers()
#9 /workerman/server.php(143): Workerman\Worker::runAll()
#10 {main}
worker[none:8995] exit with status 64000
TypeError: Unsupported operand types: int + string in /workerman/server.php:76
Stack trace:
#0 /workerman/vendor/workerman/workerman/src/Connection/TcpConnection.php(792): {closure:/workerman/server.php:66}(Object(Workerman\Connection\TcpConnection), Object(Workerman\Protocols\Http\Request))
#1 [internal function]: Workerman\Connection\TcpConnection->baseRead(Resource id #9023, true, NULL)
#2 /workerman/vendor/workerman/workerman/src/Events/Event.php(250): EventBase->loop()
#3 /workerman/vendor/workerman/workerman/src/Worker.php(1758): Workerman\Events\Event->run()
#4 /workerman/vendor/workerman/workerman/src/Worker.php(1554): Workerman\Worker::forkOneWorkerForLinux(Object(Workerman\Worker))
#5 /workerman/vendor/workerman/workerman/src/Worker.php(1534): Workerman\Worker::forkWorkersForLinux()
#6 /workerman/vendor/workerman/workerman/src/Worker.php(1903): Workerman\Worker::forkWorkers()
#7 /workerman/vendor/workerman/workerman/src/Worker.php(1838): Workerman\Worker::monitorWorkersForLinux()
#8 /workerman/vendor/workerman/workerman/src/Worker.php(605): Workerman\Worker::monitorWorkers()
#9 /workerman/server.php(143): Workerman\Worker::runAll()
#10 {main}
TypeError: Unsupported operand types: int + string in /workerman/server.php:76
Stack trace:
#0 /workerman/vendor/workerman/workerman/src/Connection/TcpConnection.php(792): {closure:/workerman/server.php:66}(Object(Workerman\Connection\TcpConnection), Object(Workerman\Protocols\Http\Request))
#1 [internal function]: Workerman\Connection\TcpConnection->baseRead(Resource id #9025, true, NULL)
#2 /workerman/vendor/workerman/workerman/src/Events/Event.php(250): EventBase->loop()
#3 /workerman/vendor/workerman/workerman/src/Worker.php(1758): Workerman\Events\Event->run()
#4 /workerman/vendor/workerman/workerman/src/Worker.php(1554): Workerman\Worker::forkOneWorkerForLinux(Object(Workerman\Worker))
#5 /workerman/vendor/workerman/workerman/src/Worker.php(1534): Workerman\Worker::forkWorkersForLinux()
#6 /workerman/vendor/workerman/workerman/src/Worker.php(1903): Workerman\Worker::forkWorkers()
#7 /workerman/vendor/workerman/workerman/src/Worker.php(1838): Workerman\Worker::monitorWorkersForLinux()
#8 /workerman/vendor/workerman/workerman/src/Worker.php(605): Workerman\Worker::monitorWorkers()
#9 /workerman/server.php(143): Workerman\Worker::runAll()
#10 {main}
worker[none:8996] exit with status 64000
TypeError: Unsupported operand types: int + string in /workerman/server.php:76
Stack trace:
#0 /workerman/vendor/workerman/workerman/src/Connection/TcpConnection.php(792): {closure:/workerman/server.php:66}(Object(Workerman\Connection\TcpConnection), Object(Workerman\Protocols\Http\Request))
#1 [internal function]: Workerman\Connection\TcpConnection->baseRead(Resource id #9033, true, NULL)
#2 /workerman/vendor/workerman/workerman/src/Events/Event.php(250): EventBase->loop()
#3 /workerman/vendor/workerman/workerman/src/Worker.php(1758): Workerman\Events\Event->run()
#4 /workerman/vendor/workerman/workerman/src/Worker.php(1554): Workerman\Worker::forkOneWorkerForLinux(Object(Workerman\Worker))
#5 /workerman/vendor/workerman/workerman/src/Worker.php(1534): Workerman\Worker::forkWorkersForLinux()
#6 /workerman/vendor/workerman/workerman/src/Worker.php(1903): Workerman\Worker::forkWorkers()
#7 /workerman/vendor/workerman/workerman/src/Worker.php(1838): Workerman\Worker::monitorWorkersForLinux()
#8 /workerman/vendor/workerman/workerman/src/Worker.php(605): Workerman\Worker::monitorWorkers()
#9 /workerman/server.php(143): Workerman\Worker::runAll()
#10 {main}
worker[none:8997] exit with status 64000
worker[none:8998] exit with status 64000
TypeError: Unsupported operand types: int + string in /workerman/server.php:76
Stack trace:
#0 /workerman/vendor/workerman/workerman/src/Connection/TcpConnection.php(792): {closure:/workerman/server.php:66}(Object(Workerman\Connection\TcpConnection), Object(Workerman\Protocols\Http\Request))
#1 [internal function]: Workerman\Connection\TcpConnection->baseRead(Resource id #9033, true, NULL)
#2 /workerman/vendor/workerman/workerman/src/Events/Event.php(250): EventBase->loop()
#3 /workerman/vendor/workerman/workerman/src/Worker.php(1758): Workerman\Events\Event->run()
#4 /workerman/vendor/workerman/workerman/src/Worker.php(1554): Workerman\Worker::forkOneWorkerForLinux(Object(Workerman\Worker))
#5 /workerman/vendor/workerman/workerman/src/Worker.php(1534): Workerman\Worker::forkWorkersForLinux()
#6 /workerman/vendor/workerman/workerman/src/Worker.php(1903): Workerman\Worker::forkWorkers()
#7 /workerman/vendor/workerman/workerman/src/Worker.php(1838): Workerman\Worker::monitorWorkersForLinux()
#8 /workerman/vendor/workerman/workerman/src/Worker.php(605): Workerman\Worker::monitorWorkers()
#9 /workerman/server.php(143): Workerman\Worker::runAll()
#10 {main}
worker[none:8999] exit with status 64000
TypeError: Unsupported operand types: int + string in /workerman/server.php:76
Stack trace:
#0 /workerman/vendor/workerman/workerman/src/Connection/TcpConnection.php(792): {closure:/workerman/server.php:66}(Object(Workerman\Connection\TcpConnection), Object(Workerman\Protocols\Http\Request))
#1 [internal function]: Workerman\Connection\TcpConnection->baseRead(Resource id #9027, true, NULL)
#2 /workerman/vendor/workerman/workerman/src/Events/Event.php(250): EventBase->loop()
#3 /workerman/vendor/workerman/workerman/src/Worker.php(1758): Workerman\Events\Event->run()
#4 /workerman/vendor/workerman/workerman/src/Worker.php(1554): Workerman\Worker::forkOneWorkerForLinux(Object(Workerman\Worker))
#5 /workerman/vendor/workerman/workerman/src/Worker.php(1534): Workerman\Worker::forkWorkersForLinux()
#6 /workerman/vendor/workerman/workerman/src/Worker.php(1903): Workerman\Worker::forkWorkers()
#7 /workerman/vendor/workerman/workerman/src/Worker.php(1838): Workerman\Worker::monitorWorkersForLinux()
#8 /workerman/vendor/workerman/workerman/src/Worker.php(605): Workerman\Worker::monitorWorkers()
#9 /workerman/server.php(143): Workerman\Worker::runAll()
#10 {main}
worker[none:9000] exit with status 64000
TypeError: Unsupported operand types: int + string in /workerman/server.php:76
Stack trace:
#0 /workerman/vendor/workerman/workerman/src/Connection/TcpConnection.php(792): {closure:/workerman/server.php:66}(Object(Workerman\Connection\TcpConnection), Object(Workerman\Protocols\Http\Request))
#1 [internal function]: Workerman\Connection\TcpConnection->baseRead(Resource id #9025, true, NULL)
#2 /workerman/vendor/workerman/workerman/src/Events/Event.php(250): EventBase->loop()
#3 /workerman/vendor/workerman/workerman/src/Worker.php(1758): Workerman\Events\Event->run()
#4 /workerman/vendor/workerman/workerman/src/Worker.php(1554): Workerman\Worker::forkOneWorkerForLinux(Object(Workerman\Worker))
#5 /workerman/vendor/workerman/workerman/src/Worker.php(1534): Workerman\Worker::forkWorkersForLinux()
#6 /workerman/vendor/workerman/workerman/src/Worker.php(1903): Workerman\Worker::forkWorkers()
#7 /workerman/vendor/workerman/workerman/src/Worker.php(1838): Workerman\Worker::monitorWorkersForLinux()
#8 /workerman/vendor/workerman/workerman/src/Worker.php(605): Workerman\Worker::monitorWorkers()
#9 /workerman/server.php(143): Workerman\Worker::runAll()
#10 {main}
TypeError: Unsupported operand types: int + string in /workerman/server.php:76
Stack trace:
#0 /workerman/vendor/workerman/workerman/src/Connection/TcpConnection.php(792): {closure:/workerman/server.php:66}(Object(Workerman\Connection\TcpConnection), Object(Workerman\Protocols\Http\Request))
#1 [internal function]: Workerman\Connection\TcpConnection->baseRead(Resource id #9030, true, NULL)
#2 /workerman/vendor/workerman/workerman/src/Events/Event.php(250): EventBase->loop()
#3 /workerman/vendor/workerman/workerman/src/Worker.php(1758): Workerman\Events\Event->run()
#4 /workerman/vendor/workerman/workerman/src/Worker.php(1554): Workerman\Worker::forkOneWorkerForLinux(Object(Workerman\Worker))
#5 /workerman/vendor/workerman/workerman/src/Worker.php(1534): Workerman\Worker::forkWorkersForLinux()
#6 /workerman/vendor/workerman/workerman/src/Worker.php(1903): Workerman\Worker::forkWorkers()
#7 /workerman/vendor/workerman/workerman/src/Worker.php(1838): Workerman\Worker::monitorWorkersForLinux()
#8 /workerman/vendor/workerman/workerman/src/Worker.php(605): Workerman\Worker::monitorWorkers()
#9 /workerman/server.php(143): Workerman\Worker::runAll()
#10 {main}
worker[none:8910] exit with status 64000
TypeError: Unsupported operand types: int + string in /workerman/server.php:76
Stack trace:
#0 /workerman/vendor/workerman/workerman/src/Connection/TcpConnection.php(792): {closure:/workerman/server.php:66}(Object(Workerman\Connection\TcpConnection), Object(Workerman\Protocols\Http\Request))
#1 [internal function]: Workerman\Connection\TcpConnection->baseRead(Resource id #9031, true, NULL)
#2 /workerman/vendor/workerman/workerman/src/Events/Event.php(250): EventBase->loop()
#3 /workerman/vendor/workerman/workerman/src/Worker.php(1758): Workerman\Events\Event->run()
#4 /workerman/vendor/workerman/workerman/src/Worker.php(1554): Workerman\Worker::forkOneWorkerForLinux(Object(Workerman\Worker))
#5 /workerman/vendor/workerman/workerman/src/Worker.php(1534): Workerman\Worker::forkWorkersForLinux()
#6 /workerman/vendor/workerman/workerman/src/Worker.php(1903): Workerman\Worker::forkWorkers()
#7 /workerman/vendor/workerman/workerman/src/Worker.php(1838): Workerman\Worker::monitorWorkersForLinux()
#8 /workerman/vendor/workerman/workerman/src/Worker.php(605): Workerman\Worker::monitorWorkers()
#9 /workerman/server.php(143): Workerman\Worker::runAll()
#10 {main}
TypeError: Unsupported operand types: int + string in /workerman/server.php:76
Stack trace:
#0 /workerman/vendor/workerman/workerman/src/Connection/TcpConnection.php(792): {closure:/workerman/server.php:66}(Object(Workerman\Connection\TcpConnection), Object(Workerman\Protocols\Http\Request))
#1 [internal function]: Workerman\Connection\TcpConnection->baseRead(Resource id #9028, true, NULL)
#2 /workerman/vendor/workerman/workerman/src/Events/Event.php(250): EventBase->loop()
#3 /workerman/vendor/workerman/workerman/src/Worker.php(1758): Workerman\Events\Event->run()
#4 /workerman/vendor/workerman/workerman/src/Worker.php(1554): Workerman\Worker::forkOneWorkerForLinux(Object(Workerman\Worker))
#5 /workerman/vendor/workerman/workerman/src/Worker.php(1534): Workerman\Worker::forkWorkersForLinux()
#6 /workerman/vendor/workerman/workerman/src/Worker.php(1903): Workerman\Worker::forkWorkers()
#7 /workerman/vendor/workerman/workerman/src/Worker.php(1838): Workerman\Worker::monitorWorkersForLinux()
#8 /workerman/vendor/workerman/workerman/src/Worker.php(605): Workerman\Worker::monitorWorkers()
#9 /workerman/server.php(143): Workerman\Worker::runAll()
#10 {main}
worker[none:9001] exit with status 64000
TypeError: Unsupported operand types: int + string in /workerman/server.php:76
Stack trace:
#0 /workerman/vendor/workerman/workerman/src/Connection/TcpConnection.php(792): {closure:/workerman/server.php:66}(Object(Workerman\Connection\TcpConnection), Object(Workerman\Protocols\Http\Request))
#1 [internal function]: Workerman\Connection\TcpConnection->baseRead(Resource id #9038, true, NULL)
#2 /workerman/vendor/workerman/workerman/src/Events/Event.php(250): EventBase->loop()
#3 /workerman/vendor/workerman/workerman/src/Worker.php(1758): Workerman\Events\Event->run()
#4 /workerman/vendor/workerman/workerman/src/Worker.php(1554): Workerman\Worker::forkOneWorkerForLinux(Object(Workerman\Worker))
#5 /workerman/vendor/workerman/workerman/src/Worker.php(1534): Workerman\Worker::forkWorkersForLinux()
#6 /workerman/vendor/workerman/workerman/src/Worker.php(1903): Workerman\Worker::forkWorkers()
#7 /workerman/vendor/workerman/workerman/src/Worker.php(1838): Workerman\Worker::monitorWorkersForLinux()
#8 /workerman/vendor/workerman/workerman/src/Worker.php(605): Workerman\Worker::monitorWorkers()
#9 /workerman/server.php(143): Workerman\Worker::runAll()
#10 {main}
TypeError: Unsupported operand types: int + string in /workerman/server.php:76
Stack trace:
#0 /workerman/vendor/workerman/workerman/src/Connection/TcpConnection.php(792): {closure:/workerman/server.php:66}(Object(Workerman\Connection\TcpConnection), Object(Workerman\Protocols\Http\Request))
#1 [internal function]: Workerman\Connection\TcpConnection->baseRead(Resource id #9035, true, NULL)
#2 /workerman/vendor/workerman/workerman/src/Events/Event.php(250): EventBase->loop()
#3 /workerman/vendor/workerman/workerman/src/Worker.php(1758): Workerman\Events\Event->run()
#4 /workerman/vendor/workerman/workerman/src/Worker.php(1554): Workerman\Worker::forkOneWorkerForLinux(Object(Workerman\Worker))
#5 /workerman/vendor/workerman/workerman/src/Worker.php(1534): Workerman\Worker::forkWorkersForLinux()
#6 /workerman/vendor/workerman/workerman/src/Worker.php(1903): Workerman\Worker::forkWorkers()
#7 /workerman/vendor/workerman/workerman/src/Worker.php(1838): Workerman\Worker::monitorWorkersForLinux()
#8 /workerman/vendor/workerman/workerman/src/Worker.php(605): Workerman\Worker::monitorWorkers()
#9 /workerman/server.php(143): Workerman\Worker::runAll()
#10 {main}
worker[none:9002] exit with status 64000
worker[none:9003] exit with status 64000
TypeError: Unsupported operand types: int + string in /workerman/server.php:76
Stack trace:
#0 /workerman/vendor/workerman/workerman/src/Connection/TcpConnection.php(792): {closure:/workerman/server.php:66}(Object(Workerman\Connection\TcpConnection), Object(Workerman\Protocols\Http\Request))
#1 [internal function]: Workerman\Connection\TcpConnection->baseRead(Resource id #9030, true, NULL)
#2 /workerman/vendor/workerman/workerman/src/Events/Event.php(250): EventBase->loop()
#3 /workerman/vendor/workerman/workerman/src/Worker.php(1758): Workerman\Events\Event->run()
#4 /workerman/vendor/workerman/workerman/src/Worker.php(1554): Workerman\Worker::forkOneWorkerForLinux(Object(Workerman\Worker))
#5 /workerman/vendor/workerman/workerman/src/Worker.php(1534): Workerman\Worker::forkWorkersForLinux()
#6 /workerman/vendor/workerman/workerman/src/Worker.php(1903): Workerman\Worker::forkWorkers()
#7 /workerman/vendor/workerman/workerman/src/Worker.php(1838): Workerman\Worker::monitorWorkersForLinux()
#8 /workerman/vendor/workerman/workerman/src/Worker.php(605): Workerman\Worker::monitorWorkers()
#9 /workerman/server.php(143): Workerman\Worker::runAll()
#10 {main}
TypeError: Unsupported operand types: int + string in /workerman/server.php:76
Stack trace:
#0 /workerman/vendor/workerman/workerman/src/Connection/TcpConnection.php(792): {closure:/workerman/server.php:66}(Object(Workerman\Connection\TcpConnection), Object(Workerman\Protocols\Http\Request))
#1 [internal function]: Workerman\Connection\TcpConnection->baseRead(Resource id #9036, true, NULL)
#2 /workerman/vendor/workerman/workerman/src/Events/Event.php(250): EventBase->loop()
#3 /workerman/vendor/workerman/workerman/src/Worker.php(1758): Workerman\Events\Event->run()
#4 /workerman/vendor/workerman/workerman/src/Worker.php(1554): Workerman\Worker::forkOneWorkerForLinux(Object(Workerman\Worker))
#5 /workerman/vendor/workerman/workerman/src/Worker.php(1534): Workerman\Worker::forkWorkersForLinux()
#6 /workerman/vendor/workerman/workerman/src/Worker.php(1903): Workerman\Worker::forkWorkers()
#7 /workerman/vendor/workerman/workerman/src/Worker.php(1838): Workerman\Worker::monitorWorkersForLinux()
#8 /workerman/vendor/workerman/workerman/src/Worker.php(605): Workerman\Worker::monitorWorkers()
#9 /workerman/server.php(143): Workerman\Worker::runAll()
#10 {main}
worker[none:9004] exit with status 64000
worker[none:9005] exit with status 64000
worker[none:9006] exit with status 64000
TypeError: Unsupported operand types: int + string in /workerman/server.php:76
Stack trace:
#0 /workerman/vendor/workerman/workerman/src/Connection/TcpConnection.php(792): {closure:/workerman/server.php:66}(Object(Workerman\Connection\TcpConnection), Object(Workerman\Protocols\Http\Request))
#1 [internal function]: Workerman\Connection\TcpConnection->baseRead(Resource id #9035, true, NULL)
#2 /workerman/vendor/workerman/workerman/src/Events/Event.php(250): EventBase->loop()
#3 /workerman/vendor/workerman/workerman/src/Worker.php(1758): Workerman\Events\Event->run()
#4 /workerman/vendor/workerman/workerman/src/Worker.php(1554): Workerman\Worker::forkOneWorkerForLinux(Object(Workerman\Worker))
#5 /workerman/vendor/workerman/workerman/src/Worker.php(1534): Workerman\Worker::forkWorkersForLinux()
#6 /workerman/vendor/workerman/workerman/src/Worker.php(1903): Workerman\Worker::forkWorkers()
#7 /workerman/vendor/workerman/workerman/src/Worker.php(1838): Workerman\Worker::monitorWorkersForLinux()
#8 /workerman/vendor/workerman/workerman/src/Worker.php(605): Workerman\Worker::monitorWorkers()
#9 /workerman/server.php(143): Workerman\Worker::runAll()
#10 {main}
worker[none:9007] exit with status 64000
worker[none:9008] exit with status 64000
TypeError: Unsupported operand types: int + string in /workerman/server.php:76
Stack trace:
#0 /workerman/vendor/workerman/workerman/src/Connection/TcpConnection.php(792): {closure:/workerman/server.php:66}(Object(Workerman\Connection\TcpConnection), Object(Workerman\Protocols\Http\Request))
#1 [internal function]: Workerman\Connection\TcpConnection->baseRead(Resource id #9041, true, NULL)
#2 /workerman/vendor/workerman/workerman/src/Events/Event.php(250): EventBase->loop()
#3 /workerman/vendor/workerman/workerman/src/Worker.php(1758): Workerman\Events\Event->run()
#4 /workerman/vendor/workerman/workerman/src/Worker.php(1554): Workerman\Worker::forkOneWorkerForLinux(Object(Workerman\Worker))
#5 /workerman/vendor/workerman/workerman/src/Worker.php(1534): Workerman\Worker::forkWorkersForLinux()
#6 /workerman/vendor/workerman/workerman/src/Worker.php(1903): Workerman\Worker::forkWorkers()
#7 /workerman/vendor/workerman/workerman/src/Worker.php(1838): Workerman\Worker::monitorWorkersForLinux()
#8 /workerman/vendor/workerman/workerman/src/Worker.php(605): Workerman\Worker::monitorWorkers()
#9 /workerman/server.php(143): Workerman\Worker::runAll()
#10 {main}
worker[none:9009] exit with status 64000
TypeError: Unsupported operand types: int + string in /workerman/server.php:76
Stack trace:
#0 /workerman/vendor/workerman/workerman/src/Connection/TcpConnection.php(792): {closure:/workerman/server.php:66}(Object(Workerman\Connection\TcpConnection), Object(Workerman\Protocols\Http\Request))
#1 [internal function]: Workerman\Connection\TcpConnection->baseRead(Resource id #9054, true, NULL)
#2 /workerman/vendor/workerman/workerman/src/Events/Event.php(250): EventBase->loop()
#3 /workerman/vendor/workerman/workerman/src/Worker.php(1758): Workerman\Events\Event->run()
#4 /workerman/vendor/workerman/workerman/src/Worker.php(1554): Workerman\Worker::forkOneWorkerForLinux(Object(Workerman\Worker))
#5 /workerman/vendor/workerman/workerman/src/Worker.php(1534): Workerman\Worker::forkWorkersForLinux()
#6 /workerman/vendor/workerman/workerman/src/Worker.php(1903): Workerman\Worker::forkWorkers()
#7 /workerman/vendor/workerman/workerman/src/Worker.php(1838): Workerman\Worker::monitorWorkersForLinux()
#8 /workerman/vendor/workerman/workerman/src/Worker.php(605): Workerman\Worker::monitorWorkers()
#9 /workerman/server.php(143): Workerman\Worker::runAll()
#10 {main}
worker[none:9010] exit with status 64000
TypeError: Unsupported operand types: int + string in /workerman/server.php:76
Stack trace:
#0 /workerman/vendor/workerman/workerman/src/Connection/TcpConnection.php(792): {closure:/workerman/server.php:66}(Object(Workerman\Connection\TcpConnection), Object(Workerman\Protocols\Http\Request))
#1 [internal function]: Workerman\Connection\TcpConnection->baseRead(Resource id #9046, true, NULL)
#2 /workerman/vendor/workerman/workerman/src/Events/Event.php(250): EventBase->loop()
#3 /workerman/vendor/workerman/workerman/src/Worker.php(1758): Workerman\Events\Event->run()
#4 /workerman/vendor/workerman/workerman/src/Worker.php(1554): Workerman\Worker::forkOneWorkerForLinux(Object(Workerman\Worker))
#5 /workerman/vendor/workerman/workerman/src/Worker.php(1534): Workerman\Worker::forkWorkersForLinux()
#6 /workerman/vendor/workerman/workerman/src/Worker.php(1903): Workerman\Worker::forkWorkers()
#7 /workerman/vendor/workerman/workerman/src/Worker.php(1838): Workerman\Worker::monitorWorkersForLinux()
#8 /workerman/vendor/workerman/workerman/src/Worker.php(605): Workerman\Worker::monitorWorkers()
#9 /workerman/server.php(143): Workerman\Worker::runAll()
#10 {main}
TypeError: Unsupported operand types: int + string in /workerman/server.php:76
Stack trace:
#0 /workerman/vendor/workerman/workerman/src/Connection/TcpConnection.php(792): {closure:/workerman/server.php:66}(Object(Workerman\Connection\TcpConnection), Object(Workerman\Protocols\Http\Request))
#1 [internal function]: Workerman\Connection\TcpConnection->baseRead(Resource id #9048, true, NULL)
#2 /workerman/vendor/workerman/workerman/src/Events/Event.php(250): EventBase->loop()
#3 /workerman/vendor/workerman/workerman/src/Worker.php(1758): Workerman\Events\Event->run()
#4 /workerman/vendor/workerman/workerman/src/Worker.php(1554): Workerman\Worker::forkOneWorkerForLinux(Object(Workerman\Worker))
#5 /workerman/vendor/workerman/workerman/src/Worker.php(1534): Workerman\Worker::forkWorkersForLinux()
#6 /workerman/vendor/workerman/workerman/src/Worker.php(1903): Workerman\Worker::forkWorkers()
#7 /workerman/vendor/workerman/workerman/src/Worker.php(1838): Workerman\Worker::monitorWorkersForLinux()
#8 /workerman/vendor/workerman/workerman/src/Worker.php(605): Workerman\Worker::monitorWorkers()
#9 /workerman/server.php(143): Workerman\Worker::runAll()
#10 {main}
worker[none:9011] exit with status 64000
TypeError: Unsupported operand types: int + string in /workerman/server.php:76
Stack trace:
#0 /workerman/vendor/workerman/workerman/src/Connection/TcpConnection.php(792): {closure:/workerman/server.php:66}(Object(Workerman\Connection\TcpConnection), Object(Workerman\Protocols\Http\Request))
#1 [internal function]: Workerman\Connection\TcpConnection->baseRead(Resource id #9044, true, NULL)
#2 /workerman/vendor/workerman/workerman/src/Events/Event.php(250): EventBase->loop()
#3 /workerman/vendor/workerman/workerman/src/Worker.php(1758): Workerman\Events\Event->run()
#4 /workerman/vendor/workerman/workerman/src/Worker.php(1554): Workerman\Worker::forkOneWorkerForLinux(Object(Workerman\Worker))
#5 /workerman/vendor/workerman/workerman/src/Worker.php(1534): Workerman\Worker::forkWorkersForLinux()
#6 /workerman/vendor/workerman/workerman/src/Worker.php(1903): Workerman\Worker::forkWorkers()
#7 /workerman/vendor/workerman/workerman/src/Worker.php(1838): Workerman\Worker::monitorWorkersForLinux()
#8 /workerman/vendor/workerman/workerman/src/Worker.php(605): Workerman\Worker::monitorWorkers()
#9 /workerman/server.php(143): Workerman\Worker::runAll()
#10 {main}
TypeError: Unsupported operand types: int + string in /workerman/server.php:76
Stack trace:
#0 /workerman/vendor/workerman/workerman/src/Connection/TcpConnection.php(792): {closure:/workerman/server.php:66}(Object(Workerman\Connection\TcpConnection), Object(Workerman\Protocols\Http\Request))
#1 [internal function]: Workerman\Connection\TcpConnection->baseRead(Resource id #9041, true, NULL)
#2 /workerman/vendor/workerman/workerman/src/Events/Event.php(250): EventBase->loop()
#3 /workerman/vendor/workerman/workerman/src/Worker.php(1758): Workerman\Events\Event->run()
#4 /workerman/vendor/workerman/workerman/src/Worker.php(1554): Workerman\Worker::forkOneWorkerForLinux(Object(Workerman\Worker))
#5 /workerman/vendor/workerman/workerman/src/Worker.php(1534): Workerman\Worker::forkWorkersForLinux()
#6 /workerman/vendor/workerman/workerman/src/Worker.php(1903): Workerman\Worker::forkWorkers()
#7 /workerman/vendor/workerman/workerman/src/Worker.php(1838): Workerman\Worker::monitorWorkersForLinux()
#8 /workerman/vendor/workerman/workerman/src/Worker.php(605): Workerman\Worker::monitorWorkers()
#9 /workerman/server.php(143): Workerman\Worker::runAll()
#10 {main}
TypeError: Unsupported operand types: int + string in /workerman/server.php:76
Stack trace:
#0 /workerman/vendor/workerman/workerman/src/Connection/TcpConnection.php(792): {closure:/workerman/server.php:66}(Object(Workerman\Connection\TcpConnection), Object(Workerman\Protocols\Http\Request))
#1 [internal function]: Workerman\Connection\TcpConnection->baseRead(Resource id #9043, true, NULL)
#2 /workerman/vendor/workerman/workerman/src/Events/Event.php(250): EventBase->loop()
#3 /workerman/vendor/workerman/workerman/src/Worker.php(1758): Workerman\Events\Event->run()
#4 /workerman/vendor/workerman/workerman/src/Worker.php(1554): Workerman\Worker::forkOneWorkerForLinux(Object(Workerman\Worker))
#5 /workerman/vendor/workerman/workerman/src/Worker.php(1534): Workerman\Worker::forkWorkersForLinux()
#6 /workerman/vendor/workerman/workerman/src/Worker.php(1903): Workerman\Worker::forkWorkers()
#7 /workerman/vendor/workerman/workerman/src/Worker.php(1838): Workerman\Worker::monitorWorkersForLinux()
#8 /workerman/vendor/workerman/workerman/src/Worker.php(605): Workerman\Worker::monitorWorkers()
#9 /workerman/server.php(143): Workerman\Worker::runAll()
#10 {main}
worker[none:9012] exit with status 64000
TypeError: Unsupported operand types: int + string in /workerman/server.php:76
Stack trace:
#0 /workerman/vendor/workerman/workerman/src/Connection/TcpConnection.php(792): {closure:/workerman/server.php:66}(Object(Workerman\Connection\TcpConnection), Object(Workerman\Protocols\Http\Request))
#1 [internal function]: Workerman\Connection\TcpConnection->baseRead(Resource id #9040, true, NULL)
#2 /workerman/vendor/workerman/workerman/src/Events/Event.php(250): EventBase->loop()
#3 /workerman/vendor/workerman/workerman/src/Worker.php(1758): Workerman\Events\Event->run()
#4 /workerman/vendor/workerman/workerman/src/Worker.php(1554): Workerman\Worker::forkOneWorkerForLinux(Object(Workerman\Worker))
#5 /workerman/vendor/workerman/workerman/src/Worker.php(1534): Workerman\Worker::forkWorkersForLinux()
#6 /workerman/vendor/workerman/workerman/src/Worker.php(1903): Workerman\Worker::forkWorkers()
#7 /workerman/vendor/workerman/workerman/src/Worker.php(1838): Workerman\Worker::monitorWorkersForLinux()
#8 /workerman/vendor/workerman/workerman/src/Worker.php(605): Workerman\Worker::monitorWorkers()
#9 /workerman/server.php(143): Workerman\Worker::runAll()
#10 {main}
worker[none:9013] exit with status 64000
worker[none:9014] exit with status 64000
worker[none:9015] exit with status 64000
TypeError: Unsupported operand types: int + string in /workerman/server.php:76
Stack trace:
#0 /workerman/vendor/workerman/workerman/src/Connection/TcpConnection.php(792): {closure:/workerman/server.php:66}(Object(Workerman\Connection\TcpConnection), Object(Workerman\Protocols\Http\Request))
#1 [internal function]: Workerman\Connection\TcpConnection->baseRead(Resource id #9049, true, NULL)
#2 /workerman/vendor/workerman/workerman/src/Events/Event.php(250): EventBase->loop()
#3 /workerman/vendor/workerman/workerman/src/Worker.php(1758): Workerman\Events\Event->run()
#4 /workerman/vendor/workerman/workerman/src/Worker.php(1554): Workerman\Worker::forkOneWorkerForLinux(Object(Workerman\Worker))
#5 /workerman/vendor/workerman/workerman/src/Worker.php(1534): Workerman\Worker::forkWorkersForLinux()
#6 /workerman/vendor/workerman/workerman/src/Worker.php(1903): Workerman\Worker::forkWorkers()
#7 /workerman/vendor/workerman/workerman/src/Worker.php(1838): Workerman\Worker::monitorWorkersForLinux()
#8 /workerman/vendor/workerman/workerman/src/Worker.php(605): Workerman\Worker::monitorWorkers()
#9 /workerman/server.php(143): Workerman\Worker::runAll()
#10 {main}
worker[none:9016] exit with status 64000
TypeError: Unsupported operand types: int + string in /workerman/server.php:76
Stack trace:
#0 /workerman/vendor/workerman/workerman/src/Connection/TcpConnection.php(792): {closure:/workerman/server.php:66}(Object(Workerman\Connection\TcpConnection), Object(Workerman\Protocols\Http\Request))
#1 [internal function]: Workerman\Connection\TcpConnection->baseRead(Resource id #9050, true, NULL)
#2 /workerman/vendor/workerman/workerman/src/Events/Event.php(250): EventBase->loop()
#3 /workerman/vendor/workerman/workerman/src/Worker.php(1758): Workerman\Events\Event->run()
#4 /workerman/vendor/workerman/workerman/src/Worker.php(1554): Workerman\Worker::forkOneWorkerForLinux(Object(Workerman\Worker))
#5 /workerman/vendor/workerman/workerman/src/Worker.php(1534): Workerman\Worker::forkWorkersForLinux()
#6 /workerman/vendor/workerman/workerman/src/Worker.php(1903): Workerman\Worker::forkWorkers()
#7 /workerman/vendor/workerman/workerman/src/Worker.php(1838): Workerman\Worker::monitorWorkersForLinux()
#8 /workerman/vendor/workerman/workerman/src/Worker.php(605): Workerman\Worker::monitorWorkers()
#9 /workerman/server.php(143): Workerman\Worker::runAll()
#10 {main}
worker[none:9017] exit with status 64000
TypeError: Unsupported operand types: int + string in /workerman/server.php:76
Stack trace:
#0 /workerman/vendor/workerman/workerman/src/Connection/TcpConnection.php(792): {closure:/workerman/server.php:66}(Object(Workerman\Connection\TcpConnection), Object(Workerman\Protocols\Http\Request))
#1 [internal function]: Workerman\Connection\TcpConnection->baseRead(Resource id #9051, true, NULL)
#2 /workerman/vendor/workerman/workerman/src/Events/Event.php(250): EventBase->loop()
#3 /workerman/vendor/workerman/workerman/src/Worker.php(1758): Workerman\Events\Event->run()
#4 /workerman/vendor/workerman/workerman/src/Worker.php(1554): Workerman\Worker::forkOneWorkerForLinux(Object(Workerman\Worker))
#5 /workerman/vendor/workerman/workerman/src/Worker.php(1534): Workerman\Worker::forkWorkersForLinux()
#6 /workerman/vendor/workerman/workerman/src/Worker.php(1903): Workerman\Worker::forkWorkers()
#7 /workerman/vendor/workerman/workerman/src/Worker.php(1838): Workerman\Worker::monitorWorkersForLinux()
#8 /workerman/vendor/workerman/workerman/src/Worker.php(605): Workerman\Worker::monitorWorkers()
#9 /workerman/server.php(143): Workerman\Worker::runAll()
#10 {main}
worker[none:9018] exit with status 64000
TypeError: Unsupported operand types: int + string in /workerman/server.php:76
Stack trace:
#0 /workerman/vendor/workerman/workerman/src/Connection/TcpConnection.php(792): {closure:/workerman/server.php:66}(Object(Workerman\Connection\TcpConnection), Object(Workerman\Protocols\Http\Request))
#1 [internal function]: Workerman\Connection\TcpConnection->baseRead(Resource id #9067, true, NULL)
#2 /workerman/vendor/workerman/workerman/src/Events/Event.php(250): EventBase->loop()
#3 /workerman/vendor/workerman/workerman/src/Worker.php(1758): Workerman\Events\Event->run()
#4 /workerman/vendor/workerman/workerman/src/Worker.php(1554): Workerman\Worker::forkOneWorkerForLinux(Object(Workerman\Worker))
#5 /workerman/vendor/workerman/workerman/src/Worker.php(1534): Workerman\Worker::forkWorkersForLinux()
#6 /workerman/vendor/workerman/workerman/src/Worker.php(1903): Workerman\Worker::forkWorkers()
#7 /workerman/vendor/workerman/workerman/src/Worker.php(1838): Workerman\Worker::monitorWorkersForLinux()
#8 /workerman/vendor/workerman/workerman/src/Worker.php(605): Workerman\Worker::monitorWorkers()
#9 /workerman/server.php(143): Workerman\Worker::runAll()
#10 {main}
worker[none:9019] exit with status 64000
TypeError: Unsupported operand types: int + string in /workerman/server.php:76
Stack trace:
#0 /workerman/vendor/workerman/workerman/src/Connection/TcpConnection.php(792): {closure:/workerman/server.php:66}(Object(Workerman\Connection\TcpConnection), Object(Workerman\Protocols\Http\Request))
#1 [internal function]: Workerman\Connection\TcpConnection->baseRead(Resource id #9058, true, NULL)
#2 /workerman/vendor/workerman/workerman/src/Events/Event.php(250): EventBase->loop()
#3 /workerman/vendor/workerman/workerman/src/Worker.php(1758): Workerman\Events\Event->run()
#4 /workerman/vendor/workerman/workerman/src/Worker.php(1554): Workerman\Worker::forkOneWorkerForLinux(Object(Workerman\Worker))
#5 /workerman/vendor/workerman/workerman/src/Worker.php(1534): Workerman\Worker::forkWorkersForLinux()
#6 /workerman/vendor/workerman/workerman/src/Worker.php(1903): Workerman\Worker::forkWorkers()
#7 /workerman/vendor/workerman/workerman/src/Worker.php(1838): Workerman\Worker::monitorWorkersForLinux()
#8 /workerman/vendor/workerman/workerman/src/Worker.php(605): Workerman\Worker::monitorWorkers()
#9 /workerman/server.php(143): Workerman\Worker::runAll()
#10 {main}
worker[none:9020] exit with status 64000
TypeError: Unsupported operand types: int + string in /workerman/server.php:76
Stack trace:
#0 /workerman/vendor/workerman/workerman/src/Connection/TcpConnection.php(792): {closure:/workerman/server.php:66}(Object(Workerman\Connection\TcpConnection), Object(Workerman\Protocols\Http\Request))
#1 [internal function]: Workerman\Connection\TcpConnection->baseRead(Resource id #9047, true, NULL)
#2 /workerman/vendor/workerman/workerman/src/Events/Event.php(250): EventBase->loop()
#3 /workerman/vendor/workerman/workerman/src/Worker.php(1758): Workerman\Events\Event->run()
#4 /workerman/vendor/workerman/workerman/src/Worker.php(1554): Workerman\Worker::forkOneWorkerForLinux(Object(Workerman\Worker))
#5 /workerman/vendor/workerman/workerman/src/Worker.php(1534): Workerman\Worker::forkWorkersForLinux()
#6 /workerman/vendor/workerman/workerman/src/Worker.php(1903): Workerman\Worker::forkWorkers()
#7 /workerman/vendor/workerman/workerman/src/Worker.php(1838): Workerman\Worker::monitorWorkersForLinux()
#8 /workerman/vendor/workerman/workerman/src/Worker.php(605): Workerman\Worker::monitorWorkers()
#9 /workerman/server.php(143): Workerman\Worker::runAll()
#10 {main}
TypeError: Unsupported operand types: int + string in /workerman/server.php:76
Stack trace:
#0 /workerman/vendor/workerman/workerman/src/Connection/TcpConnection.php(792): {closure:/workerman/server.php:66}(Object(Workerman\Connection\TcpConnection), Object(Workerman\Protocols\Http\Request))
#1 [internal function]: Workerman\Connection\TcpConnection->baseRead(Resource id #9055, true, NULL)
#2 /workerman/vendor/workerman/workerman/src/Events/Event.php(250): EventBase->loop()
#3 /workerman/vendor/workerman/workerman/src/Worker.php(1758): Workerman\Events\Event->run()
#4 /workerman/vendor/workerman/workerman/src/Worker.php(1554): Workerman\Worker::forkOneWorkerForLinux(Object(Workerman\Worker))
#5 /workerman/vendor/workerman/workerman/src/Worker.php(1534): Workerman\Worker::forkWorkersForLinux()
#6 /workerman/vendor/workerman/workerman/src/Worker.php(1903): Workerman\Worker::forkWorkers()
#7 /workerman/vendor/workerman/workerman/src/Worker.php(1838): Workerman\Worker::monitorWorkersForLinux()
#8 /workerman/vendor/workerman/workerman/src/Worker.php(605): Workerman\Worker::monitorWorkers()
#9 /workerman/server.php(143): Workerman\Worker::runAll()
#10 {main}
worker[none:9021] exit with status 64000
worker[none:9022] exit with status 64000
TypeError: Unsupported operand types: int + string in /workerman/server.php:76
Stack trace:
#0 /workerman/vendor/workerman/workerman/src/Connection/TcpConnection.php(792): {closure:/workerman/server.php:66}(Object(Workerman\Connection\TcpConnection), Object(Workerman\Protocols\Http\Request))
#1 [internal function]: Workerman\Connection\TcpConnection->baseRead(Resource id #9050, true, NULL)
#2 /workerman/vendor/workerman/workerman/src/Events/Event.php(250): EventBase->loop()
#3 /workerman/vendor/workerman/workerman/src/Worker.php(1758): Workerman\Events\Event->run()
#4 /workerman/vendor/workerman/workerman/src/Worker.php(1554): Workerman\Worker::forkOneWorkerForLinux(Object(Workerman\Worker))
#5 /workerman/vendor/workerman/workerman/src/Worker.php(1534): Workerman\Worker::forkWorkersForLinux()
#6 /workerman/vendor/workerman/workerman/src/Worker.php(1903): Workerman\Worker::forkWorkers()
#7 /workerman/vendor/workerman/workerman/src/Worker.php(1838): Workerman\Worker::monitorWorkersForLinux()
#8 /workerman/vendor/workerman/workerman/src/Worker.php(605): Workerman\Worker::monitorWorkers()
#9 /workerman/server.php(143): Workerman\Worker::runAll()
#10 {main}
TypeError: Unsupported operand types: int + string in /workerman/server.php:76
Stack trace:
#0 /workerman/vendor/workerman/workerman/src/Connection/TcpConnection.php(792): {closure:/workerman/server.php:66}(Object(Workerman\Connection\TcpConnection), Object(Workerman\Protocols\Http\Request))
#1 [internal function]: Workerman\Connection\TcpConnection->baseRead(Resource id #9051, true, NULL)
#2 /workerman/vendor/workerman/workerman/src/Events/Event.php(250): EventBase->loop()
#3 /workerman/vendor/workerman/workerman/src/Worker.php(1758): Workerman\Events\Event->run()
#4 /workerman/vendor/workerman/workerman/src/Worker.php(1554): Workerman\Worker::forkOneWorkerForLinux(Object(Workerman\Worker))
#5 /workerman/vendor/workerman/workerman/src/Worker.php(1534): Workerman\Worker::forkWorkersForLinux()
#6 /workerman/vendor/workerman/workerman/src/Worker.php(1903): Workerman\Worker::forkWorkers()
#7 /workerman/vendor/workerman/workerman/src/Worker.php(1838): Workerman\Worker::monitorWorkersForLinux()
#8 /workerman/vendor/workerman/workerman/src/Worker.php(605): Workerman\Worker::monitorWorkers()
#9 /workerman/server.php(143): Workerman\Worker::runAll()
#10 {main}
worker[none:9023] exit with status 64000
worker[none:9024] exit with status 64000
TypeError: Unsupported operand types: int + string in /workerman/server.php:76
Stack trace:
#0 /workerman/vendor/workerman/workerman/src/Connection/TcpConnection.php(792): {closure:/workerman/server.php:66}(Object(Workerman\Connection\TcpConnection), Object(Workerman\Protocols\Http\Request))
#1 [internal function]: Workerman\Connection\TcpConnection->baseRead(Resource id #9061, true, NULL)
#2 /workerman/vendor/workerman/workerman/src/Events/Event.php(250): EventBase->loop()
#3 /workerman/vendor/workerman/workerman/src/Worker.php(1758): Workerman\Events\Event->run()
#4 /workerman/vendor/workerman/workerman/src/Worker.php(1554): Workerman\Worker::forkOneWorkerForLinux(Object(Workerman\Worker))
#5 /workerman/vendor/workerman/workerman/src/Worker.php(1534): Workerman\Worker::forkWorkersForLinux()
#6 /workerman/vendor/workerman/workerman/src/Worker.php(1903): Workerman\Worker::forkWorkers()
#7 /workerman/vendor/workerman/workerman/src/Worker.php(1838): Workerman\Worker::monitorWorkersForLinux()
#8 /workerman/vendor/workerman/workerman/src/Worker.php(605): Workerman\Worker::monitorWorkers()
#9 /workerman/server.php(143): Workerman\Worker::runAll()
#10 {main}
TypeError: Unsupported operand types: int + string in /workerman/server.php:76
Stack trace:
#0 /workerman/vendor/workerman/workerman/src/Connection/TcpConnection.php(792): {closure:/workerman/server.php:66}(Object(Workerman\Connection\TcpConnection), Object(Workerman\Protocols\Http\Request))
#1 [internal function]: Workerman\Connection\TcpConnection->baseRead(Resource id #9052, true, NULL)
#2 /workerman/vendor/workerman/workerman/src/Events/Event.php(250): EventBase->loop()
#3 /workerman/vendor/workerman/workerman/src/Worker.php(1758): Workerman\Events\Event->run()
#4 /workerman/vendor/workerman/workerman/src/Worker.php(1554): Workerman\Worker::forkOneWorkerForLinux(Object(Workerman\Worker))
#5 /workerman/vendor/workerman/workerman/src/Worker.php(1534): Workerman\Worker::forkWorkersForLinux()
#6 /workerman/vendor/workerman/workerman/src/Worker.php(1903): Workerman\Worker::forkWorkers()
#7 /workerman/vendor/workerman/workerman/src/Worker.php(1838): Workerman\Worker::monitorWorkersForLinux()
#8 /workerman/vendor/workerman/workerman/src/Worker.php(605): Workerman\Worker::monitorWorkers()
#9 /workerman/server.php(143): Workerman\Worker::runAll()
#10 {main}
worker[none:9025] exit with status 64000
worker[none:9026] exit with status 64000
TypeError: Unsupported operand types: int + string in /workerman/server.php:76
Stack trace:
#0 /workerman/vendor/workerman/workerman/src/Connection/TcpConnection.php(792): {closure:/workerman/server.php:66}(Object(Workerman\Connection\TcpConnection), Object(Workerman\Protocols\Http\Request))
#1 [internal function]: Workerman\Connection\TcpConnection->baseRead(Resource id #9056, true, NULL)
#2 /workerman/vendor/workerman/workerman/src/Events/Event.php(250): EventBase->loop()
#3 /workerman/vendor/workerman/workerman/src/Worker.php(1758): Workerman\Events\Event->run()
#4 /workerman/vendor/workerman/workerman/src/Worker.php(1554): Workerman\Worker::forkOneWorkerForLinux(Object(Workerman\Worker))
#5 /workerman/vendor/workerman/workerman/src/Worker.php(1534): Workerman\Worker::forkWorkersForLinux()
#6 /workerman/vendor/workerman/workerman/src/Worker.php(1903): Workerman\Worker::forkWorkers()
#7 /workerman/vendor/workerman/workerman/src/Worker.php(1838): Workerman\Worker::monitorWorkersForLinux()
#8 /workerman/vendor/workerman/workerman/src/Worker.php(605): Workerman\Worker::monitorWorkers()
#9 /workerman/server.php(143): Workerman\Worker::runAll()
#10 {main}
worker[none:9027] exit with status 64000
worker[none:9028] exit with status 64000
TypeError: Unsupported operand types: int + string in /workerman/server.php:76
Stack trace:
#0 /workerman/vendor/workerman/workerman/src/Connection/TcpConnection.php(792): {closure:/workerman/server.php:66}(Object(Workerman\Connection\TcpConnection), Object(Workerman\Protocols\Http\Request))
#1 [internal function]: Workerman\Connection\TcpConnection->baseRead(Resource id #9074, true, NULL)
#2 /workerman/vendor/workerman/workerman/src/Events/Event.php(250): EventBase->loop()
#3 /workerman/vendor/workerman/workerman/src/Worker.php(1758): Workerman\Events\Event->run()
#4 /workerman/vendor/workerman/workerman/src/Worker.php(1554): Workerman\Worker::forkOneWorkerForLinux(Object(Workerman\Worker))
#5 /workerman/vendor/workerman/workerman/src/Worker.php(1534): Workerman\Worker::forkWorkersForLinux()
#6 /workerman/vendor/workerman/workerman/src/Worker.php(1903): Workerman\Worker::forkWorkers()
#7 /workerman/vendor/workerman/workerman/src/Worker.php(1838): Workerman\Worker::monitorWorkersForLinux()
#8 /workerman/vendor/workerman/workerman/src/Worker.php(605): Workerman\Worker::monitorWorkers()
#9 /workerman/server.php(143): Workerman\Worker::runAll()
#10 {main}
TypeError: Unsupported operand types: int + string in /workerman/server.php:76
Stack trace:
#0 /workerman/vendor/workerman/workerman/src/Connection/TcpConnection.php(792): {closure:/workerman/server.php:66}(Object(Workerman\Connection\TcpConnection), Object(Workerman\Protocols\Http\Request))
#1 [internal function]: Workerman\Connection\TcpConnection->baseRead(Resource id #9067, true, NULL)
#2 /workerman/vendor/workerman/workerman/src/Events/Event.php(250): EventBase->loop()
#3 /workerman/vendor/workerman/workerman/src/Worker.php(1758): Workerman\Events\Event->run()
#4 /workerman/vendor/workerman/workerman/src/Worker.php(1554): Workerman\Worker::forkOneWorkerForLinux(Object(Workerman\Worker))
#5 /workerman/vendor/workerman/workerman/src/Worker.php(1534): Workerman\Worker::forkWorkersForLinux()
#6 /workerman/vendor/workerman/workerman/src/Worker.php(1903): Workerman\Worker::forkWorkers()
#7 /workerman/vendor/workerman/workerman/src/Worker.php(1838): Workerman\Worker::monitorWorkersForLinux()
#8 /workerman/vendor/workerman/workerman/src/Worker.php(605): Workerman\Worker::monitorWorkers()
#9 /workerman/server.php(143): Workerman\Worker::runAll()
#10 {main}
worker[none:9030] exit with status 64000
worker[none:9032] exit with status 64000
TypeError: Unsupported operand types: int + string in /workerman/server.php:76
Stack trace:
#0 /workerman/vendor/workerman/workerman/src/Connection/TcpConnection.php(792): {closure:/workerman/server.php:66}(Object(Workerman\Connection\TcpConnection), Object(Workerman\Protocols\Http\Request))
#1 [internal function]: Workerman\Connection\TcpConnection->baseRead(Resource id #9062, true, NULL)
#2 /workerman/vendor/workerman/workerman/src/Events/Event.php(250): EventBase->loop()
#3 /workerman/vendor/workerman/workerman/src/Worker.php(1758): Workerman\Events\Event->run()
#4 /workerman/vendor/workerman/workerman/src/Worker.php(1554): Workerman\Worker::forkOneWorkerForLinux(Object(Workerman\Worker))
#5 /workerman/vendor/workerman/workerman/src/Worker.php(1534): Workerman\Worker::forkWorkersForLinux()
#6 /workerman/vendor/workerman/workerman/src/Worker.php(1903): Workerman\Worker::forkWorkers()
#7 /workerman/vendor/workerman/workerman/src/Worker.php(1838): Workerman\Worker::monitorWorkersForLinux()
#8 /workerman/vendor/workerman/workerman/src/Worker.php(605): Workerman\Worker::monitorWorkers()
#9 /workerman/server.php(143): Workerman\Worker::runAll()
#10 {main}
worker[none:9033] exit with status 64000
TypeError: Unsupported operand types: int + string in /workerman/server.php:76
Stack trace:
#0 /workerman/vendor/workerman/workerman/src/Connection/TcpConnection.php(792): {closure:/workerman/server.php:66}(Object(Workerman\Connection\TcpConnection), Object(Workerman\Protocols\Http\Request))
#1 [internal function]: Workerman\Connection\TcpConnection->baseRead(Resource id #9059, true, NULL)
#2 /workerman/vendor/workerman/workerman/src/Events/Event.php(250): EventBase->loop()
#3 /workerman/vendor/workerman/workerman/src/Worker.php(1758): Workerman\Events\Event->run()
#4 /workerman/vendor/workerman/workerman/src/Worker.php(1554): Workerman\Worker::forkOneWorkerForLinux(Object(Workerman\Worker))
#5 /workerman/vendor/workerman/workerman/src/Worker.php(1534): Workerman\Worker::forkWorkersForLinux()
#6 /workerman/vendor/workerman/workerman/src/Worker.php(1903): Workerman\Worker::forkWorkers()
#7 /workerman/vendor/workerman/workerman/src/Worker.php(1838): Workerman\Worker::monitorWorkersForLinux()
#8 /workerman/vendor/workerman/workerman/src/Worker.php(605): Workerman\Worker::monitorWorkers()
#9 /workerman/server.php(143): Workerman\Worker::runAll()
#10 {main}
worker[none:9034] exit with status 64000
TypeError: Unsupported operand types: int + string in /workerman/server.php:76
Stack trace:
#0 /workerman/vendor/workerman/workerman/src/Connection/TcpConnection.php(792): {closure:/workerman/server.php:66}(Object(Workerman\Connection\TcpConnection), Object(Workerman\Protocols\Http\Request))
#1 [internal function]: Workerman\Connection\TcpConnection->baseRead(Resource id #9062, true, NULL)
#2 /workerman/vendor/workerman/workerman/src/Events/Event.php(250): EventBase->loop()
#3 /workerman/vendor/workerman/workerman/src/Worker.php(1758): Workerman\Events\Event->run()
#4 /workerman/vendor/workerman/workerman/src/Worker.php(1554): Workerman\Worker::forkOneWorkerForLinux(Object(Workerman\Worker))
#5 /workerman/vendor/workerman/workerman/src/Worker.php(1534): Workerman\Worker::forkWorkersForLinux()
#6 /workerman/vendor/workerman/workerman/src/Worker.php(1903): Workerman\Worker::forkWorkers()
#7 /workerman/vendor/workerman/workerman/src/Worker.php(1838): Workerman\Worker::monitorWorkersForLinux()
#8 /workerman/vendor/workerman/workerman/src/Worker.php(605): Workerman\Worker::monitorWorkers()
#9 /workerman/server.php(143): Workerman\Worker::runAll()
#10 {main}
worker[none:9035] exit with status 64000
TypeError: Unsupported operand types: int + string in /workerman/server.php:76
Stack trace:
#0 /workerman/vendor/workerman/workerman/src/Connection/TcpConnection.php(792): {closure:/workerman/server.php:66}(Object(Workerman\Connection\TcpConnection), Object(Workerman\Protocols\Http\Request))
#1 [internal function]: Workerman\Connection\TcpConnection->baseRead(Resource id #9069, true, NULL)
#2 /workerman/vendor/workerman/workerman/src/Events/Event.php(250): EventBase->loop()
#3 /workerman/vendor/workerman/workerman/src/Worker.php(1758): Workerman\Events\Event->run()
#4 /workerman/vendor/workerman/workerman/src/Worker.php(1554): Workerman\Worker::forkOneWorkerForLinux(Object(Workerman\Worker))
#5 /workerman/vendor/workerman/workerman/src/Worker.php(1534): Workerman\Worker::forkWorkersForLinux()
#6 /workerman/vendor/workerman/workerman/src/Worker.php(1903): Workerman\Worker::forkWorkers()
#7 /workerman/vendor/workerman/workerman/src/Worker.php(1838): Workerman\Worker::monitorWorkersForLinux()
#8 /workerman/vendor/workerman/workerman/src/Worker.php(605): Workerman\Worker::monitorWorkers()
#9 /workerman/server.php(143): Workerman\Worker::runAll()
#10 {main}
worker[none:9036] exit with status 64000
worker[none:9037] exit with status 64000
TypeError: Unsupported operand types: int + string in /workerman/server.php:76
Stack trace:
#0 /workerman/vendor/workerman/workerman/src/Connection/TcpConnection.php(792): {closure:/workerman/server.php:66}(Object(Workerman\Connection\TcpConnection), Object(Workerman\Protocols\Http\Request))
#1 [internal function]: Workerman\Connection\TcpConnection->baseRead(Resource id #9064, true, NULL)
#2 /workerman/vendor/workerman/workerman/src/Events/Event.php(250): EventBase->loop()
#3 /workerman/vendor/workerman/workerman/src/Worker.php(1758): Workerman\Events\Event->run()
#4 /workerman/vendor/workerman/workerman/src/Worker.php(1554): Workerman\Worker::forkOneWorkerForLinux(Object(Workerman\Worker))
#5 /workerman/vendor/workerman/workerman/src/Worker.php(1534): Workerman\Worker::forkWorkersForLinux()
#6 /workerman/vendor/workerman/workerman/src/Worker.php(1903): Workerman\Worker::forkWorkers()
#7 /workerman/vendor/workerman/workerman/src/Worker.php(1838): Workerman\Worker::monitorWorkersForLinux()
#8 /workerman/vendor/workerman/workerman/src/Worker.php(605): Workerman\Worker::monitorWorkers()
#9 /workerman/server.php(143): Workerman\Worker::runAll()
#10 {main}
TypeError: Unsupported operand types: int + string in /workerman/server.php:76
Stack trace:
#0 /workerman/vendor/workerman/workerman/src/Connection/TcpConnection.php(792): {closure:/workerman/server.php:66}(Object(Workerman\Connection\TcpConnection), Object(Workerman\Protocols\Http\Request))
#1 [internal function]: Workerman\Connection\TcpConnection->baseRead(Resource id #9077, true, NULL)
#2 /workerman/vendor/workerman/workerman/src/Events/Event.php(250): EventBase->loop()
#3 /workerman/vendor/workerman/workerman/src/Worker.php(1758): Workerman\Events\Event->run()
#4 /workerman/vendor/workerman/workerman/src/Worker.php(1554): Workerman\Worker::forkOneWorkerForLinux(Object(Workerman\Worker))
#5 /workerman/vendor/workerman/workerman/src/Worker.php(1534): Workerman\Worker::forkWorkersForLinux()
#6 /workerman/vendor/workerman/workerman/src/Worker.php(1903): Workerman\Worker::forkWorkers()
#7 /workerman/vendor/workerman/workerman/src/Worker.php(1838): Workerman\Worker::monitorWorkersForLinux()
#8 /workerman/vendor/workerman/workerman/src/Worker.php(605): Workerman\Worker::monitorWorkers()
#9 /workerman/server.php(143): Workerman\Worker::runAll()
#10 {main}
TypeError: Unsupported operand types: int + string in /workerman/server.php:76
Stack trace:
#0 /workerman/vendor/workerman/workerman/src/Connection/TcpConnection.php(792): {closure:/workerman/server.php:66}(Object(Workerman\Connection\TcpConnection), Object(Workerman\Protocols\Http\Request))
#1 [internal function]: Workerman\Connection\TcpConnection->baseRead(Resource id #9067, true, NULL)
#2 /workerman/vendor/workerman/workerman/src/Events/Event.php(250): EventBase->loop()
#3 /workerman/vendor/workerman/workerman/src/Worker.php(1758): Workerman\Events\Event->run()
#4 /workerman/vendor/workerman/workerman/src/Worker.php(1554): Workerman\Worker::forkOneWorkerForLinux(Object(Workerman\Worker))
#5 /workerman/vendor/workerman/workerman/src/Worker.php(1534): Workerman\Worker::forkWorkersForLinux()
#6 /workerman/vendor/workerman/workerman/src/Worker.php(1903): Workerman\Worker::forkWorkers()
#7 /workerman/vendor/workerman/workerman/src/Worker.php(1838): Workerman\Worker::monitorWorkersForLinux()
#8 /workerman/vendor/workerman/workerman/src/Worker.php(605): Workerman\Worker::monitorWorkers()
#9 /workerman/server.php(143): Workerman\Worker::runAll()
#10 {main}
TypeError: Unsupported operand types: int + string in /workerman/server.php:76
Stack trace:
#0 /workerman/vendor/workerman/workerman/src/Connection/TcpConnection.php(792): {closure:/workerman/server.php:66}(Object(Workerman\Connection\TcpConnection), Object(Workerman\Protocols\Http\Request))
#1 [internal function]: Workerman\Connection\TcpConnection->baseRead(Resource id #9065, true, NULL)
#2 /workerman/vendor/workerman/workerman/src/Events/Event.php(250): EventBase->loop()
#3 /workerman/vendor/workerman/workerman/src/Worker.php(1758): Workerman\Events\Event->run()
#4 /workerman/vendor/workerman/workerman/src/Worker.php(1554): Workerman\Worker::forkOneWorkerForLinux(Object(Workerman\Worker))
#5 /workerman/vendor/workerman/workerman/src/Worker.php(1534): Workerman\Worker::forkWorkersForLinux()
#6 /workerman/vendor/workerman/workerman/src/Worker.php(1903): Workerman\Worker::forkWorkers()
#7 /workerman/vendor/workerman/workerman/src/Worker.php(1838): Workerman\Worker::monitorWorkersForLinux()
#8 /workerman/vendor/workerman/workerman/src/Worker.php(605): Workerman\Worker::monitorWorkers()
#9 /workerman/server.php(143): Workerman\Worker::runAll()
#10 {main}
worker[none:9039] exit with status 64000
TypeError: Unsupported operand types: int + string in /workerman/server.php:76
Stack trace:
#0 /workerman/vendor/workerman/workerman/src/Connection/TcpConnection.php(792): {closure:/workerman/server.php:66}(Object(Workerman\Connection\TcpConnection), Object(Workerman\Protocols\Http\Request))
#1 [internal function]: Workerman\Connection\TcpConnection->baseRead(Resource id #9111, true, NULL)
#2 /workerman/vendor/workerman/workerman/src/Events/Event.php(250): EventBase->loop()
#3 /workerman/vendor/workerman/workerman/src/Worker.php(1758): Workerman\Events\Event->run()
#4 /workerman/vendor/workerman/workerman/src/Worker.php(1554): Workerman\Worker::forkOneWorkerForLinux(Object(Workerman\Worker))
#5 /workerman/vendor/workerman/workerman/src/Worker.php(1534): Workerman\Worker::forkWorkersForLinux()
#6 /workerman/vendor/workerman/workerman/src/Worker.php(1903): Workerman\Worker::forkWorkers()
#7 /workerman/vendor/workerman/workerman/src/Worker.php(1838): Workerman\Worker::monitorWorkersForLinux()
#8 /workerman/vendor/workerman/workerman/src/Worker.php(605): Workerman\Worker::monitorWorkers()
#9 /workerman/server.php(143): Workerman\Worker::runAll()
#10 {main}
worker[none:9040] exit with status 64000
TypeError: Unsupported operand types: int + string in /workerman/server.php:76
Stack trace:
#0 /workerman/vendor/workerman/workerman/src/Connection/TcpConnection.php(792): {closure:/workerman/server.php:66}(Object(Workerman\Connection\TcpConnection), Object(Workerman\Protocols\Http\Request))
#1 [internal function]: Workerman\Connection\TcpConnection->baseRead(Resource id #9066, true, NULL)
#2 /workerman/vendor/workerman/workerman/src/Events/Event.php(250): EventBase->loop()
#3 /workerman/vendor/workerman/workerman/src/Worker.php(1758): Workerman\Events\Event->run()
#4 /workerman/vendor/workerman/workerman/src/Worker.php(1554): Workerman\Worker::forkOneWorkerForLinux(Object(Workerman\Worker))
#5 /workerman/vendor/workerman/workerman/src/Worker.php(1534): Workerman\Worker::forkWorkersForLinux()
#6 /workerman/vendor/workerman/workerman/src/Worker.php(1903): Workerman\Worker::forkWorkers()
#7 /workerman/vendor/workerman/workerman/src/Worker.php(1838): Workerman\Worker::monitorWorkersForLinux()
#8 /workerman/vendor/workerman/workerman/src/Worker.php(605): Workerman\Worker::monitorWorkers()
#9 /workerman/server.php(143): Workerman\Worker::runAll()
#10 {main}
TypeError: Unsupported operand types: int + string in /workerman/server.php:76
Stack trace:
#0 /workerman/vendor/workerman/workerman/src/Connection/TcpConnection.php(792): {closure:/workerman/server.php:66}(Object(Workerman\Connection\TcpConnection), Object(Workerman\Protocols\Http\Request))
#1 [internal function]: Workerman\Connection\TcpConnection->baseRead(Resource id #9071, true, NULL)
#2 /workerman/vendor/workerman/workerman/src/Events/Event.php(250): EventBase->loop()
#3 /workerman/vendor/workerman/workerman/src/Worker.php(1758): Workerman\Events\Event->run()
#4 /workerman/vendor/workerman/workerman/src/Worker.php(1554): Workerman\Worker::forkOneWorkerForLinux(Object(Workerman\Worker))
#5 /workerman/vendor/workerman/workerman/src/Worker.php(1534): Workerman\Worker::forkWorkersForLinux()
#6 /workerman/vendor/workerman/workerman/src/Worker.php(1903): Workerman\Worker::forkWorkers()
#7 /workerman/vendor/workerman/workerman/src/Worker.php(1838): Workerman\Worker::monitorWorkersForLinux()
#8 /workerman/vendor/workerman/workerman/src/Worker.php(605): Workerman\Worker::monitorWorkers()
#9 /workerman/server.php(143): Workerman\Worker::runAll()
#10 {main}
worker[none:9042] exit with status 64000
TypeError: Unsupported operand types: int + string in /workerman/server.php:76
Stack trace:
#0 /workerman/vendor/workerman/workerman/src/Connection/TcpConnection.php(792): {closure:/workerman/server.php:66}(Object(Workerman\Connection\TcpConnection), Object(Workerman\Protocols\Http\Request))
#1 [internal function]: Workerman\Connection\TcpConnection->baseRead(Resource id #9085, true, NULL)
#2 /workerman/vendor/workerman/workerman/src/Events/Event.php(250): EventBase->loop()
#3 /workerman/vendor/workerman/workerman/src/Worker.php(1758): Workerman\Events\Event->run()
#4 /workerman/vendor/workerman/workerman/src/Worker.php(1554): Workerman\Worker::forkOneWorkerForLinux(Object(Workerman\Worker))
#5 /workerman/vendor/workerman/workerman/src/Worker.php(1534): Workerman\Worker::forkWorkersForLinux()
#6 /workerman/vendor/workerman/workerman/src/Worker.php(1903): Workerman\Worker::forkWorkers()
#7 /workerman/vendor/workerman/workerman/src/Worker.php(1838): Workerman\Worker::monitorWorkersForLinux()
#8 /workerman/vendor/workerman/workerman/src/Worker.php(605): Workerman\Worker::monitorWorkers()
#9 /workerman/server.php(143): Workerman\Worker::runAll()
#10 {main}
worker[none:9043] exit with status 64000
worker[none:9044] exit with status 64000
worker[none:9045] exit with status 64000
TypeError: Unsupported operand types: int + string in /workerman/server.php:76
Stack trace:
#0 /workerman/vendor/workerman/workerman/src/Connection/TcpConnection.php(792): {closure:/workerman/server.php:66}(Object(Workerman\Connection\TcpConnection), Object(Workerman\Protocols\Http\Request))
#1 [internal function]: Workerman\Connection\TcpConnection->baseRead(Resource id #9089, true, NULL)
#2 /workerman/vendor/workerman/workerman/src/Events/Event.php(250): EventBase->loop()
#3 /workerman/vendor/workerman/workerman/src/Worker.php(1758): Workerman\Events\Event->run()
#4 /workerman/vendor/workerman/workerman/src/Worker.php(1554): Workerman\Worker::forkOneWorkerForLinux(Object(Workerman\Worker))
#5 /workerman/vendor/workerman/workerman/src/Worker.php(1534): Workerman\Worker::forkWorkersForLinux()
#6 /workerman/vendor/workerman/workerman/src/Worker.php(1903): Workerman\Worker::forkWorkers()
#7 /workerman/vendor/workerman/workerman/src/Worker.php(1838): Workerman\Worker::monitorWorkersForLinux()
#8 /workerman/vendor/workerman/workerman/src/Worker.php(605): Workerman\Worker::monitorWorkers()
#9 /workerman/server.php(143): Workerman\Worker::runAll()
#10 {main}
TypeError: Unsupported operand types: int + string in /workerman/server.php:76
Stack trace:
#0 /workerman/vendor/workerman/workerman/src/Connection/TcpConnection.php(792): {closure:/workerman/server.php:66}(Object(Workerman\Connection\TcpConnection), Object(Workerman\Protocols\Http\Request))
#1 [internal function]: Workerman\Connection\TcpConnection->baseRead(Resource id #9070, true, NULL)
#2 /workerman/vendor/workerman/workerman/src/Events/Event.php(250): EventBase->loop()
#3 /workerman/vendor/workerman/workerman/src/Worker.php(1758): Workerman\Events\Event->run()
#4 /workerman/vendor/workerman/workerman/src/Worker.php(1554): Workerman\Worker::forkOneWorkerForLinux(Object(Workerman\Worker))
#5 /workerman/vendor/workerman/workerman/src/Worker.php(1534): Workerman\Worker::forkWorkersForLinux()
#6 /workerman/vendor/workerman/workerman/src/Worker.php(1903): Workerman\Worker::forkWorkers()
#7 /workerman/vendor/workerman/workerman/src/Worker.php(1838): Workerman\Worker::monitorWorkersForLinux()
#8 /workerman/vendor/workerman/workerman/src/Worker.php(605): Workerman\Worker::monitorWorkers()
#9 /workerman/server.php(143): Workerman\Worker::runAll()
#10 {main}
TypeError: Unsupported operand types: int + string in /workerman/server.php:76
Stack trace:
#0 /workerman/vendor/workerman/workerman/src/Connection/TcpConnection.php(792): {closure:/workerman/server.php:66}(Object(Workerman\Connection\TcpConnection), Object(Workerman\Protocols\Http\Request))
#1 [internal function]: Workerman\Connection\TcpConnection->baseRead(Resource id #9072, true, NULL)
#2 /workerman/vendor/workerman/workerman/src/Events/Event.php(250): EventBase->loop()
#3 /workerman/vendor/workerman/workerman/src/Worker.php(1758): Workerman\Events\Event->run()
#4 /workerman/vendor/workerman/workerman/src/Worker.php(1554): Workerman\Worker::forkOneWorkerForLinux(Object(Workerman\Worker))
#5 /workerman/vendor/workerman/workerman/src/Worker.php(1534): Workerman\Worker::forkWorkersForLinux()
#6 /workerman/vendor/workerman/workerman/src/Worker.php(1903): Workerman\Worker::forkWorkers()
#7 /workerman/vendor/workerman/workerman/src/Worker.php(1838): Workerman\Worker::monitorWorkersForLinux()
#8 /workerman/vendor/workerman/workerman/src/Worker.php(605): Workerman\Worker::monitorWorkers()
#9 /workerman/server.php(143): Workerman\Worker::runAll()
#10 {main}
worker[none:9046] exit with status 64000
worker[none:9047] exit with status 64000
TypeError: Unsupported operand types: int + string in /workerman/server.php:76
Stack trace:
#0 /workerman/vendor/workerman/workerman/src/Connection/TcpConnection.php(792): {closure:/workerman/server.php:66}(Object(Workerman\Connection\TcpConnection), Object(Workerman\Protocols\Http\Request))
#1 [internal function]: Workerman\Connection\TcpConnection->baseRead(Resource id #9093, true, NULL)
#2 /workerman/vendor/workerman/workerman/src/Events/Event.php(250): EventBase->loop()
#3 /workerman/vendor/workerman/workerman/src/Worker.php(1758): Workerman\Events\Event->run()
#4 /workerman/vendor/workerman/workerman/src/Worker.php(1554): Workerman\Worker::forkOneWorkerForLinux(Object(Workerman\Worker))
#5 /workerman/vendor/workerman/workerman/src/Worker.php(1534): Workerman\Worker::forkWorkersForLinux()
#6 /workerman/vendor/workerman/workerman/src/Worker.php(1903): Workerman\Worker::forkWorkers()
#7 /workerman/vendor/workerman/workerman/src/Worker.php(1838): Workerman\Worker::monitorWorkersForLinux()
#8 /workerman/vendor/workerman/workerman/src/Worker.php(605): Workerman\Worker::monitorWorkers()
#9 /workerman/server.php(143): Workerman\Worker::runAll()
#10 {main}
worker[none:9048] exit with status 64000
worker[none:9049] exit with status 64000
worker[none:9050] exit with status 64000
worker[none:9051] exit with status 64000
worker[none:9052] exit with status 64000
worker[none:9053] exit with status 64000
worker[none:9054] exit with status 64000
worker[none:9055] exit with status 64000
worker[none:9056] exit with status 64000
worker[none:9057] exit with status 64000
worker[none:9058] exit with status 64000
worker[none:9059] exit with status 64000
worker[none:9060] exit with status 64000
worker[none:9061] exit with status 64000
worker[none:9062] exit with status 64000
worker[none:9063] exit with status 64000
worker[none:9064] exit with status 64000
worker[none:9065] exit with status 64000
worker[none:9066] exit with status 64000
worker[none:9067] exit with status 64000
worker[none:9068] exit with status 64000
worker[none:9069] exit with status 64000
worker[none:9070] exit with status 64000
worker[none:9071] exit with status 64000
worker[none:9072] exit with status 64000
worker[none:9073] exit with status 64000
worker[none:9074] exit with status 64000
worker[none:9075] exit with status 64000
worker[none:9076] exit with status 64000
worker[none:9077] exit with status 64000
worker[none:9078] exit with status 64000
worker[none:9079] exit with status 64000
worker[none:9080] exit with status 64000
worker[none:9081] exit with status 64000
worker[none:9082] exit with status 64000
worker[none:9083] exit with status 64000
worker[none:9084] exit with status 64000
worker[none:9085] exit with status 64000
worker[none:9086] exit with status 64000
worker[none:9087] exit with status 64000
worker[none:9088] exit with status 64000
worker[none:9089] exit with status 64000
worker[none:8992] exit with status 64000
worker[none:9090] exit with status 64000
worker[none:9091] exit with status 64000
worker[none:9092] exit with status 64000
worker[none:9093] exit with status 64000
worker[none:9094] exit with status 64000
worker[none:9095] exit with status 64000
worker[none:9096] exit with status 64000
worker[none:9029] exit with status 64000
worker[none:9031] exit with status 64000
worker[none:9038] exit with status 64000
worker[none:9041] exit with status 64000
